Third Party ID,First Name,Last Name,Category,RegistrationStatus,Barcode,Company,Country,Email,Job Title,Nr. of check-ins,organisationType,Company (Custom Field),Country (Custom Field),createdOnsite,First Name (Custom Field),Job Title (Custom Field),Last Name (Custom Field),nationality,State,tags,website,FielddriveID,Attended,Confirmed/No show
zphqcq8ugxa76,Scott,Suzuki,VC & Private Equity,Attended,v6d931mb74l3n,Sequoia Capital,US,scott.suzuki@sequoiacap.com,General Partner,4,VC & Private Equity,Sequoia Capital,US,,Scott,General Partner,Suzuki,United States,,,www.sequoiacap.com,8084148,0,0
15xp894lb2vix,Aisha,Cooper,AI & Data,Attended,vq7mwe9ifp9gi,Weaviate,NL,aisha.cooper@weaviate.io,Senior Data Scientist,2,AI & Data,Weaviate,NL,,Aisha,Senior Data Scientist,Cooper,Netherlands,,,www.weaviate.io,8860768,0,0
7fdzl5l3v7724,Rachel,Morris,Enterprise Software,Attended,vny8nz33vxe66,Microsoft,US,rachel.morris@microsoft.com,VP of Sales,4,Enterprise Software,Microsoft,US,,Rachel,VP of Sales,Morris,United States,,,www.microsoft.com,7148409,0,0
vho8mdllj0o7w,Philippe,Park,Enterprise Software,Attended,vxivwdd742dau,HubSpot,US,philippe.park@hubspot.com,Senior Product Manager,3,Enterprise Software,HubSpot,US,,Philippe,Senior Product Manager,Park,United States,,,www.hubspot.com,7653416,0,0
m75f4bmx2zfop,Charles,Patel,Cloud & Infrastructure,Attended,vrb36o2gvn2t2,Fastly,US,charles.patel@fastly.com,DevOps Engineer,3,Cloud & Infrastructure,Fastly,US,,Charles,DevOps Engineer,Patel,United States,,,www.fastly.com,7714688,0,0
tlvaeuuwb5spf,Miguel,Hidayat,Speaker,Attended,vfcla17qqf4p9,ETH Zurich,CH,miguel.hidayat@ethz.ch,Professor of Computer Science,3,Speaker,ETH Zurich,CH,,Miguel,Professor of Computer Science,Hidayat,Switzerland,,Speaker,www.ethz.ch,8283766,0,0
mfe6v5nidd9n3,Daniel,Choi,Dev Tools & Platforms,No show,v4o6piby33hu5,GitHub,US,daniel.choi@github.com,Platform Product Manager,0,Dev Tools & Platforms,GitHub,US,,Daniel,Platform Product Manager,Choi,United States,,,www.github.com,7654325,0,0
px8xfi2a2nktt,Benjamin,Iyer,Cybersecurity,No show,v7mux7dp4tvc0,CyberArk,IL,benjamin.iyer@cyberark.com,CISO,0,Cybersecurity,CyberArk,IL,,Benjamin,CISO,Iyer,Israel,,,www.cyberark.com,8205556,0,0
n6s1giguc3gt0,Ethan,Brown,Dev Tools & Platforms,Attended,vkoaxzx9slsv2,Twilio,US,ethan.brown@twilio.com,Senior Developer Advocate,3,Dev Tools & Platforms,Twilio,US,,Ethan,Senior Developer Advocate,Brown,United States,,,www.twilio.com,8243273,0,0
srl21mvewpihs,John,Han,Hardware & Semiconductors,Attended,vcxcnc4951aba,Intel,US,john.han@intel.com,Engineering Manager,3,Hardware & Semiconductors,Intel,US,,John,Engineering Manager,Han,United States,,,www.intel.com,8369192,0,0
zq7xbh5ju3ue4,Swati,Okonkwo,IT Consulting & SI,Attended,v6neoazuvitay,Capgemini,FR,swati.okonkwo@capgemini.com,Associate Director,3,IT Consulting & SI,Capgemini,FR,,Swati,Associate Director,Okonkwo,France,,,www.capgemini.com,7903821,0,0
cwqdb50w5254s,Nomsa,Bailey,Cybersecurity,Attended,v3o9bo3phj071,Qualys,US,nomsa.bailey@qualys.com,Threat Intelligence Analyst,4,Cybersecurity,Qualys,US,,Nomsa,Threat Intelligence Analyst,Bailey,United States,,,www.qualys.com,7137643,0,0
6e0n2iqaw7y7p,Christopher,Adeyemi,Hardware & Semiconductors,Attended,vhmpcg6amkcni,Graphcore,GB,christopher.adeyemi@graphcore.ai,AI Hardware Architect,3,Hardware & Semiconductors,Graphcore,GB,,Christopher,AI Hardware Architect,Adeyemi,United Kingdom,,,www.graphcore.ai,7583352,0,0
4tb76gin1xwxb,Scott,Gupta,Cybersecurity,Attended,vnzbvh1khpy81,Tenable,US,scott.gupta@tenable.com,Senior Security Engineer,3,Cybersecurity,Tenable,US,,Scott,Senior Security Engineer,Gupta,United States,,,www.tenable.com,7303247,0,0
26t8syuiqq6wa,Bo,Hall,Enterprise Software,Attended,v62mcztzr4v4p,SAP,DE,bo.hall@sap.com,VP of Product,3,Enterprise Software,SAP,DE,,Bo,VP of Product,Hall,Germany,,,www.sap.com,7352347,0,0
bw6pqzsgtzflw,Ethan,Silva,Dev Tools & Platforms,Attended,vw582e09lg3u5,Retool,US,ethan.silva@retool.com,Community Manager,2,Dev Tools & Platforms,Retool,US,,Ethan,Community Manager,Silva,United States,,,www.retool.com,8122203,0,0
t6d5n9lik94zl,Greta,Song,IT Consulting & SI,Attended,vvfjds8yv7862,Thoughtworks,US,greta.song@thoughtworks.com,Technology Consultant,4,IT Consulting & SI,Thoughtworks,US,,Greta,Technology Consultant,Song,United States,,,www.thoughtworks.com,7212762,0,0
20y0zmj7npjo0,Arjun,Liu,IT Consulting & SI,Attended,vn2dczbi0oii7,Accenture,IE,arjun.liu@accenture.com,Associate Director,3,IT Consulting & SI,Accenture,IE,,Arjun,Associate Director,Liu,Ireland,,,www.accenture.com,8740492,0,0
5lkfsyv2hm1h9,Jean,Lin,Enterprise Software,Attended,vxvokajdl93hl,Atlassian,AU,jean.lin@atlassian.com,Chief Technology Officer,4,Enterprise Software,Atlassian,AU,,Jean,Chief Technology Officer,Lin,Australia,,,www.atlassian.com,7397708,0,0
71s9622o2k3up,Jean,Ng,Enterprise Software,Attended,vekcb5e0fnvdh,Workday,US,jean.ng@workday.com,Senior Product Manager,2,Enterprise Software,Workday,US,,Jean,Senior Product Manager,Ng,United States,,,www.workday.com,8559791,0,0
xsqh9ug0pc7hz,Akiko,Richardson,Staff,Attended,vn540wsp0aj77,TechForward Organising Committee,SG,akiko.richardson@techforwardsummit.com,Event Operations Manager,3,Staff,TechForward Organising Committee,SG,,Akiko,Event Operations Manager,Richardson,Singapore,,,www.techforwardsummit.com,8237680,0,0
7dryhl423dva4,Andrea,Ho,Dev Tools & Platforms,Attended,v9x0f3dlenv6k,GitHub,US,andrea.ho@github.com,Staff Software Engineer,4,Dev Tools & Platforms,GitHub,US,,Andrea,Staff Software Engineer,Ho,United States,,,www.github.com,8638483,0,0
dvocro1155qkw,Frank,Torres,AI & Data,Attended,vp2yjoj2zt08j,Palantir Technologies,US,frank.torres@palantir.com,Data Engineer,2,AI & Data,Palantir Technologies,US,,Frank,Data Engineer,Torres,United States,,,www.palantir.com,8361457,0,0
zd7hehvd5a7f9,Andrea,Santoso,Cloud & Infrastructure,Attended,vcmh8hpbt7gpr,Render,US,andrea.santoso@render.com,Head of Developer Relations,4,Cloud & Infrastructure,Render,US,,Andrea,Head of Developer Relations,Santoso,United States,,,www.render.com,7553013,0,0
rt3dltd24b4hf,Zhen,Abdullah,Enterprise Software,Attended,vakgppg9i2vkc,Oracle,US,zhen.abdullah@oracle.com,"Account Executive, Enterprise",3,Enterprise Software,Oracle,US,,Zhen,"Account Executive, Enterprise",Abdullah,United States,,,www.oracle.com,8931867,0,0
l7yelo5ogjh7g,Naomi,Campbell,Cloud & Infrastructure,Attended,v160wr0mirno6,HashiCorp,US,naomi.campbell@hashicorp.com,Cloud Architect,3,Cloud & Infrastructure,HashiCorp,US,,Naomi,Cloud Architect,Campbell,United States,,,www.hashicorp.com,8535407,0,0
4mr98yong7fgr,Jeffrey,Larsen,IT Consulting & SI,Attended,voqtii3prfhro,HCL Technologies,IN,jeffrey.larsen@hcltech.com,Director of Technology,1,IT Consulting & SI,HCL Technologies,IN,,Jeffrey,Director of Technology,Larsen,India,,,www.hcltech.com,8134276,0,0
rfmtnwstkwq1m,Thomas,Cao,Cybersecurity,Attended,vvkznugq7qvr7,CyberArk,IL,thomas.cao@cyberark.com,Senior Security Engineer,3,Cybersecurity,CyberArk,IL,,Thomas,Senior Security Engineer,Cao,Israel,,,www.cyberark.com,7242156,0,0
r3xe7v7zq2kj8,Daiki,Silva,Enterprise Software,Attended,vyjr06f37yh2e,Salesforce,US,daiki.silva@salesforce.com,Staff Software Engineer,3,Enterprise Software,Salesforce,US,,Daiki,Staff Software Engineer,Silva,United States,,,www.salesforce.com,8264560,0,0
v9l29ldvvoc7p,Hiroshi,Zeng,Cybersecurity,Attended,v2f96cxb9vrd7,Zscaler,US,hiroshi.zeng@zscaler.com,Security Sales Engineer,3,Cybersecurity,Zscaler,US,,Hiroshi,Security Sales Engineer,Zeng,United States,,,www.zscaler.com,7726371,0,0
aibdxhtf29u8u,Dennis,Agarwal,Enterprise Software,Attended,vrivwuqqea0s3,Intuit,US,dennis.agarwal@intuit.com,Chief Technology Officer,3,Enterprise Software,Intuit,US,,Dennis,Chief Technology Officer,Agarwal,United States,,,www.intuit.com,8695447,0,0
u4nyd5wf9bsty,Sofia,Chatterjee,IT Consulting & SI,No show,v01p15bl3bsb9,HCL Technologies,IN,sofia.chatterjee@hcltech.com,Managing Consultant,0,IT Consulting & SI,HCL Technologies,IN,,Sofia,Managing Consultant,Chatterjee,India,,,www.hcltech.com,7548659,0,0
lgvfiu0if4094,Nora,Wee,AI & Data,Attended,v80gp5tv2xszh,NVIDIA,US,nora.wee@nvidia.com,Head of Data Science,3,AI & Data,NVIDIA,US,,Nora,Head of Data Science,Wee,United States,,,www.nvidia.com,7690144,0,0
vsa3x3k9iy7nv,Hao,Roberts,AI & Data,Attended,vm0gnaysjf3fv,Cohere,CA,hao.roberts@cohere.com,Applied Research Scientist,3,AI & Data,Cohere,CA,,Hao,Applied Research Scientist,Roberts,Canada,,,www.cohere.com,8215446,0,0
c9j2smnp574j9,Maria,Guo,Cybersecurity,Attended,v26swhibz3k0c,Palo Alto Networks,US,maria.guo@paloaltonetworks.com,Security Consultant,4,Cybersecurity,Palo Alto Networks,US,,Maria,Security Consultant,Guo,United States,,,www.paloaltonetworks.com,7484105,0,0
dyd3uifdlrx92,Paul,Iyer,Cloud & Infrastructure,Attended,v34xdkxilexxy,Amazon Web Services,US,paul.iyer@aws.amazon.com,Platform Engineer,3,Cloud & Infrastructure,Amazon Web Services,US,,Paul,Platform Engineer,Iyer,United States,,,www.aws.amazon.com,8140772,0,0
njukft1f1bt6h,Timothy,Ito,VC & Private Equity,Attended,vh8zqbuf45ntu,Andreessen Horowitz,US,timothy.ito@a16z.com,Partner,3,VC & Private Equity,Andreessen Horowitz,US,,Timothy,Partner,Ito,United States,,,www.a16z.com,8065213,0,0
779rt3un1mfyi,Sung,Flores,IT Consulting & SI,Attended,vul07wyydf4y1,TCS,IN,sung.flores@tcs.com,Senior Technology Consultant,1,IT Consulting & SI,TCS,IN,,Sung,Senior Technology Consultant,Flores,India,,,www.tcs.com,8878449,0,0
4mnfens98ghc9,Fatimah,Loh,Cybersecurity,Attended,v329p6x7z26er,Zscaler,US,fatimah.loh@zscaler.com,Security Architect,3,Cybersecurity,Zscaler,US,,Fatimah,Security Architect,Loh,United States,,,www.zscaler.com,8089568,0,0
ueajm8xbatwzg,Jean,Gao,Enterprise Software,Attended,v1fyuhqnwzb9l,Microsoft,US,jean.gao@microsoft.com,Customer Success Manager,3,Enterprise Software,Microsoft,US,,Jean,Customer Success Manager,Gao,United States,,,www.microsoft.com,7087861,0,0
k998fofw1g4yr,Adam,Lim,Staff,Attended,v066ntmx5grqb,FieldDrive Events,BE,adam.lim@fielddrive.com,Event Operations Manager,3,Staff,FieldDrive Events,BE,,Adam,Event Operations Manager,Lim,Belgium,,,www.fielddrive.com,7389395,0,0
7wttgngwr0o9t,Yusuf,Deng,Cloud & Infrastructure,No show,vy917vofhj9d9,Amazon Web Services,US,yusuf.deng@aws.amazon.com,Head of Developer Relations,0,Cloud & Infrastructure,Amazon Web Services,US,,Yusuf,Head of Developer Relations,Deng,United States,,,www.aws.amazon.com,8708563,0,0
ldewsvsh4ejsh,Jing,Tan,IT Consulting & SI,Attended,vk0fy6e98ifmy,Deloitte Technology,US,jing.tan@deloitte.com,Director of Technology,2,IT Consulting & SI,Deloitte Technology,US,,Jing,Director of Technology,Tan,United States,,,www.deloitte.com,8910506,0,0
junr3bxho8syb,Hong,Huang,IT Consulting & SI,Attended,vns3yms6ai1tt,Accenture,IE,hong.huang@accenture.com,Managing Consultant,2,IT Consulting & SI,Accenture,IE,,Hong,Managing Consultant,Huang,Ireland,,,www.accenture.com,8083993,0,0
hd8kl6t6rxdgn,Sipho,Peterson,Cloud & Infrastructure,Attended,vriahj8nk1gbr,Elastic,NL,sipho.peterson@elastic.co,Senior Site Reliability Engineer,3,Cloud & Infrastructure,Elastic,NL,,Sipho,Senior Site Reliability Engineer,Peterson,Netherlands,,,www.elastic.co,8642726,0,0
au5s843u73z8e,Melissa,Park,IT Consulting & SI,Attended,vztmbaod52sjy,Wipro,IN,melissa.park@wipro.com,Technology Consultant,4,IT Consulting & SI,Wipro,IN,,Melissa,Technology Consultant,Park,India,,,www.wipro.com,7896030,0,0
zq7q5xcb7esqk,Amit,Nielsen,VC & Private Equity,No show,vp7a8wzjwlnm5,Tiger Global,US,amit.nielsen@tigerglobal.com,Venture Associate,0,VC & Private Equity,Tiger Global,US,,Amit,Venture Associate,Nielsen,United States,,,www.tigerglobal.com,7832580,0,0
xulacd9jymgkl,Akiko,Jones,Cybersecurity,Attended,vcwsevwnm7ko3,Okta,US,akiko.jones@okta.com,Head of Information Security,3,Cybersecurity,Okta,US,,Akiko,Head of Information Security,Jones,United States,,,www.okta.com,8107433,0,0
90gnvygiav590,Rohit,White,Enterprise Software,Attended,vmzenk5z3gm5c,Box,US,rohit.white@box.com,Staff Software Engineer,2,Enterprise Software,Box,US,,Rohit,Staff Software Engineer,White,United States,,,www.box.com,7173391,0,0
2zgnb3u5l1gsm,Daniel,Malhotra,IT Consulting & SI,Attended,vx74xutz7jcpu,Accenture,IE,daniel.malhotra@accenture.com,Senior Technology Consultant,2,IT Consulting & SI,Accenture,IE,,Daniel,Senior Technology Consultant,Malhotra,Ireland,,,www.accenture.com,7488547,0,0
bm0k5zxx0ux8y,Patricia,Rodriguez,Cloud & Infrastructure,Attended,va0w03bkfd47l,Google Cloud,US,patricia.rodriguez@cloud.google.com,Staff Infrastructure Engineer,2,Cloud & Infrastructure,Google Cloud,US,,Patricia,Staff Infrastructure Engineer,Rodriguez,United States,,,www.cloud.google.com,8332696,0,0
2wcy445azd30m,Sarah,Nair,Cybersecurity,Attended,v4efs17cso2hb,Rapid7,US,sarah.nair@rapid7.com,VP of Security,3,Cybersecurity,Rapid7,US,,Sarah,VP of Security,Nair,United States,,,www.rapid7.com,8540196,0,0
rchx8x7fscnjh,Marie,Banerjee,Media/Press,Attended,va6dzbyhsob5n,MIT Technology Review,US,marie.banerjee@technologyreview.com,Tech Reporter,2,Media/Press,MIT Technology Review,US,,Marie,Tech Reporter,Banerjee,United States,,,www.technologyreview.com,8691527,0,0
gfikcsdu3pjtc,Barbara,Ho,Dev Tools & Platforms,Attended,vs5qx82511vs0,Sentry,US,barbara.ho@sentry.io,Developer Advocate,2,Dev Tools & Platforms,Sentry,US,,Barbara,Developer Advocate,Ho,United States,,,www.sentry.io,8944725,0,0
0h6ip6c9nsj37,Haruto,Nielsen,VC & Private Equity,Attended,vpx9cw2lmegs7,Lightspeed Venture Partners,US,haruto.nielsen@lsvp.com,Partner,3,VC & Private Equity,Lightspeed Venture Partners,US,,Haruto,Partner,Nielsen,United States,,,www.lsvp.com,7055540,0,0
4mxu8nihjupev,Ying,Ong,VC & Private Equity,Attended,vmy2en6zg8kpx,Tiger Global,US,ying.ong@tigerglobal.com,Venture Associate,3,VC & Private Equity,Tiger Global,US,,Ying,Venture Associate,Ong,United States,,,www.tigerglobal.com,8485896,0,0
3mzgh4a9zj1pv,Ren,Parker,Enterprise Software,Attended,vpyh75ezm5c2w,Microsoft,US,ren.parker@microsoft.com,Principal Product Manager,3,Enterprise Software,Microsoft,US,,Ren,Principal Product Manager,Parker,United States,,,www.microsoft.com,8423894,0,0
jpub9mpgdgmle,Hyun,Tran,AI & Data,Attended,vqwsoqx5g94zu,Pinecone,US,hyun.tran@pinecone.io,Senior Data Scientist,4,AI & Data,Pinecone,US,,Hyun,Senior Data Scientist,Tran,United States,,,www.pinecone.io,8487061,0,0
v9p79zwnmwvlp,Amit,Rossi,Enterprise Software,Attended,v1cxeqf1ezjlm,Microsoft,US,amit.rossi@microsoft.com,Director of Engineering,3,Enterprise Software,Microsoft,US,,Amit,Director of Engineering,Rossi,United States,,,www.microsoft.com,7474622,0,0
ngnlnhahsmlp4,Yuki,Xu,Hardware & Semiconductors,Attended,v5cdgvxza0cr8,AMD,US,yuki.xu@amd.com,Director of Engineering,3,Hardware & Semiconductors,AMD,US,,Yuki,Director of Engineering,Xu,United States,,,www.amd.com,8688039,0,0
negj5qc0ue2mh,Franz,Wee,Staff,Attended,vopqh5lkrl8se,FieldDrive Events,BE,franz.wee@fielddrive.com,Technical Support Specialist,3,Staff,FieldDrive Events,BE,,Franz,Technical Support Specialist,Wee,Belgium,,,www.fielddrive.com,8672774,0,0
4497ysltdnqd9,Emma,Miller,VC & Private Equity,Attended,vpqr9pe6c4zdb,Sequoia Capital,US,emma.miller@sequoiacap.com,Principal,4,VC & Private Equity,Sequoia Capital,US,,Emma,Principal,Miller,United States,,,www.sequoiacap.com,7040790,0,0
7srdfx9y5edew,Frank,Turner,Cybersecurity,Attended,v1qrz2v6nyc3g,Palo Alto Networks,US,frank.turner@paloaltonetworks.com,Director of Cybersecurity,3,Cybersecurity,Palo Alto Networks,US,,Frank,Director of Cybersecurity,Turner,United States,,,www.paloaltonetworks.com,8472368,0,0
r668so4vrot1b,Divya,Perez,Enterprise Software,Attended,vgddzhxeohdvh,Freshworks,IN,divya.perez@freshworks.com,Director of Engineering,3,Enterprise Software,Freshworks,IN,,Divya,Director of Engineering,Perez,India,,,www.freshworks.com,8617690,0,0
x3o4tzco9xep5,Ngozi,Mitchell,Staff,Attended,v8h0hui0bxxow,TechForward Organising Committee,SG,ngozi.mitchell@techforwardsummit.com,Registration & Badging Lead,4,Staff,TechForward Organising Committee,SG,,Ngozi,Registration & Badging Lead,Mitchell,Singapore,,,www.techforwardsummit.com,8241282,0,0
rmepsv6txjn6y,Pranav,Shah,IT Consulting & SI,Attended,v830x7q3vqjdd,Deloitte Technology,US,pranav.shah@deloitte.com,"Solution Architect, Digital",4,IT Consulting & SI,Deloitte Technology,US,,Pranav,"Solution Architect, Digital",Shah,United States,,,www.deloitte.com,8476901,0,0
jalmb2w17jh2t,Oliver,Petit,IT Consulting & SI,Attended,vwlljue0ru90s,Capgemini,FR,oliver.petit@capgemini.com,Associate Director,3,IT Consulting & SI,Capgemini,FR,,Oliver,Associate Director,Petit,France,,,www.capgemini.com,8425521,0,0
ad1exti3twaom,Anita,Hansen,Hardware & Semiconductors,Attended,vkj15cq5udfg1,Intel,US,anita.hansen@intel.com,Senior Chip Design Engineer,3,Hardware & Semiconductors,Intel,US,,Anita,Senior Chip Design Engineer,Hansen,United States,,,www.intel.com,7310967,0,0
fvwuy6njyptn6,Ping,Sanchez,Cloud & Infrastructure,Attended,vv4jen6zeeto2,Google Cloud,US,ping.sanchez@cloud.google.com,Senior Site Reliability Engineer,3,Cloud & Infrastructure,Google Cloud,US,,Ping,Senior Site Reliability Engineer,Sanchez,United States,,,www.cloud.google.com,8731121,0,0
8fg9wkritidoi,Liang,Gupta,Dev Tools & Platforms,Attended,vmn12a6wsnaeg,LaunchDarkly,US,liang.gupta@launchdarkly.com,Staff Software Engineer,3,Dev Tools & Platforms,LaunchDarkly,US,,Liang,Staff Software Engineer,Gupta,United States,,,www.launchdarkly.com,7716257,0,0
3dqumg1p8ahwl,Tao,Wright,AI & Data,Attended,vdv63yd6o8dcr,Weights & Biases,US,tao.wright@wandb.ai,Head of Data Science,3,AI & Data,Weights & Biases,US,,Tao,Head of Data Science,Wright,United States,,,www.wandb.ai,7380068,0,0
udflpsgy7i957,Pranav,Cao,AI & Data,Attended,vmph9fe36epce,Scale AI,US,pranav.cao@scale.com,ML Solutions Architect,1,AI & Data,Scale AI,US,,Pranav,ML Solutions Architect,Cao,United States,,,www.scale.com,7547474,0,0
rx0zeor8kshk4,Pranav,Asante,Enterprise Software,Attended,vrqsflqs2i1br,Zendesk,US,pranav.asante@zendesk.com,Principal Product Manager,3,Enterprise Software,Zendesk,US,,Pranav,Principal Product Manager,Asante,United States,,,www.zendesk.com,8688972,0,0
4li8zsfh42fdh,Christopher,Iyer,Enterprise Software,No show,vxs51hfbsz91n,Zendesk,US,christopher.iyer@zendesk.com,Engineering Manager,0,Enterprise Software,Zendesk,US,,Christopher,Engineering Manager,Iyer,United States,,,www.zendesk.com,7477236,0,0
nj6edx1w7pk1w,Angela,Cook,IT Consulting & SI,Attended,v68vj8seb2iaa,TCS,IN,angela.cook@tcs.com,Director of Technology,3,IT Consulting & SI,TCS,IN,,Angela,Director of Technology,Cook,India,,,www.tcs.com,7653706,0,0
sxuvyga6xb51s,Fazilah,Tan,AI & Data,Attended,v28pug8lvswyx,Weaviate,NL,fazilah.tan@weaviate.io,Principal ML Engineer,3,AI & Data,Weaviate,NL,,Fazilah,Principal ML Engineer,Tan,Netherlands,,,www.weaviate.io,7064816,0,0
v7zehy7r567fc,Dennis,Suzuki,Dev Tools & Platforms,No show,vp48p6l5ywcgd,Twilio,US,dennis.suzuki@twilio.com,Platform Product Manager,0,Dev Tools & Platforms,Twilio,US,,Dennis,Platform Product Manager,Suzuki,United States,,,www.twilio.com,7088715,0,0
z2zfj4dzv22kf,Jae-Won,Hu,IT Consulting & SI,Attended,vfjtcja48tphg,Infosys,IN,jaewon.hu@infosys.com,Managing Consultant,1,IT Consulting & SI,Infosys,IN,,Jae-Won,Managing Consultant,Hu,India,,,www.infosys.com,8229158,0,0
u0st71tn1ylpk,Ying,Foo,Dev Tools & Platforms,Attended,vt0cyxh2nvsax,Sentry,US,ying.foo@sentry.io,Senior Developer Advocate,3,Dev Tools & Platforms,Sentry,US,,Ying,Senior Developer Advocate,Foo,United States,,,www.sentry.io,7357907,0,0
hj5zg3280vwui,Yusuf,Brown,Cloud & Infrastructure,Attended,vh1zravof34rn,MongoDB,US,yusuf.brown@mongodb.com,Head of Developer Relations,4,Cloud & Infrastructure,MongoDB,US,,Yusuf,Head of Developer Relations,Brown,United States,,,www.mongodb.com,8900997,0,0
s26kva65i5fgp,Michelle,Martinez,Cloud & Infrastructure,Attended,vh5gctqhivep1,Google Cloud,US,michelle.martinez@cloud.google.com,DevOps Engineer,1,Cloud & Infrastructure,Google Cloud,US,,Michelle,DevOps Engineer,Martinez,United States,,,www.cloud.google.com,8119224,0,0
3vopwc3qsmxjj,Kento,Romano,IT Consulting & SI,Attended,vdq1cpfchmeqv,NTT Data,JP,kento.romano@nttdata.com,Technology Consultant,3,IT Consulting & SI,NTT Data,JP,,Kento,Technology Consultant,Romano,Japan,,,www.nttdata.com,8546830,0,0
c1oph944kxsca,Fatimah,Teo,Enterprise Software,Attended,vef0w8m8g5dm1,Intuit,US,fatimah.teo@intuit.com,Senior Solutions Engineer,3,Enterprise Software,Intuit,US,,Fatimah,Senior Solutions Engineer,Teo,United States,,,www.intuit.com,8210709,0,0
vzsr87r9hn42k,Rebecca,Chua,IT Consulting & SI,No show,v39gy7ml1fbpo,Slalom,US,rebecca.chua@slalom.com,Cloud Migration Specialist,0,IT Consulting & SI,Slalom,US,,Rebecca,Cloud Migration Specialist,Chua,United States,,,www.slalom.com,8192616,0,0
rxjdd7o41r9u6,Peter,Silva,Cloud & Infrastructure,Attended,v8dh0hx6z8w7n,Confluent,US,peter.silva@confluent.io,Staff Infrastructure Engineer,1,Cloud & Infrastructure,Confluent,US,,Peter,Staff Infrastructure Engineer,Silva,United States,,,www.confluent.io,7763041,0,0
pmk5ildijvw88,Carmen,Anderson,IT Consulting & SI,Attended,vnwknf0wpfwkr,Cognizant,US,carmen.anderson@cognizant.com,Technology Consultant,3,IT Consulting & SI,Cognizant,US,,Carmen,Technology Consultant,Anderson,United States,,,www.cognizant.com,8525501,0,0
wm5qmi3py2yla,Edward,Schmidt,Cloud & Infrastructure,Attended,vmvgh90lp1eiw,Amazon Web Services,US,edward.schmidt@aws.amazon.com,DevOps Engineer,3,Cloud & Infrastructure,Amazon Web Services,US,,Edward,DevOps Engineer,Schmidt,United States,,,www.aws.amazon.com,7698691,0,0
luabwhn8kdhje,Henrik,Harris,Enterprise Software,Attended,vdindyzlbp8eg,Atlassian,AU,henrik.harris@atlassian.com,VP of Sales,2,Enterprise Software,Atlassian,AU,,Henrik,VP of Sales,Harris,Australia,,,www.atlassian.com,7398211,0,0
wp1862mr9w4v4,Nicholas,Garcia,Cybersecurity,Attended,vpsv8js1pkpl1,SentinelOne,US,nicholas.garcia@sentinelone.com,VP of Security,3,Cybersecurity,SentinelOne,US,,Nicholas,VP of Security,Garcia,United States,,,www.sentinelone.com,7983921,0,0
481d2pr4p6bpb,Sota,Li,Dev Tools & Platforms,Attended,v8zf234n36fts,Temporal,US,sota.li@temporal.io,Platform Product Manager,2,Dev Tools & Platforms,Temporal,US,,Sota,Platform Product Manager,Li,United States,,,www.temporal.io,8007025,0,0
zbtk3ms0tps7k,Edward,Fischer,IT Consulting & SI,Attended,vqz1yqmblmswb,McKinsey Digital,US,edward.fischer@mckinsey.com,Cloud Migration Specialist,2,IT Consulting & SI,McKinsey Digital,US,,Edward,Cloud Migration Specialist,Fischer,United States,,,www.mckinsey.com,8901282,0,0
jt2hjqvit8xpk,Judith,Ito,IT Consulting & SI,Attended,vdcp2hn4paop6,Deloitte Technology,US,judith.ito@deloitte.com,Associate Director,2,IT Consulting & SI,Deloitte Technology,US,,Judith,Associate Director,Ito,United States,,,www.deloitte.com,8520140,0,0
xv7qap108b1j8,Sung,Xu,Cloud & Infrastructure,Attended,vcibwq6fodnim,Datadog,US,sung.xu@datadoghq.com,DevOps Engineer,4,Cloud & Infrastructure,Datadog,US,,Sung,DevOps Engineer,Xu,United States,,,www.datadoghq.com,8277429,0,0
dtuxi3khmh50g,Ethan,Li,VC & Private Equity,Attended,vk5czczmz00kg,Insight Partners,US,ethan.li@insightpartners.com,Partner,2,VC & Private Equity,Insight Partners,US,,Ethan,Partner,Li,United States,,,www.insightpartners.com,8197303,0,0
y3ibdycibb0tv,Yuto,Hidayat,Hardware & Semiconductors,Attended,vve4jjh1x8jxc,Marvell Technology,US,yuto.hidayat@marvell.com,Chief Technology Officer,2,Hardware & Semiconductors,Marvell Technology,US,,Yuto,Chief Technology Officer,Hidayat,United States,,,www.marvell.com,8249778,0,0
0xdkqzu3ct96e,Hiroshi,Abdullah,Enterprise Software,Attended,v9ss7dc6jaeo2,Atlassian,AU,hiroshi.abdullah@atlassian.com,Solutions Architect,2,Enterprise Software,Atlassian,AU,,Hiroshi,Solutions Architect,Abdullah,Australia,,,www.atlassian.com,7930412,0,0
icho8hmr1rs12,Melissa,Dlamini,AI & Data,Attended,vr5dp5pe1yf03,Palantir Technologies,US,melissa.dlamini@palantir.com,Head of Data Science,3,AI & Data,Palantir Technologies,US,,Melissa,Head of Data Science,Dlamini,United States,,,www.palantir.com,7150423,0,0
z24e4hwy3ohvv,Dennis,Zeng,Enterprise Software,Attended,vaszxskubh0y8,Microsoft,US,dennis.zeng@microsoft.com,Principal Product Manager,3,Enterprise Software,Microsoft,US,,Dennis,Principal Product Manager,Zeng,United States,,,www.microsoft.com,7649192,0,0
wvf6rolvm6h1x,Rebecca,Kapoor,VC & Private Equity,Attended,vmpkcdyujmj7o,Lightspeed Venture Partners,US,rebecca.kapoor@lsvp.com,Venture Associate,3,VC & Private Equity,Lightspeed Venture Partners,US,,Rebecca,Venture Associate,Kapoor,United States,,,www.lsvp.com,7668764,0,0
ga6rpki9to9hb,Rohit,Tang,Enterprise Software,No show,v0jeosv00jk7l,ServiceNow,US,rohit.tang@servicenow.com,Head of Growth,0,Enterprise Software,ServiceNow,US,,Rohit,Head of Growth,Tang,United States,,,www.servicenow.com,7914046,0,0
375jf82h97h7a,Ibrahim,Bose,VC & Private Equity,No show,vj9q42g24abyq,Bessemer Venture Partners,US,ibrahim.bose@bvp.com,Principal,0,VC & Private Equity,Bessemer Venture Partners,US,,Ibrahim,Principal,Bose,United States,,,www.bvp.com,8201650,0,0
m7f2sb1xona1e,Babatunde,Esposito,IT Consulting & SI,Attended,v6yhsro0m1aih,Wipro,IN,babatunde.esposito@wipro.com,Managing Consultant,2,IT Consulting & SI,Wipro,IN,,Babatunde,Managing Consultant,Esposito,India,,,www.wipro.com,7217438,0,0
bws35g9zovzt3,Sarah,Pereira,IT Consulting & SI,Attended,vaj36jj04ej7z,IBM Consulting,US,sarah.pereira@ibm.com,Associate Director,3,IT Consulting & SI,IBM Consulting,US,,Sarah,Associate Director,Pereira,United States,,,www.ibm.com,8898334,0,0
yzebndsl3begj,Chloe,Baker,Cloud & Infrastructure,Attended,v35jd48eegey5,Datadog,US,chloe.baker@fastly.com,Senior Site Reliability Engineer,3,Cloud & Infrastructure,Datadog,US,,Chloe,Senior Site Reliability Engineer,Baker,United States,,,www.datadoghq.com,7889204,0,0
bn2x32vv8mqq8,Brian,Stewart,Cloud & Infrastructure,Attended,vn8077xavler8,Cloudflare,US,brian.stewart@cloudflare.com,Platform Engineer,3,Cloud & Infrastructure,Cloudflare,US,,Brian,Platform Engineer,Stewart,United States,,,www.cloudflare.com,8489540,0,0
ucaih0z1euwez,Peter,Sun,IT Consulting & SI,Attended,vl5se9rlgdj7w,HCL Technologies,IN,peter.sun@hcltech.com,Technology Consultant,3,IT Consulting & SI,HCL Technologies,IN,,Peter,Technology Consultant,Sun,India,,,www.hcltech.com,8336901,0,0
p73a14x784m15,Stephanie,Dey,Enterprise Software,Attended,vce6nns3gl9qs,Microsoft,US,stephanie.dey@microsoft.com,VP of Engineering,4,Enterprise Software,Microsoft,US,,Stephanie,VP of Engineering,Dey,United States,,,www.microsoft.com,7597983,0,0
8f6n321qa1dwm,Ahmad,Han,Cloud & Infrastructure,Attended,vejketiw375zu,Amazon Web Services,US,ahmad.han@aws.amazon.com,Cloud Architect,1,Cloud & Infrastructure,Amazon Web Services,US,,Ahmad,Cloud Architect,Han,United States,,,www.aws.amazon.com,7198487,0,0
avus05nqkdn92,Lisa,Kim,Hardware & Semiconductors,Attended,vggkat8xdve0d,Arm Holdings,GB,lisa.kim@arm.com,Principal VLSI Engineer,3,Hardware & Semiconductors,Arm Holdings,GB,,Lisa,Principal VLSI Engineer,Kim,United Kingdom,,,www.arm.com,8144288,0,0
7s9d8f10bn1yl,Meera,Kobayashi,IT Consulting & SI,Attended,v9unlxyq1jny6,KPMG Advisory,NL,meera.kobayashi@kpmg.com,Technology Consultant,3,IT Consulting & SI,KPMG Advisory,NL,,Meera,Technology Consultant,Kobayashi,Netherlands,,,www.kpmg.com,8871322,0,0
2dbr5z4brmr68,Liam,Ho,Dev Tools & Platforms,Attended,v9qghxpq4voef,JFrog,US,liam.ho@jfrog.com,Senior Developer Advocate,4,Dev Tools & Platforms,JFrog,US,,Liam,Senior Developer Advocate,Ho,United States,,,www.jfrog.com,8023551,0,0
m3gajskxc0csf,Henrik,Foo,AI & Data,Attended,vhs1gqedswxty,DataRobot,US,henrik.foo@datarobot.com,Head of Data Science,1,AI & Data,DataRobot,US,,Henrik,Head of Data Science,Foo,United States,,,www.datarobot.com,8843831,0,0
h0o5iae83vsqe,Naomi,Larsen,VC & Private Equity,Attended,vj7o82h3rxndd,Accel,US,naomi.larsen@accel.com,Venture Associate,4,VC & Private Equity,Accel,US,,Naomi,Venture Associate,Larsen,United States,,,www.accel.com,8592618,0,0
s3tzuej2037vd,Hassan,Morgan,Enterprise Software,Attended,vg5rkhbhmykax,Oracle,US,hassan.morgan@oracle.com,VP of Engineering,1,Enterprise Software,Oracle,US,,Hassan,VP of Engineering,Morgan,United States,,,www.oracle.com,7444542,0,0
0i2hq9854kyxc,Angela,Watanabe,Enterprise Software,Attended,ve6q7xvt5322o,Freshworks,IN,angela.watanabe@freshworks.com,Senior Product Manager,3,Enterprise Software,Freshworks,IN,,Angela,Senior Product Manager,Watanabe,India,,,www.freshworks.com,7070258,0,0
0amek6kkxkjjm,Na,Dlamini,Enterprise Software,Attended,vfikbm92ix2n9,monday.com,IL,na.dlamini@monday.com,Solutions Architect,3,Enterprise Software,monday.com,IL,,Na,Solutions Architect,Dlamini,Israel,,,www.monday.com,8758803,0,0
k4kj1mnmhcbeo,Hui,Fischer,Dev Tools & Platforms,No show,vpuzl7rqcs8gn,MuleSoft,US,hui.fischer@mulesoft.com,Senior Developer Advocate,0,Dev Tools & Platforms,MuleSoft,US,,Hui,Senior Developer Advocate,Fischer,United States,,,www.mulesoft.com,7550900,0,0
zcukplpmv3gpa,Margaret,Hassan,IT Consulting & SI,Attended,vtp7c9phcf4wg,Infosys,IN,margaret.hassan@infosys.com,Technology Consultant,3,IT Consulting & SI,Infosys,IN,,Margaret,Technology Consultant,Hassan,India,,,www.infosys.com,8543499,0,0
ki0b5djakcqad,Dewi,Schulz,Enterprise Software,Attended,vc13vu0bi7n7p,Oracle,US,dewi.schulz@oracle.com,Chief Technology Officer,1,Enterprise Software,Oracle,US,,Dewi,Chief Technology Officer,Schulz,United States,,,www.oracle.com,7882107,0,0
boofpeouc4c25,Hassan,Cheng,Cybersecurity,Attended,vswg623j737xr,Zscaler,US,hassan.cheng@crowdstrike.com,CISO,2,Cybersecurity,Zscaler,US,,Hassan,CISO,Cheng,United States,,,www.zscaler.com,7573689,0,0
08t5qxgywno4c,Hassan,Parker,Enterprise Software,Attended,va5cszjwfxw48,Intuit,US,hassan.parker@intuit.com,Senior Product Manager,2,Enterprise Software,Intuit,US,,Hassan,Senior Product Manager,Parker,United States,,,www.intuit.com,8988191,0,0
e854mfuyhtpmw,Zhen,Dlamini,Dev Tools & Platforms,Attended,v9mgqp8xt9gw5,PagerDuty,US,zhen.dlamini@pagerduty.com,Platform Product Manager,3,Dev Tools & Platforms,PagerDuty,US,,Zhen,Platform Product Manager,Dlamini,United States,,,www.pagerduty.com,7883656,0,0
cvbcilzt4qfgx,Nurul,Kato,AI & Data,Attended,vrfu7s7s3t6l8,Weights & Biases,US,nurul.kato@wandb.ai,Principal ML Engineer,3,AI & Data,Weights & Biases,US,,Nurul,Principal ML Engineer,Kato,United States,,,www.wandb.ai,7685335,0,0
1c3r52x37b97u,Jacob,Yap,Cybersecurity,Attended,vacciowcs26zt,Rapid7,US,jacob.yap@rapid7.com,Director of Cybersecurity,3,Cybersecurity,Rapid7,US,,Jacob,Director of Cybersecurity,Yap,United States,,,www.rapid7.com,7092780,0,0
560p7fexmcjf6,Edward,Zhang,Cloud & Infrastructure,Attended,v4znf3zf5zsn8,HashiCorp,US,edward.zhang@hashicorp.com,Senior Site Reliability Engineer,4,Cloud & Infrastructure,HashiCorp,US,,Edward,Senior Site Reliability Engineer,Zhang,United States,,,www.hashicorp.com,8130224,0,0
8g9p6d5jadfy0,Jessica,Weber,IT Consulting & SI,Attended,v56z99enfie99,Wipro,IN,jessica.weber@wipro.com,Senior Technology Consultant,3,IT Consulting & SI,Wipro,IN,,Jessica,Senior Technology Consultant,Weber,India,,,www.wipro.com,8591887,0,0
1kjr46mhrl06a,Sung,Clarke,AI & Data,Attended,vjs6ft3cbz2dl,Palantir Technologies,US,sung.clarke@palantir.com,AI/ML Platform Lead,4,AI & Data,Palantir Technologies,US,,Sung,AI/ML Platform Lead,Clarke,United States,,,www.palantir.com,8999653,0,0
iv62puv0t0a50,Lars,Yang,Enterprise Software,Attended,vltte7w4asfc7,Oracle,US,lars.yang@oracle.com,"Account Executive, Enterprise",3,Enterprise Software,Oracle,US,,Lars,"Account Executive, Enterprise",Yang,United States,,,www.oracle.com,8144235,0,0
95h07suu5adnx,Ana,Scott,Hardware & Semiconductors,Attended,v0n3yjvugbv6v,Groq,US,ana.scott@groq.com,Director of Engineering,2,Hardware & Semiconductors,Groq,US,,Ana,Director of Engineering,Scott,United States,,,www.groq.com,8208309,0,0
y2o6s7cmd2g5a,Marie,Zhu,Enterprise Software,Attended,vats0x7xk2lqq,Salesforce,US,marie.zhu@salesforce.com,Engineering Manager,3,Enterprise Software,Salesforce,US,,Marie,Engineering Manager,Zhu,United States,,,www.salesforce.com,7165237,0,0
d2idc3j0bhqhm,Ahmed,Oliveira,Cloud & Infrastructure,Attended,vo2695cfh5iqu,Snowflake,US,ahmed.oliveira@snowflake.com,DevOps Engineer,2,Cloud & Infrastructure,Snowflake,US,,Ahmed,DevOps Engineer,Oliveira,United States,,,www.snowflake.com,8642413,0,0
trz34rwtxbnxn,Pranav,Allen,AI & Data,No show,vb4xtm4rn5hog,Scale AI,US,pranav.allen@scale.com,ML Solutions Architect,0,AI & Data,Scale AI,US,,Pranav,ML Solutions Architect,Allen,United States,,,www.scale.com,7179573,0,0
9nniwj7d3ycjx,Arun,Martin,Dev Tools & Platforms,No show,vqhzje9651js7,Twilio,US,arun.martin@twilio.com,Head of Developer Relations,0,Dev Tools & Platforms,Twilio,US,,Arun,Head of Developer Relations,Martin,United States,,,www.twilio.com,7214772,0,0
2g0v02t3bm6pe,Ngozi,Pandey,Cybersecurity,No show,v3xhtlsx2bw54,CrowdStrike,US,ngozi.pandey@crowdstrike.com,Senior Security Engineer,0,Cybersecurity,CrowdStrike,US,,Ngozi,Senior Security Engineer,Pandey,United States,,,www.crowdstrike.com,7961603,0,0
lw00n25a6q8mg,Andrew,Andersen,Enterprise Software,Attended,vlj9e6ib204zg,ServiceNow,US,andrew.andersen@servicenow.com,"Account Executive, Enterprise",2,Enterprise Software,ServiceNow,US,,Andrew,"Account Executive, Enterprise",Andersen,United States,,,www.servicenow.com,7076829,0,0
irtt73pac7w43,Christine,Gray,Enterprise Software,No show,v8771vbtx8dwf,ServiceNow,US,christine.gray@servicenow.com,"Account Executive, Enterprise",0,Enterprise Software,ServiceNow,US,,Christine,"Account Executive, Enterprise",Gray,United States,,,www.servicenow.com,7824240,0,0
sqfiv87ysus9p,Sunita,Arora,Staff,Attended,vmfs99bktpyhj,FieldDrive Events,BE,sunita.arora@fielddrive.com,Registration & Badging Lead,4,Staff,FieldDrive Events,BE,,Sunita,Registration & Badging Lead,Arora,Belgium,,,www.fielddrive.com,8902241,0,0
7v2tvoo1uapia,Abena,Weber,Media/Press,Attended,vr88d41yi34if,Protocol,US,abena.weber@protocol.com,Contributing Writer,3,Media/Press,Protocol,US,,Abena,Contributing Writer,Weber,United States,,,www.protocol.com,7933390,0,0
8m0z5gs9k00ue,Jessica,Schmidt,AI & Data,Attended,v7u71m6arepra,Pinecone,US,jessica.schmidt@pinecone.io,ML Solutions Architect,3,AI & Data,Pinecone,US,,Jessica,ML Solutions Architect,Schmidt,United States,,,www.pinecone.io,7775687,0,0
vf5hwda7wcrh9,Ali,Ferreira,IT Consulting & SI,Attended,vlq6cyyozross,IBM Consulting,US,ali.ferreira@ibm.com,"Solution Architect, Digital",2,IT Consulting & SI,IBM Consulting,US,,Ali,"Solution Architect, Digital",Ferreira,United States,,,www.ibm.com,7986197,0,0
dczt8si6hkfoj,Philip,Cook,Enterprise Software,Attended,vj31dr3ndy8ih,Zendesk,US,philip.cook@zendesk.com,Engineering Manager,3,Enterprise Software,Zendesk,US,,Philip,Engineering Manager,Cook,United States,,,www.zendesk.com,8978120,0,0
5dwdt62ingw2m,Meera,Flores,Cybersecurity,Attended,vemte1zijcigx,Wiz,US,meera.flores@fortinet.com,Senior Security Engineer,3,Cybersecurity,Wiz,US,,Meera,Senior Security Engineer,Flores,United States,,,www.wiz.io,8711503,0,0
pz2qrutuh3pqp,James,Singh,Dev Tools & Platforms,Attended,vqgwai4eibb82,GitHub,US,james.singh@github.com,Platform Product Manager,2,Dev Tools & Platforms,GitHub,US,,James,Platform Product Manager,Singh,United States,,,www.github.com,7493823,0,0
xgo1dkcq4l3ku,Kento,Rivera,Cybersecurity,No show,v5vcnrxzrg3uc,Snyk,GB,kento.rivera@snyk.io,Senior Security Engineer,0,Cybersecurity,Snyk,GB,,Kento,Senior Security Engineer,Rivera,United Kingdom,,,www.snyk.io,7821927,0,0
33ijvd4bz0y2e,Jean,Martin,Enterprise Software,Attended,v4clb7qj55wsn,Zendesk,US,jean.martin@zendesk.com,Solutions Architect,3,Enterprise Software,Zendesk,US,,Jean,Solutions Architect,Martin,United States,,,www.zendesk.com,7292685,0,0
pj53az03sgqv2,Carmen,Arora,Cloud & Infrastructure,Attended,vxf5tha2z8c7g,Amazon Web Services,US,carmen.arora@aws.amazon.com,Developer Advocate,2,Cloud & Infrastructure,Amazon Web Services,US,,Carmen,Developer Advocate,Arora,United States,,,www.aws.amazon.com,7459407,0,0
49a9ops82zibr,Takashi,Deng,Enterprise Software,No show,vqf5lnjihe3dh,Salesforce,US,takashi.deng@salesforce.com,Senior Product Manager,0,Enterprise Software,Salesforce,US,,Takashi,Senior Product Manager,Deng,United States,,,www.salesforce.com,7667738,0,0
0sd0z7k6xk3gp,Ethan,Dey,Hardware & Semiconductors,Attended,vi3rfssf1hrjt,MediaTek,TW,ethan.dey@mediatek.com,AI Hardware Architect,3,Hardware & Semiconductors,MediaTek,TW,,Ethan,AI Hardware Architect,Dey,Taiwan,,,www.mediatek.com,8643245,0,0
1jj385a9gu795,Abena,Rossi,IT Consulting & SI,Attended,vqktowccp6thq,Accenture,IE,abena.rossi@accenture.com,"Partner, Technology Practice",4,IT Consulting & SI,Accenture,IE,,Abena,"Partner, Technology Practice",Rossi,Ireland,,,www.accenture.com,7370579,0,0
axv2dfc8kbnko,David,Campbell,Cybersecurity,Attended,vj1vt4v7d4rib,Orca Security,US,david.campbell@orca.security,Security Architect,2,Cybersecurity,Orca Security,US,,David,Security Architect,Campbell,United States,,,www.orca.security,8918640,0,0
5xstfy0lbom56,Maria,Jeong,Cybersecurity,No show,vcceesf78efnc,CrowdStrike,US,maria.jeong@crowdstrike.com,Security Sales Engineer,0,Cybersecurity,CrowdStrike,US,,Maria,Security Sales Engineer,Jeong,United States,,,www.crowdstrike.com,7926400,0,0
k9qz6o1rprzzs,Juan,Koh,Enterprise Software,No show,vblj8izoo20w4,Adobe,US,juan.koh@adobe.com,Engineering Manager,0,Enterprise Software,Adobe,US,,Juan,Engineering Manager,Koh,United States,,,www.adobe.com,7227863,0,0
g5n1y6d0yzr0q,Min-Ji,Sun,IT Consulting & SI,Attended,v2sou5qit0ehf,BCG X,US,minji.sun@bcg.com,"Partner, Technology Practice",1,IT Consulting & SI,BCG X,US,,Min-Ji,"Partner, Technology Practice",Sun,United States,,,www.bcg.com,8549533,0,0
dkdesqo62g7j0,Khalid,Romano,Cloud & Infrastructure,No show,vf8ske5ntxybz,Google Cloud,US,khalid.romano@cloud.google.com,DevOps Engineer,0,Cloud & Infrastructure,Google Cloud,US,,Khalid,DevOps Engineer,Romano,United States,,,www.cloud.google.com,7123570,0,0
qks4tx4urjh2o,Akiko,Sanchez,Hardware & Semiconductors,Attended,vqv8cgpa0kgit,Arm Holdings,GB,akiko.sanchez@arm.com,System Architecture Engineer,1,Hardware & Semiconductors,Arm Holdings,GB,,Akiko,System Architecture Engineer,Sanchez,United Kingdom,,,www.arm.com,7268596,0,0
6bs751b1arkz3,Miguel,Simon,VC & Private Equity,Attended,vuc8bxd14y0fs,Insight Partners,US,miguel.simon@insightpartners.com,Venture Associate,4,VC & Private Equity,Insight Partners,US,,Miguel,Venture Associate,Simon,United States,,,www.insightpartners.com,8427435,0,0
0gdflhwdq6fbw,Timothy,Kato,IT Consulting & SI,No show,vcfx6k9m1d0ri,Cognizant,US,timothy.kato@cognizant.com,Cloud Migration Specialist,0,IT Consulting & SI,Cognizant,US,,Timothy,Cloud Migration Specialist,Kato,United States,,,www.cognizant.com,7648072,0,0
9zlmw95k19wpd,Ama,Dey,IT Consulting & SI,Attended,vw8o83behpo6w,McKinsey Digital,US,ama.dey@mckinsey.com,"Solution Architect, Digital",3,IT Consulting & SI,McKinsey Digital,US,,Ama,"Solution Architect, Digital",Dey,United States,,,www.mckinsey.com,7906669,0,0
tj3xvc1jusub0,Feng,Cheng,Media/Press,Attended,vips5ovdszytz,The Verge,US,feng.cheng@theverge.com,"Editor, Technology",3,Media/Press,The Verge,US,,Feng,"Editor, Technology",Cheng,United States,,,www.theverge.com,8015604,0,0
tpjh761d81mgq,Amy,Silva,IT Consulting & SI,Attended,vyojp5p4njkw3,Cognizant,US,amy.silva@cognizant.com,Cloud Migration Specialist,4,IT Consulting & SI,Cognizant,US,,Amy,Cloud Migration Specialist,Silva,United States,,,www.cognizant.com,7890904,0,0
xjqtvm2in25h1,Mark,Toh,AI & Data,No show,v9s634tesn9du,DataRobot,US,mark.toh@datarobot.com,Data Engineer,0,AI & Data,DataRobot,US,,Mark,Data Engineer,Toh,United States,,,www.datarobot.com,8584620,0,0
hccbbi0tvibe4,Budi,Perez,Media/Press,Attended,vlmu6h20fep4b,Wired,US,budi.perez@wired.com,Senior Correspondent,4,Media/Press,Wired,US,,Budi,Senior Correspondent,Perez,United States,,,www.wired.com,7122504,0,0
d9l564rj2ckni,Nurul,Romano,AI & Data,Attended,vq71rcaum6cwh,NVIDIA,US,nurul.romano@nvidia.com,Principal ML Engineer,3,AI & Data,NVIDIA,US,,Nurul,Principal ML Engineer,Romano,United States,,,www.nvidia.com,8633136,0,0
4qvtdoad304dm,Yusuf,Pandey,VC & Private Equity,Attended,v2hepqbyd778y,Bessemer Venture Partners,US,yusuf.pandey@bvp.com,Investment Director,2,VC & Private Equity,Bessemer Venture Partners,US,,Yusuf,Investment Director,Pandey,United States,,,www.bvp.com,8105560,0,0
93ukwq797tcsb,Paul,Collins,Cloud & Infrastructure,Attended,vz2voh2wkjlff,Google Cloud,US,paul.collins@cloud.google.com,Cloud Architect,3,Cloud & Infrastructure,Google Cloud,US,,Paul,Cloud Architect,Collins,United States,,,www.cloud.google.com,8151034,0,0
bbd8ck3a78516,James,Parker,Cloud & Infrastructure,Attended,vrg2dptwydkps,Google Cloud,US,james.parker@cloud.google.com,Head of Developer Relations,3,Cloud & Infrastructure,Google Cloud,US,,James,Head of Developer Relations,Parker,United States,,,www.cloud.google.com,8320953,0,0
12y0e7049gs5z,Divya,Martinez,Enterprise Software,Attended,vp4g56889y8b8,Sprinklr,US,divya.martinez@sprinklr.com,Senior Product Manager,4,Enterprise Software,Sprinklr,US,,Divya,Senior Product Manager,Martinez,United States,,,www.sprinklr.com,8912321,0,0
1pinwpff2xzdt,Ryan,Xie,AI & Data,Attended,v9gq741z4cx1g,LangChain,US,ryan.xie@langchain.com,Data Engineer,4,AI & Data,LangChain,US,,Ryan,Data Engineer,Xie,United States,,,www.langchain.com,8481727,0,0
t6dohiu58oesq,Lucia,Cook,Enterprise Software,Attended,v17zsbaf292vr,Sprinklr,US,lucia.cook@sprinklr.com,Senior Product Manager,3,Enterprise Software,Sprinklr,US,,Lucia,Senior Product Manager,Cook,United States,,,www.sprinklr.com,7770208,0,0
uac06isag8u6w,Nurul,Bailey,Cloud & Infrastructure,Attended,vk0hgq32muz20,MongoDB,US,nurul.bailey@mongodb.com,DevOps Engineer,1,Cloud & Infrastructure,MongoDB,US,,Nurul,DevOps Engineer,Bailey,United States,,,www.mongodb.com,7523503,0,0
gete7696vgcpw,Jessica,Gao,Enterprise Software,Attended,vw4e2f15j2b3u,SAP,DE,jessica.gao@sap.com,Director of Engineering,4,Enterprise Software,SAP,DE,,Jessica,Director of Engineering,Gao,Germany,,,www.sap.com,7396065,0,0
qfajy401mnpvn,Miku,Becker,Dev Tools & Platforms,Attended,vu0vnhfook7v7,JFrog,US,miku.becker@jfrog.com,Senior Developer Advocate,3,Dev Tools & Platforms,JFrog,US,,Miku,Senior Developer Advocate,Becker,United States,,,www.jfrog.com,8082166,0,0
0qrmuqxln1n23,Elizabeth,Nelson,Hardware & Semiconductors,Attended,vk4ruqh1cpmq5,Arm Holdings,GB,elizabeth.nelson@arm.com,Senior Chip Design Engineer,4,Hardware & Semiconductors,Arm Holdings,GB,,Elizabeth,Senior Chip Design Engineer,Nelson,United Kingdom,,,www.arm.com,8013021,0,0
qdp8p8pcgndjp,Kwame,Parker,IT Consulting & SI,No show,vtoyubq7969ec,LTIMindtree,IN,kwame.parker@ltimindtree.com,Managing Consultant,0,IT Consulting & SI,LTIMindtree,IN,,Kwame,Managing Consultant,Parker,India,,,www.ltimindtree.com,7443335,0,0
ijge6fu7rv6hl,Liam,Lopez,Enterprise Software,No show,v7w9buzi1kmns,HubSpot,US,liam.lopez@hubspot.com,VP of Product,0,Enterprise Software,HubSpot,US,,Liam,VP of Product,Lopez,United States,,,www.hubspot.com,7409975,0,0
d4xpqvjnpbm10,Deborah,Oliveira,Cybersecurity,Attended,vvk99jzcxdwgu,Snyk,GB,deborah.oliveira@snyk.io,Threat Intelligence Analyst,4,Cybersecurity,Snyk,GB,,Deborah,Threat Intelligence Analyst,Oliveira,United Kingdom,,,www.snyk.io,8381940,0,0
q54pq7c21xgya,Amy,Roberts,IT Consulting & SI,Attended,va32utcgvggp3,Deloitte Technology,US,amy.roberts@deloitte.com,Technology Consultant,3,IT Consulting & SI,Deloitte Technology,US,,Amy,Technology Consultant,Roberts,United States,,,www.deloitte.com,7303839,0,0
bc5oifgnx9xz7,Stephanie,Lim,Enterprise Software,No show,v3qw522hr9n21,Zendesk,US,stephanie.lim@zendesk.com,Chief Technology Officer,0,Enterprise Software,Zendesk,US,,Stephanie,Chief Technology Officer,Lim,United States,,,www.zendesk.com,8338454,0,0
a9hieoprm3x4b,Aisha,Zheng,Dev Tools & Platforms,No show,v2dttnoog9tvp,Temporal,US,aisha.zheng@temporal.io,Developer Advocate,0,Dev Tools & Platforms,Temporal,US,,Aisha,Developer Advocate,Zheng,United States,,,www.temporal.io,8584740,0,0
17q374m3r3mfz,Fatimah,Choi,Staff,No show,vk852wb7tzpzv,TechForward Organising Committee,SG,fatimah.choi@techforwardsummit.com,Technical Support Specialist,0,Staff,TechForward Organising Committee,SG,,Fatimah,Technical Support Specialist,Choi,Singapore,,,www.techforwardsummit.com,7583307,0,0
0nhcbtwv6tyvq,Thomas,Sato,Cybersecurity,Attended,v0ufhokgz1ajj,CrowdStrike,US,thomas.sato@crowdstrike.com,SOC Analyst,1,Cybersecurity,CrowdStrike,US,,Thomas,SOC Analyst,Sato,United States,,,www.crowdstrike.com,8022970,0,0
7flugc8nkm9lf,Rahul,Esposito,IT Consulting & SI,Attended,v1hgn109dzukg,LTIMindtree,IN,rahul.esposito@ltimindtree.com,Associate Director,2,IT Consulting & SI,LTIMindtree,IN,,Rahul,Associate Director,Esposito,India,,,www.ltimindtree.com,8404893,0,0
kqnk4booj1f7p,Aisha,Sanchez,Enterprise Software,Attended,v98e6ff4ng4tf,Freshworks,IN,aisha.sanchez@freshworks.com,Senior Solutions Engineer,2,Enterprise Software,Freshworks,IN,,Aisha,Senior Solutions Engineer,Sanchez,India,,,www.freshworks.com,8186361,0,0
lgsq0qq5cikan,Kento,Evans,VIP,Attended,vu2gtbiddvyyq,Salesforce,US,kento.evans@salesforce.com,Chief Product Officer,2,VIP,Salesforce,US,,Kento,Chief Product Officer,Evans,United States,,VIP,www.salesforce.com,8975087,0,0
xxrgafzntv65f,Sung,Robinson,IT Consulting & SI,Attended,vab82vxyov03r,LTIMindtree,IN,sung.robinson@ltimindtree.com,Senior Technology Consultant,3,IT Consulting & SI,LTIMindtree,IN,,Sung,Senior Technology Consultant,Robinson,India,,,www.ltimindtree.com,8300436,0,0
2f8qa1rpm8uh1,Amit,Verma,IT Consulting & SI,No show,v7jd3lb4pfot7,Capgemini,FR,amit.verma@capgemini.com,Associate Director,0,IT Consulting & SI,Capgemini,FR,,Amit,Associate Director,Verma,France,,,www.capgemini.com,7998673,0,0
ibdzy1y5s5c3p,Klaus,Cheng,IT Consulting & SI,Attended,v5f3ve1kj9io2,Capgemini,FR,klaus.cheng@capgemini.com,Managing Consultant,3,IT Consulting & SI,Capgemini,FR,,Klaus,Managing Consultant,Cheng,France,,,www.capgemini.com,7056475,0,0
2db8teddrjx3v,Ama,Lim,AI & Data,No show,vpomjynrxgq3m,Hugging Face,US,ama.lim@huggingface.co,Head of Data Science,0,AI & Data,Hugging Face,US,,Ama,Head of Data Science,Lim,United States,,,www.huggingface.co,7005823,0,0
3u5ikzn44ujne,Divya,Das,Dev Tools & Platforms,Attended,v9lrftlzlkkvs,Sentry,US,divya.das@sentry.io,Head of Developer Relations,3,Dev Tools & Platforms,Sentry,US,,Divya,Head of Developer Relations,Das,United States,,,www.sentry.io,7607715,0,0
b9d1g1l9sair8,Hong,Howard,Cybersecurity,Attended,vd2splcmznu1u,Snyk,GB,hong.howard@snyk.io,Security Consultant,3,Cybersecurity,Snyk,GB,,Hong,Security Consultant,Howard,United Kingdom,,,www.snyk.io,7362200,0,0
fj2x0gd2rlm14,Seo-Yeon,Torres,Enterprise Software,Attended,vastwqhvfobsd,Salesforce,US,seoyeon.torres@salesforce.com,Head of Growth,3,Enterprise Software,Salesforce,US,,Seo-Yeon,Head of Growth,Torres,United States,,,www.salesforce.com,8513481,0,0
ofvekol6x9q8o,Lucia,Iyer,Enterprise Software,No show,vyd79gjxo010d,Workday,US,lucia.iyer@workday.com,Senior Solutions Engineer,0,Enterprise Software,Workday,US,,Lucia,Senior Solutions Engineer,Iyer,United States,,,www.workday.com,8339574,0,0
y9bdrni7580si,Jacob,Jones,Dev Tools & Platforms,Attended,vej5bk0i5fxw9,GitLab,US,jacob.jones@gitlab.com,Developer Success Manager,3,Dev Tools & Platforms,GitLab,US,,Jacob,Developer Success Manager,Jones,United States,,,www.gitlab.com,8845930,0,0
b05q13eqnhl3x,Ryan,Morgan,Enterprise Software,No show,vr7ssu21khi3e,Salesforce,US,ryan.morgan@salesforce.com,Staff Software Engineer,0,Enterprise Software,Salesforce,US,,Ryan,Staff Software Engineer,Morgan,United States,,,www.salesforce.com,8674496,0,0
pnev8phalj8ho,Ahmad,Ong,Staff,Attended,v18ur92rau607,TechForward Organising Committee,SG,ahmad.ong@techforwardsummit.com,Registration & Badging Lead,4,Staff,TechForward Organising Committee,SG,,Ahmad,Registration & Badging Lead,Ong,Singapore,,,www.techforwardsummit.com,8172236,0,0
g2lk9bmkwrrc8,Yusuf,Harris,Cloud & Infrastructure,No show,vtr0obq1v5m46,Snowflake,US,yusuf.harris@snowflake.com,DevOps Engineer,0,Cloud & Infrastructure,Snowflake,US,,Yusuf,DevOps Engineer,Harris,United States,,,www.snowflake.com,7664759,0,0
h7847ms2psri8,Rania,Rossi,Enterprise Software,Attended,vrp4kglvrsp2e,HubSpot,US,rania.rossi@hubspot.com,Senior Product Manager,4,Enterprise Software,HubSpot,US,,Rania,Senior Product Manager,Rossi,United States,,,www.hubspot.com,8234177,0,0
u1yv3veco9dcg,Jonathan,Larsen,Cloud & Infrastructure,Attended,v5625dto8auby,Elastic,NL,jonathan.larsen@elastic.co,DevOps Engineer,2,Cloud & Infrastructure,Elastic,NL,,Jonathan,DevOps Engineer,Larsen,Netherlands,,,www.elastic.co,8719911,0,0
tvgax0si9ica6,Ji-Won,Deng,Hardware & Semiconductors,Attended,vg5ksgv2f8n1r,Graphcore,GB,jiwon.deng@graphcore.ai,System Architecture Engineer,3,Hardware & Semiconductors,Graphcore,GB,,Ji-Won,System Architecture Engineer,Deng,United Kingdom,,,www.graphcore.ai,8070201,0,0
qw1esibg26hw4,Pablo,Garcia,Hardware & Semiconductors,No show,vajc3xyab4f5j,Arm Holdings,GB,pablo.garcia@arm.com,Director of Engineering,0,Hardware & Semiconductors,Arm Holdings,GB,,Pablo,Director of Engineering,Garcia,United Kingdom,,,www.arm.com,7544933,0,0
h8uccca8wm9li,Bo,Esposito,Cloud & Infrastructure,Attended,vcyalpu3v4wwy,Akamai Technologies,US,bo.esposito@akamai.com,Platform Engineer,2,Cloud & Infrastructure,Akamai Technologies,US,,Bo,Platform Engineer,Esposito,United States,,,www.akamai.com,8023683,0,0
76bynwrx4ln4x,Charles,Mishra,Enterprise Software,Attended,v3r7hh0si33cl,monday.com,IL,charles.mishra@monday.com,"Account Executive, Enterprise",2,Enterprise Software,monday.com,IL,,Charles,"Account Executive, Enterprise",Mishra,Israel,,,www.monday.com,7924122,0,0
0wcey4ih9pvhl,Steven,Lee,AI & Data,No show,vg4jgnq1g6lle,Together AI,US,steven.lee@together.ai,Principal Data Scientist,0,AI & Data,Together AI,US,,Steven,Principal Data Scientist,Lee,United States,,,www.together.ai,7503011,0,0
dzj38tpxrsl3r,Walter,Bhatt,Staff,Attended,vj4an9h4nw49a,TechForward Organising Committee,SG,walter.bhatt@techforwardsummit.com,Registration & Badging Lead,3,Staff,TechForward Organising Committee,SG,,Walter,Registration & Badging Lead,Bhatt,Singapore,,,www.techforwardsummit.com,8907597,0,0
zli8wr7yjzo4t,Babatunde,Bhatt,Enterprise Software,Attended,vtbkc8v3l84vx,Salesforce,US,babatunde.bhatt@salesforce.com,Chief Product Officer,3,Enterprise Software,Salesforce,US,,Babatunde,Chief Product Officer,Bhatt,United States,,,www.salesforce.com,7191078,0,0
sqvdpf73ayi3l,Wei,Morgan,Hardware & Semiconductors,Attended,vp9q7nfvb3evc,Qualcomm,US,wei.morgan@qualcomm.com,System Architecture Engineer,3,Hardware & Semiconductors,Qualcomm,US,,Wei,System Architecture Engineer,Morgan,United States,,,www.qualcomm.com,8565517,0,0
z83wh9ta2cxo7,Wolfgang,Khanna,Enterprise Software,No show,vp6x4n5j8ms2d,Freshworks,IN,wolfgang.khanna@freshworks.com,Director of Engineering,0,Enterprise Software,Freshworks,IN,,Wolfgang,Director of Engineering,Khanna,India,,,www.freshworks.com,7617175,0,0
0wh8zafu677kc,Edward,Silva,Enterprise Software,No show,v6s83v9zs4bf1,Microsoft,US,edward.silva@microsoft.com,Senior Product Manager,0,Enterprise Software,Microsoft,US,,Edward,Senior Product Manager,Silva,United States,,,www.microsoft.com,7710184,0,0
27fkn1hsikppd,Yusuf,Hughes,IT Consulting & SI,Attended,vkwnspqs8vwkh,PwC Advisory,GB,yusuf.hughes@pwc.com,"Solution Architect, Digital",2,IT Consulting & SI,PwC Advisory,GB,,Yusuf,"Solution Architect, Digital",Hughes,United Kingdom,,,www.pwc.com,8264837,0,0
agbptqe2pmsvr,Amit,Sato,Dev Tools & Platforms,Attended,vz23f42xzhwxs,Stripe,US,amit.sato@stripe.com,Solutions Engineer,3,Dev Tools & Platforms,Stripe,US,,Amit,Solutions Engineer,Sato,United States,,,www.stripe.com,7723902,0,0
74c5zg83rx5lf,Layla,Rivera,AI & Data,Attended,vzfjdcjexdxd0,Cohere,CA,layla.rivera@cohere.com,Applied Research Scientist,1,AI & Data,Cohere,CA,,Layla,Applied Research Scientist,Rivera,Canada,,,www.cohere.com,8432003,0,0
2hfdwzjuc5rus,Elena,Zhang,Media/Press,No show,v56ydycvsyrpf,Protocol,US,elena.zhang@protocol.com,"Editor, Technology",0,Media/Press,Protocol,US,,Elena,"Editor, Technology",Zhang,United States,,,www.protocol.com,7663309,0,0
vyh075koc463n,Min-Ji,Agarwal,Dev Tools & Platforms,Attended,vfzod7eke5afo,LaunchDarkly,US,minji.agarwal@launchdarkly.com,Senior Developer Advocate,2,Dev Tools & Platforms,LaunchDarkly,US,,Min-Ji,Senior Developer Advocate,Agarwal,United States,,,www.launchdarkly.com,7443020,0,0
dbjg57bd1wism,Margaret,Roberts,Cloud & Infrastructure,Attended,vjabfha1nzski,Elastic,NL,margaret.roberts@elastic.co,Cloud Architect,2,Cloud & Infrastructure,Elastic,NL,,Margaret,Cloud Architect,Roberts,Netherlands,,,www.elastic.co,8042350,0,0
c5ryxmrnfie16,Yusuf,Jackson,Staff,Attended,vnujl5jhr72xk,FieldDrive Events,BE,yusuf.jackson@fielddrive.com,Conference Coordinator,3,Staff,FieldDrive Events,BE,,Yusuf,Conference Coordinator,Jackson,Belgium,,,www.fielddrive.com,8870408,0,0
jhc5sy4v8cqdl,Patricia,Romano,Cybersecurity,Attended,vp0irah0cpsfa,Fortinet,US,patricia.romano@cyberark.com,Head of Information Security,3,Cybersecurity,Fortinet,US,,Patricia,Head of Information Security,Romano,United States,,,www.fortinet.com,8063442,0,0
x4p7za59obnnq,Neha,Chaudhary,Enterprise Software,Attended,vt1phahd41nys,Zendesk,US,neha.chaudhary@zendesk.com,Solutions Architect,1,Enterprise Software,Zendesk,US,,Neha,Solutions Architect,Chaudhary,United States,,,www.zendesk.com,7057104,0,0
63oh4wlxa859t,Swati,Bailey,Cloud & Infrastructure,No show,vyzcpt3s7azm4,Google Cloud,US,swati.bailey@cloud.google.com,Chief Technology Officer,0,Cloud & Infrastructure,Google Cloud,US,,Swati,Chief Technology Officer,Bailey,United States,,,www.cloud.google.com,8385071,0,0
6hf8p7qur585w,Sung,Lim,Hardware & Semiconductors,Attended,vujf7burv8tj0,AMD,US,sung.lim@amd.com,Senior Chip Design Engineer,3,Hardware & Semiconductors,AMD,US,,Sung,Senior Chip Design Engineer,Lim,United States,,,www.amd.com,7711156,0,0
vtkau1axv5gy8,William,Santoso,Cloud & Infrastructure,Attended,vbuxinv9ad8vw,Supabase,US,william.santoso@supabase.com,Principal Solutions Architect,2,Cloud & Infrastructure,Supabase,US,,William,Principal Solutions Architect,Santoso,United States,,,www.supabase.com,8417028,0,0
0vitjbbq4oxv8,Patrick,Loh,Dev Tools & Platforms,Attended,vyg4jdvdwyg4v,Sentry,US,patrick.loh@sentry.io,Senior Developer Advocate,2,Dev Tools & Platforms,Sentry,US,,Patrick,Senior Developer Advocate,Loh,United States,,,www.sentry.io,8362420,0,0
dqg6789uxc39m,Kento,Gao,Hardware & Semiconductors,No show,vfw5q5kcd75x1,Marvell Technology,US,kento.gao@marvell.com,"VP of Product, Silicon",0,Hardware & Semiconductors,Marvell Technology,US,,Kento,"VP of Product, Silicon",Gao,United States,,,www.marvell.com,8294140,0,0
53hgz02jxxztp,Siti,Guo,Hardware & Semiconductors,Attended,vwntydojsrza0,Marvell Technology,US,siti.guo@marvell.com,AI Hardware Architect,3,Hardware & Semiconductors,Marvell Technology,US,,Siti,AI Hardware Architect,Guo,United States,,,www.marvell.com,8063262,0,0
2gw2kullkfbk9,Adam,Clarke,Cloud & Infrastructure,Attended,v0qg22dvx5uqi,Google Cloud,US,adam.clarke@cloud.google.com,Platform Engineering Lead,3,Cloud & Infrastructure,Google Cloud,US,,Adam,Platform Engineering Lead,Clarke,United States,,,www.cloud.google.com,7110126,0,0
2yk938bz5n293,Eric,Chen,Cloud & Infrastructure,Attended,vjvjwz1zeaawt,Datadog,US,eric.chen@datadoghq.com,VP of Engineering,1,Cloud & Infrastructure,Datadog,US,,Eric,VP of Engineering,Chen,United States,,,www.datadoghq.com,7534924,0,0
w1raczf68sijy,Brigitte,Ng,Dev Tools & Platforms,Attended,vxiinhnyl1fty,MuleSoft,US,brigitte.ng@mulesoft.com,Platform Product Manager,3,Dev Tools & Platforms,MuleSoft,US,,Brigitte,Platform Product Manager,Ng,United States,,,www.mulesoft.com,8777289,0,0
hzmnf81ybm6m9,Steven,Santos,AI & Data,Attended,vd1vq9yunb9wp,Palantir Technologies,US,steven.santos@palantir.com,Principal ML Engineer,1,AI & Data,Palantir Technologies,US,,Steven,Principal ML Engineer,Santos,United States,,,www.palantir.com,7819720,0,0
e1ceo6a1elmgb,Steven,Silva,Dev Tools & Platforms,Attended,vwkeyarz14ubb,Kong,US,steven.silva@konghq.com,Community Manager,4,Dev Tools & Platforms,Kong,US,,Steven,Community Manager,Silva,United States,,,www.konghq.com,7166808,0,0
qsshllt5mhd5p,Astrid,White,AI & Data,Attended,ve5cx6zo9d87c,Hugging Face,US,astrid.white@huggingface.co,Principal ML Engineer,2,AI & Data,Hugging Face,US,,Astrid,Principal ML Engineer,White,United States,,,www.huggingface.co,8216217,0,0
f5j2mlnkuv8wx,Ibrahim,Torres,Enterprise Software,Attended,vsqgu5geb6elm,Box,US,ibrahim.torres@box.com,"Account Executive, Enterprise",3,Enterprise Software,Box,US,,Ibrahim,"Account Executive, Enterprise",Torres,United States,,,www.box.com,7764005,0,0
l3a7yrmg97p4b,Kento,Conti,VC & Private Equity,No show,vr2fxv8jdy5qt,Sequoia Capital,US,kento.conti@sequoiacap.com,Venture Associate,0,VC & Private Equity,Sequoia Capital,US,,Kento,Venture Associate,Conti,United States,,,www.sequoiacap.com,8269592,0,0
ohpxzn14rbhpa,Steven,Toh,AI & Data,Attended,v95jee6p5onys,Databricks,US,steven.toh@databricks.com,Data Engineer,3,AI & Data,Databricks,US,,Steven,Data Engineer,Toh,United States,,,www.databricks.com,8853099,0,0
if5q9juulunh2,Aisha,Rodriguez,IT Consulting & SI,Attended,vzn4l9ck0yvet,Slalom,US,aisha.rodriguez@slalom.com,"Solution Architect, Digital",3,IT Consulting & SI,Slalom,US,,Aisha,"Solution Architect, Digital",Rodriguez,United States,,,www.slalom.com,7331521,0,0
7gr71yuzryd1p,Maria,Yoon,IT Consulting & SI,Attended,vv9faa4qp7s2x,KPMG Advisory,NL,maria.yoon@publicissapient.com,"Solution Architect, Digital",4,IT Consulting & SI,KPMG Advisory,NL,,Maria,"Solution Architect, Digital",Yoon,Netherlands,,,www.kpmg.com,8931313,0,0
6k5asz6e3tfsk,Philip,Rodriguez,Enterprise Software,Attended,v2gi57wxlwxd8,Oracle,US,philip.rodriguez@oracle.com,Senior Solutions Engineer,1,Enterprise Software,Oracle,US,,Philip,Senior Solutions Engineer,Rodriguez,United States,,,www.oracle.com,8516891,0,0
54ro62b55195m,James,Pedersen,AI & Data,Attended,v07uwwju0c9k7,H2O.ai,US,james.pedersen@h2o.ai,Research Scientist,3,AI & Data,H2O.ai,US,,James,Research Scientist,Pedersen,United States,,,www.h2o.ai,7872391,0,0
eiwseyhphdxx9,Rebecca,Andersen,VC & Private Equity,Attended,vuhexd638yvua,Insight Partners,US,rebecca.andersen@insightpartners.com,Partner,2,VC & Private Equity,Insight Partners,US,,Rebecca,Partner,Andersen,United States,,,www.insightpartners.com,8554800,0,0
kyc5et0ssy8da,Jennifer,Williams,IT Consulting & SI,No show,vo5oxlck2op4e,Wipro,IN,jennifer.williams@wipro.com,"Partner, Technology Practice",0,IT Consulting & SI,Wipro,IN,,Jennifer,"Partner, Technology Practice",Williams,India,,,www.wipro.com,8469022,0,0
ytw7ega0azyh8,Layla,Wright,Cybersecurity,Attended,v3h9mqnvmjb7l,SentinelOne,US,layla.wright@sentinelone.com,Senior Security Engineer,2,Cybersecurity,SentinelOne,US,,Layla,Senior Security Engineer,Wright,United States,,,www.sentinelone.com,7400436,0,0
rcn55m6k3l689,Sandra,Liu,IT Consulting & SI,Attended,vlgzpjc57q2vc,EY Technology,GB,sandra.liu@ey.com,"Partner, Technology Practice",3,IT Consulting & SI,EY Technology,GB,,Sandra,"Partner, Technology Practice",Liu,United Kingdom,,,www.ey.com,8406596,0,0
v38dg92jbgst6,Ming,Kapoor,Enterprise Software,Attended,vxy9sllmsm7da,SAP,DE,ming.kapoor@sap.com,Customer Success Manager,4,Enterprise Software,SAP,DE,,Ming,Customer Success Manager,Kapoor,Germany,,,www.sap.com,7524486,0,0
7o504fx0akn05,Jacob,Zheng,AI & Data,Attended,v3k54316ujkae,DataRobot,US,jacob.zheng@datarobot.com,Research Scientist,2,AI & Data,DataRobot,US,,Jacob,Research Scientist,Zheng,United States,,,www.datarobot.com,8343153,0,0
n6fcsxw3maqti,Rania,Thompson,Cloud & Infrastructure,Attended,vu3xx91v7dcwz,Snowflake,US,rania.thompson@snowflake.com,Senior Site Reliability Engineer,1,Cloud & Infrastructure,Snowflake,US,,Rania,Senior Site Reliability Engineer,Thompson,United States,,,www.snowflake.com,8108212,0,0
ev0krrv3ekt6f,Sipho,Reddy,Cybersecurity,Attended,v0ift14oyverp,Palo Alto Networks,US,sipho.reddy@paloaltonetworks.com,CISO,3,Cybersecurity,Palo Alto Networks,US,,Sipho,CISO,Reddy,United States,,,www.paloaltonetworks.com,8289503,0,0
v9u3u6vwhjf66,Bo,Wee,Cybersecurity,Attended,vvd7wbqe7xyw4,Fortinet,US,bo.wee@fortinet.com,Security Architect,3,Cybersecurity,Fortinet,US,,Bo,Security Architect,Wee,United States,,,www.fortinet.com,7741955,0,0
o5c7eisw8zv8r,Bo,Turner,Cloud & Infrastructure,No show,votsv22hrlwyh,Confluent,US,bo.turner@confluent.io,Platform Engineer,0,Cloud & Infrastructure,Confluent,US,,Bo,Platform Engineer,Turner,United States,,,www.confluent.io,8326924,0,0
gl95jjwaqedc3,Liang,Seah,IT Consulting & SI,Attended,vegv6o7quzoev,Slalom,US,liang.seah@slalom.com,Data & AI Practice Lead,3,IT Consulting & SI,Slalom,US,,Liang,Data & AI Practice Lead,Seah,United States,,,www.slalom.com,8901678,0,0
y7shp59mg4uzp,Akiko,Xie,Hardware & Semiconductors,Attended,vyjjxjuuoirkc,Intel,US,akiko.xie@intel.com,Principal VLSI Engineer,2,Hardware & Semiconductors,Intel,US,,Akiko,Principal VLSI Engineer,Xie,United States,,,www.intel.com,8863442,0,0
7fyr75umlpy9b,Gregory,Mehta,Hardware & Semiconductors,Attended,vcutmkwsbnppc,Qualcomm,US,gregory.mehta@qualcomm.com,"Research Scientist, Silicon",2,Hardware & Semiconductors,Qualcomm,US,,Gregory,"Research Scientist, Silicon",Mehta,United States,,,www.qualcomm.com,8663340,0,0
4ckrn83onb4rb,Anthony,Wright,Cybersecurity,Attended,v042ogjitxj8l,Lacework,US,anthony.wright@lacework.com,CISO,3,Cybersecurity,Lacework,US,,Anthony,CISO,Wright,United States,,,www.lacework.com,7627904,0,0
b9s7sc98wzgw1,Stephanie,Yap,Staff,Attended,vh19kjaszfm6e,FieldDrive Events,BE,stephanie.yap@fielddrive.com,Registration & Badging Lead,2,Staff,FieldDrive Events,BE,,Stephanie,Registration & Badging Lead,Yap,Belgium,,,www.fielddrive.com,8200618,0,0
z5pkf8v8zvoxv,Ping,Dey,IT Consulting & SI,Attended,vfa8rxqsdttyf,KPMG Advisory,NL,ping.dey@kpmg.com,Managing Consultant,3,IT Consulting & SI,KPMG Advisory,NL,,Ping,Managing Consultant,Dey,Netherlands,,,www.kpmg.com,7990464,0,0
llgngz8qz4cl8,Franz,Jones,Hardware & Semiconductors,Attended,vzturb4r5ees7,Groq,US,franz.jones@groq.com,System Architecture Engineer,2,Hardware & Semiconductors,Groq,US,,Franz,System Architecture Engineer,Jones,United States,,,www.groq.com,7784117,0,0
obt5at9hnunhl,Alexander,Murphy,Dev Tools & Platforms,No show,vkq4w21hreurb,JFrog,US,alexander.murphy@jfrog.com,Senior Developer Advocate,0,Dev Tools & Platforms,JFrog,US,,Alexander,Senior Developer Advocate,Murphy,United States,,,www.jfrog.com,8062658,0,0
34rae624sgr33,Ryan,Young,Cybersecurity,Attended,vm467rwk2mmtc,Tenable,US,ryan.young@tenable.com,Threat Intelligence Analyst,2,Cybersecurity,Tenable,US,,Ryan,Threat Intelligence Analyst,Young,United States,,,www.tenable.com,8502081,0,0
5lrlfg79o69t8,Ingrid,Wilson,Cybersecurity,Attended,v1e6b390bochv,SentinelOne,US,ingrid.wilson@sentinelone.com,Security Consultant,4,Cybersecurity,SentinelOne,US,,Ingrid,Security Consultant,Wilson,United States,,,www.sentinelone.com,7443780,0,0
r30vicv801dds,Hassan,Rodriguez,Enterprise Software,No show,v123r4jzorwz1,Sprinklr,US,hassan.rodriguez@sprinklr.com,Senior Solutions Engineer,0,Enterprise Software,Sprinklr,US,,Hassan,Senior Solutions Engineer,Rodriguez,United States,,,www.sprinklr.com,7777478,0,0
yj6vgoe2prj7q,Nancy,Nelson,IT Consulting & SI,Attended,vcxj7d2b3ezi0,Publicis Sapient,FR,nancy.nelson@publicissapient.com,Senior Technology Consultant,2,IT Consulting & SI,Publicis Sapient,FR,,Nancy,Senior Technology Consultant,Nelson,France,,,www.publicissapient.com,8734699,0,0
dvjps1f3x0r0m,Miguel,Richardson,Dev Tools & Platforms,Attended,vwd3p8zpfr2y7,Stripe,US,miguel.richardson@stripe.com,Senior Developer Advocate,3,Dev Tools & Platforms,Stripe,US,,Miguel,Senior Developer Advocate,Richardson,United States,,,www.stripe.com,7443005,0,0
u9p7f43suo70w,Helen,Parker,IT Consulting & SI,Attended,vtjhl936p9i7s,TCS,IN,helen.parker@tcs.com,Technology Consultant,3,IT Consulting & SI,TCS,IN,,Helen,Technology Consultant,Parker,India,,,www.tcs.com,7154923,0,0
h2fcfhvy4bz2t,Min-Soo,Simon,Dev Tools & Platforms,Attended,v391dnun39iv3,GitHub,US,minsoo.simon@github.com,Developer Success Manager,3,Dev Tools & Platforms,GitHub,US,,Min-Soo,Developer Success Manager,Simon,United States,,,www.github.com,7292502,0,0
uupm8nojetz8s,Raj,Garcia,VC & Private Equity,Attended,vum6zv6061zv5,SoftBank Vision Fund,JP,raj.garcia@softbank.com,Investment Director,2,VC & Private Equity,SoftBank Vision Fund,JP,,Raj,Investment Director,Garcia,Japan,,,www.softbank.com,8970859,0,0
olpdvqd7ix5nx,John,Mensah,VC & Private Equity,Attended,v6e7g1luqfgci,Bessemer Venture Partners,US,john.mensah@bvp.com,General Partner,3,VC & Private Equity,Bessemer Venture Partners,US,,John,General Partner,Mensah,United States,,,www.bvp.com,7554613,0,0
uui75yjf6j2tq,Patrick,Foo,IT Consulting & SI,No show,vwooetq0dauc4,TCS,IN,patrick.foo@slalom.com,Technology Consultant,0,IT Consulting & SI,TCS,IN,,Patrick,Technology Consultant,Foo,India,,,www.tcs.com,7691859,0,0
gdkbx35943yxi,Adam,Zheng,Cloud & Infrastructure,Attended,vovlaesipec45,Vercel,US,adam.zheng@vercel.com,Senior Site Reliability Engineer,3,Cloud & Infrastructure,Vercel,US,,Adam,Senior Site Reliability Engineer,Zheng,United States,,,www.vercel.com,7205477,0,0
b9g1xh8ftuzdx,Fang,Torres,IT Consulting & SI,Attended,vfke78mzktoy2,NTT Data,JP,fang.torres@nttdata.com,Technology Consultant,2,IT Consulting & SI,NTT Data,JP,,Fang,Technology Consultant,Torres,Japan,,,www.nttdata.com,7510362,0,0
c989yxfk32cqg,Eric,Yang,Enterprise Software,No show,ve585jtebae11,Adobe,US,eric.yang@adobe.com,Senior Product Manager,0,Enterprise Software,Adobe,US,,Eric,Senior Product Manager,Yang,United States,,,www.adobe.com,8701919,0,0
51q1pab1jrvi9,Carol,Pandey,Enterprise Software,Attended,v1m045v7wyh1x,Freshworks,IN,carol.pandey@freshworks.com,"Account Executive, Enterprise",3,Enterprise Software,Freshworks,IN,,Carol,"Account Executive, Enterprise",Pandey,India,,,www.freshworks.com,8303168,0,0
ncoqt2crq51et,Divya,Pedersen,Dev Tools & Platforms,No show,vf273n3byafb7,PagerDuty,US,divya.pedersen@pagerduty.com,Developer Success Manager,0,Dev Tools & Platforms,PagerDuty,US,,Divya,Developer Success Manager,Pedersen,United States,,,www.pagerduty.com,8077605,0,0
o8tit7x5yc7kl,Cynthia,Verma,Cybersecurity,Attended,vy95ynfje1uje,Fortinet,US,cynthia.verma@fortinet.com,SOC Analyst,3,Cybersecurity,Fortinet,US,,Cynthia,SOC Analyst,Verma,United States,,,www.fortinet.com,7253891,0,0
50wqb10d08ut5,Alejandro,Kim,Cloud & Infrastructure,Attended,vsrjetlih5s0z,Datadog,US,alejandro.kim@datadoghq.com,Cloud Architect,2,Cloud & Infrastructure,Datadog,US,,Alejandro,Cloud Architect,Kim,United States,,,www.datadoghq.com,8822595,0,0
gdpi1bh1vjf8w,Patrick,Jeong,Enterprise Software,Attended,valk1cfqmn4vi,Atlassian,AU,patrick.jeong@atlassian.com,Solutions Architect,3,Enterprise Software,Atlassian,AU,,Patrick,Solutions Architect,Jeong,Australia,,,www.atlassian.com,7140497,0,0
ye3ilycay4luo,Stephanie,Richardson,AI & Data,No show,vq2oitdklz478,Palantir Technologies,US,stephanie.richardson@palantir.com,Chief AI Officer,0,AI & Data,Palantir Technologies,US,,Stephanie,Chief AI Officer,Richardson,United States,,,www.palantir.com,8807526,0,0
xpngw12xqfjo2,Shan,Scott,Dev Tools & Platforms,No show,vl16ybovcb1yn,MuleSoft,US,shan.scott@mulesoft.com,VP of Developer Experience,0,Dev Tools & Platforms,MuleSoft,US,,Shan,VP of Developer Experience,Scott,United States,,,www.mulesoft.com,7486735,0,0
5bzf0zrfoglte,Dorothy,Zhou,AI & Data,Attended,v58zub9dvtn4m,Palantir Technologies,US,dorothy.zhou@palantir.com,Research Scientist,1,AI & Data,Palantir Technologies,US,,Dorothy,Research Scientist,Zhou,United States,,,www.palantir.com,8747698,0,0
b8994rtsv46sz,Jun,Martinez,Cloud & Infrastructure,No show,v6o5ryju5vuza,Vercel,US,jun.martinez@vercel.com,Cloud Architect,0,Cloud & Infrastructure,Vercel,US,,Jun,Cloud Architect,Martinez,United States,,,www.vercel.com,8353067,0,0
1jyw9m5reooco,Judith,Harris,IT Consulting & SI,Attended,vy0pe7rudjfxs,Cognizant,US,judith.harris@cognizant.com,VP of Digital Transformation,3,IT Consulting & SI,Cognizant,US,,Judith,VP of Digital Transformation,Harris,United States,,,www.cognizant.com,8735568,0,0
bujohqcxp19z0,Wei,Tran,IT Consulting & SI,Attended,vv0fjpsnnppvq,Slalom,US,wei.tran@slalom.com,Managing Consultant,2,IT Consulting & SI,Slalom,US,,Wei,Managing Consultant,Tran,United States,,,www.slalom.com,8042711,0,0
1rbdkaxjzjl51,Christopher,Zhu,Enterprise Software,Attended,v4eoe96cyl8du,Sprinklr,US,christopher.zhu@sprinklr.com,Senior Product Manager,3,Enterprise Software,Sprinklr,US,,Christopher,Senior Product Manager,Zhu,United States,,,www.sprinklr.com,7173678,0,0
91j3z7erkcr2w,Laura,Costa,AI & Data,Attended,v1plbrp891dd2,LangChain,US,laura.costa@langchain.com,Principal ML Engineer,2,AI & Data,LangChain,US,,Laura,Principal ML Engineer,Costa,United States,,,www.langchain.com,7699799,0,0
1v2zv9hdex4e2,Camila,Hughes,IT Consulting & SI,Attended,vmi1aa6pom373,Infosys,IN,camila.hughes@infosys.com,"Solution Architect, Digital",3,IT Consulting & SI,Infosys,IN,,Camila,"Solution Architect, Digital",Hughes,India,,,www.infosys.com,8990256,0,0
46l2a45hgktpg,Michael,Trivedi,Enterprise Software,No show,vr68fqo0mpq9c,ServiceNow,US,michael.trivedi@atlassian.com,Solutions Engineer,0,Enterprise Software,ServiceNow,US,,Michael,Solutions Engineer,Trivedi,United States,,,www.servicenow.com,8691490,0,0
m6yp8rwbw1xhv,Ella,Jones,Cloud & Infrastructure,Attended,vnwyc83isotu4,Amazon Web Services,US,ella.jones@aws.amazon.com,DevOps Engineer,2,Cloud & Infrastructure,Amazon Web Services,US,,Ella,DevOps Engineer,Jones,United States,,,www.aws.amazon.com,8232531,0,0
ag4ygqx4uh7lz,Aoi,Nguyen,Cloud & Infrastructure,Attended,vmckjxr7p4ev1,MongoDB,US,aoi.nguyen@mongodb.com,Platform Engineer,2,Cloud & Infrastructure,MongoDB,US,,Aoi,Platform Engineer,Nguyen,United States,,,www.mongodb.com,8615835,0,0
q1hxgcfx3nd7s,Matthew,Smith,Cloud & Infrastructure,Attended,vvcllzccxwi2t,Akamai Technologies,US,matthew.smith@akamai.com,Senior Site Reliability Engineer,4,Cloud & Infrastructure,Akamai Technologies,US,,Matthew,Senior Site Reliability Engineer,Smith,United States,,,www.akamai.com,7291141,0,0
muvzbfauysr6v,Hassan,Green,Dev Tools & Platforms,Attended,vtb9kojw4q0tc,Sentry,US,hassan.green@sentry.io,Platform Product Manager,1,Dev Tools & Platforms,Sentry,US,,Hassan,Platform Product Manager,Green,United States,,,www.sentry.io,8642833,0,0
bi8nbb2gfwvwo,Philippe,Wee,Cloud & Infrastructure,Attended,vrlewuhdr9vbs,Elastic,NL,philippe.wee@elastic.co,Platform Engineer,4,Cloud & Infrastructure,Elastic,NL,,Philippe,Platform Engineer,Wee,Netherlands,,,www.elastic.co,8068045,0,0
upc86my5sw0y0,Amy,Smith,Enterprise Software,Attended,vu41ksuv49heq,Oracle,US,amy.smith@oracle.com,Senior Solutions Engineer,1,Enterprise Software,Oracle,US,,Amy,Senior Solutions Engineer,Smith,United States,,,www.oracle.com,7719787,0,0
os8j24tjmjiq3,Margaret,Kim,AI & Data,Attended,v4xgohmqsc7m3,DataRobot,US,margaret.kim@datarobot.com,Data Engineer,2,AI & Data,DataRobot,US,,Margaret,Data Engineer,Kim,United States,,,www.datarobot.com,8123441,0,0
fdz3pbzs99dth,Kofi,Weber,Cybersecurity,Attended,vvytgvgmsyi60,Palo Alto Networks,US,kofi.weber@paloaltonetworks.com,Head of Information Security,4,Cybersecurity,Palo Alto Networks,US,,Kofi,Head of Information Security,Weber,United States,,,www.paloaltonetworks.com,8749063,0,0
49vbjxj2yxcgl,Fazilah,King,Cybersecurity,Attended,v28dl4wg5w28u,CyberArk,IL,fazilah.king@cyberark.com,Threat Intelligence Analyst,2,Cybersecurity,CyberArk,IL,,Fazilah,Threat Intelligence Analyst,King,Israel,,,www.cyberark.com,8646864,0,0
ojm6gct1azluk,Yan,Harris,Media/Press,Attended,vjpkrsgl2oatd,TechCrunch,US,yan.harris@techcrunch.com,Tech Reporter,3,Media/Press,TechCrunch,US,,Yan,Tech Reporter,Harris,United States,,,www.techcrunch.com,7898556,0,0
ni1gk2ul4zckh,Melissa,Deng,Dev Tools & Platforms,No show,vn0c9z4bxzfy9,GitHub,US,melissa.deng@github.com,Senior Developer Advocate,0,Dev Tools & Platforms,GitHub,US,,Melissa,Senior Developer Advocate,Deng,United States,,,www.github.com,7050035,0,0
rih5eglkxg7hb,Lucia,Zhao,Cloud & Infrastructure,Attended,voaroe2wbiio3,Snowflake,US,lucia.zhao@snowflake.com,Platform Engineer,3,Cloud & Infrastructure,Snowflake,US,,Lucia,Platform Engineer,Zhao,United States,,,www.snowflake.com,7993265,0,0
tc5b89um37j6n,Carol,Parker,AI & Data,Attended,vxblz6yamlrtr,H2O.ai,US,carol.parker@h2o.ai,Research Scientist,3,AI & Data,H2O.ai,US,,Carol,Research Scientist,Parker,United States,,,www.h2o.ai,8735846,0,0
m7sae5i9eq5qf,Liam,Cox,Enterprise Software,No show,vtsgqol3wsp52,Microsoft,US,liam.cox@microsoft.com,Principal Product Manager,0,Enterprise Software,Microsoft,US,,Liam,Principal Product Manager,Cox,United States,,,www.microsoft.com,7295954,0,0
lkssstqigr5it,Dennis,Chen,IT Consulting & SI,Attended,vq58g11fh9w7d,Deloitte Technology,US,dennis.chen@deloitte.com,"Partner, Technology Practice",3,IT Consulting & SI,Deloitte Technology,US,,Dennis,"Partner, Technology Practice",Chen,United States,,,www.deloitte.com,8420026,0,0
s4g5v2nvkha0t,Pooja,Evans,Cloud & Infrastructure,Attended,v3kxzo1trl0ps,Google Cloud,US,pooja.evans@cloud.google.com,Developer Advocate,3,Cloud & Infrastructure,Google Cloud,US,,Pooja,Developer Advocate,Evans,United States,,,www.cloud.google.com,8056225,0,0
66u4wqqydnw8x,Valentina,Hu,VC & Private Equity,Attended,ve3acdi86yrq2,SoftBank Vision Fund,JP,valentina.hu@softbank.com,Venture Associate,2,VC & Private Equity,SoftBank Vision Fund,JP,,Valentina,Venture Associate,Hu,Japan,,,www.softbank.com,8193351,0,0
yfhtj7tyqqqus,Isabelle,Esposito,Enterprise Software,Attended,vojrt1ujvqwt1,Box,US,isabelle.esposito@box.com,VP of Product,2,Enterprise Software,Box,US,,Isabelle,VP of Product,Esposito,United States,,,www.box.com,8022875,0,0
qhzflpsq5cl21,Yan,Han,IT Consulting & SI,No show,vm8cc8tzph26m,Infosys,IN,yan.han@infosys.com,Associate Director,0,IT Consulting & SI,Infosys,IN,,Yan,Associate Director,Han,India,,,www.infosys.com,8209438,0,0
e11lgpk61ctai,Edward,Sanchez,Cybersecurity,Attended,vjqzp1vtjic1o,Rapid7,US,edward.sanchez@rapid7.com,Security Consultant,1,Cybersecurity,Rapid7,US,,Edward,Security Consultant,Sanchez,United States,,,www.rapid7.com,8257266,0,0
cdfcq35pj51dy,Jeffrey,Hall,IT Consulting & SI,Attended,vhjpasue4rsrt,Accenture,IE,jeffrey.hall@accenture.com,Director of Technology,2,IT Consulting & SI,Accenture,IE,,Jeffrey,Director of Technology,Hall,Ireland,,,www.accenture.com,7867871,0,0
r8ist091qjhdd,Akiko,Smith,Dev Tools & Platforms,Attended,vxcy5u4zodcz4,Twilio,US,akiko.smith@launchdarkly.com,Developer Advocate,4,Dev Tools & Platforms,Twilio,US,,Akiko,Developer Advocate,Smith,United States,,,www.twilio.com,8764605,0,0
pddeeu2qjw4id,Arun,Flores,IT Consulting & SI,Attended,vne1g3peuoh1b,IBM Consulting,US,arun.flores@ibm.com,Associate Director,2,IT Consulting & SI,IBM Consulting,US,,Arun,Associate Director,Flores,United States,,,www.ibm.com,7087139,0,0
jx2q64r0ukswl,Lisa,Morris,VC & Private Equity,Attended,v9i9a2s1tlbnk,Andreessen Horowitz,US,lisa.morris@a16z.com,Principal,2,VC & Private Equity,Andreessen Horowitz,US,,Lisa,Principal,Morris,United States,,,www.a16z.com,7850468,0,0
sy2y1htrfw122,Yan,Kato,VC & Private Equity,Attended,vkij5b2ud2b68,SoftBank Vision Fund,JP,yan.kato@softbank.com,Partner,2,VC & Private Equity,SoftBank Vision Fund,JP,,Yan,Partner,Kato,Japan,,,www.softbank.com,7316001,0,0
ix1ipumo6u34b,Ahmad,Ferrari,IT Consulting & SI,Attended,vta5b205pewmr,Deloitte Technology,US,ahmad.ferrari@deloitte.com,Director of Technology,3,IT Consulting & SI,Deloitte Technology,US,,Ahmad,Director of Technology,Ferrari,United States,,,www.deloitte.com,7896739,0,0
z0fi2u6yocako,Rania,Schulz,Enterprise Software,Attended,vsmfk2xbpf724,Adobe,US,rania.schulz@adobe.com,Solutions Architect,3,Enterprise Software,Adobe,US,,Rania,Solutions Architect,Schulz,United States,,,www.adobe.com,7008337,0,0
zt2t83qrur6m7,Naomi,Johnson,Enterprise Software,Attended,vv0qxtiwrzv3u,SAP,DE,naomi.johnson@sap.com,Engineering Manager,4,Enterprise Software,SAP,DE,,Naomi,Engineering Manager,Johnson,Germany,,,www.sap.com,8359740,0,0
89f4dghtwjjg7,Timothy,Bhatt,Cloud & Infrastructure,No show,vd9ikb3lvl9oy,Google Cloud,US,timothy.bhatt@cloud.google.com,VP of Engineering,0,Cloud & Infrastructure,Google Cloud,US,,Timothy,VP of Engineering,Bhatt,United States,,,www.cloud.google.com,7045540,0,0
bvow825ibdxk4,Matthew,Gupta,Hardware & Semiconductors,Attended,vbieqohbwo7cw,Arm Holdings,GB,matthew.gupta@arm.com,System Architecture Engineer,3,Hardware & Semiconductors,Arm Holdings,GB,,Matthew,System Architecture Engineer,Gupta,United Kingdom,,,www.arm.com,7995573,0,0
wtzkgvdz95brf,Laura,Hall,AI & Data,Attended,vj7kohgqtz0k2,Together AI,US,laura.hall@together.ai,Principal ML Engineer,2,AI & Data,Together AI,US,,Laura,Principal ML Engineer,Hall,United States,,,www.together.ai,8348862,0,0
kvvrhrkrgkq8u,Marie,Pham,AI & Data,Attended,vl4j1pjfqoj7g,DataRobot,US,marie.pham@datarobot.com,Data Engineer,4,AI & Data,DataRobot,US,,Marie,Data Engineer,Pham,United States,,,www.datarobot.com,8151159,0,0
rxicrfi0qe8zz,Nora,Thomas,Enterprise Software,No show,v326xx1a5tvvs,monday.com,IL,nora.thomas@monday.com,Solutions Architect,0,Enterprise Software,monday.com,IL,,Nora,Solutions Architect,Thomas,Israel,,,www.monday.com,7958717,0,0
i8b3dv7ck5p2p,Ngozi,Watanabe,Enterprise Software,Attended,v0k4xq3f23bmh,ServiceNow,US,ngozi.watanabe@servicenow.com,Senior Product Manager,3,Enterprise Software,ServiceNow,US,,Ngozi,Senior Product Manager,Watanabe,United States,,,www.servicenow.com,7301193,0,0
gl2liwix9pt3q,Kofi,Brown,AI & Data,Attended,vaxxt5ne0vfpd,Cohere,CA,kofi.brown@cohere.com,Senior Data Scientist,2,AI & Data,Cohere,CA,,Kofi,Senior Data Scientist,Brown,Canada,,,www.cohere.com,8994845,0,0
pp1a86f9uwhtc,Lucas,Laurent,Hardware & Semiconductors,Attended,v43ddnd694v3k,Qualcomm,US,lucas.laurent@qualcomm.com,Principal VLSI Engineer,4,Hardware & Semiconductors,Qualcomm,US,,Lucas,Principal VLSI Engineer,Laurent,United States,,,www.qualcomm.com,7814501,0,0
gsep0z0e377k8,Meera,Hall,AI & Data,Attended,vnor87ytapane,DataRobot,US,meera.hall@datarobot.com,Research Scientist,3,AI & Data,DataRobot,US,,Meera,Research Scientist,Hall,United States,,,www.datarobot.com,8589302,0,0
ftzuc1s6v40w3,Amy,Ma,IT Consulting & SI,Attended,vde6lxq380k8b,TCS,IN,amy.ma@tcs.com,Technology Consultant,3,IT Consulting & SI,TCS,IN,,Amy,Technology Consultant,Ma,India,,,www.tcs.com,7494720,0,0
7snyoenimox15,Sipho,Zhu,Enterprise Software,Attended,vsicr5pkv79hz,Workday,US,sipho.zhu@workday.com,Principal Product Manager,3,Enterprise Software,Workday,US,,Sipho,Principal Product Manager,Zhu,United States,,,www.workday.com,8569445,0,0
epfx0r99lcq3r,Mohammed,Choi,IT Consulting & SI,No show,v98eezdmsrqco,IBM Consulting,US,mohammed.choi@ibm.com,Associate Director,0,IT Consulting & SI,IBM Consulting,US,,Mohammed,Associate Director,Choi,United States,,,www.ibm.com,7179597,0,0
r1c0ldj2ql5u0,Scott,Davis,AI & Data,Attended,v7w1n50zauz9r,Weights & Biases,US,scott.davis@wandb.ai,Research Scientist,4,AI & Data,Weights & Biases,US,,Scott,Research Scientist,Davis,United States,,,www.wandb.ai,7637078,0,0
33gip3v2z7exp,Omar,Hill,Media/Press,Attended,vl2uw8cpslmvp,VentureBeat,US,omar.hill@venturebeat.com,Tech Reporter,1,Media/Press,VentureBeat,US,,Omar,Tech Reporter,Hill,United States,,,www.venturebeat.com,8564712,0,0
ekktg884sim03,Divya,Feng,Enterprise Software,Attended,vct1raj50nsug,SAP,DE,divya.feng@sap.com,Senior Solutions Engineer,2,Enterprise Software,SAP,DE,,Divya,Senior Solutions Engineer,Feng,Germany,,,www.sap.com,7954695,0,0
fdepcvs4z2fac,Nicholas,Santos,Enterprise Software,Attended,vpt57qieldvoj,Microsoft,US,nicholas.santos@microsoft.com,Customer Success Manager,3,Enterprise Software,Microsoft,US,,Nicholas,Customer Success Manager,Santos,United States,,,www.microsoft.com,8376116,0,0
tf6ird9xzxocr,Astrid,Ho,IT Consulting & SI,Attended,vp6ndsmr3je4a,EY Technology,GB,astrid.ho@ey.com,Senior Technology Consultant,2,IT Consulting & SI,EY Technology,GB,,Astrid,Senior Technology Consultant,Ho,United Kingdom,,,www.ey.com,8050919,0,0
cdciuza523cc4,Sunita,Nair,AI & Data,Attended,v2nt20pvyepzn,Weaviate,NL,sunita.nair@weaviate.io,Applied Research Scientist,4,AI & Data,Weaviate,NL,,Sunita,Applied Research Scientist,Nair,Netherlands,,,www.weaviate.io,7697952,0,0
t8renuuu5xucu,Jean,Santos,Enterprise Software,Attended,v7taqdwxfem3l,Workday,US,jean.santos@workday.com,Director of Engineering,1,Enterprise Software,Workday,US,,Jean,Director of Engineering,Santos,United States,,,www.workday.com,7455985,0,0
5c9sasjy2vjpn,Miku,Nakamura,Enterprise Software,Attended,vfiqjtgyvg4o6,Freshworks,IN,miku.nakamura@freshworks.com,Senior Solutions Engineer,4,Enterprise Software,Freshworks,IN,,Miku,Senior Solutions Engineer,Nakamura,India,,,www.freshworks.com,7573539,0,0
cfkfheax4j4bt,Ibrahim,Choi,IT Consulting & SI,Attended,viid2ym81zanx,Accenture,IE,ibrahim.choi@accenture.com,Associate Director,2,IT Consulting & SI,Accenture,IE,,Ibrahim,Associate Director,Choi,Ireland,,,www.accenture.com,8940590,0,0
qq24wd85yw4h2,Isabelle,Tran,AI & Data,Attended,vincu3r8958f8,NVIDIA,US,isabelle.tran@nvidia.com,Head of Data Science,4,AI & Data,NVIDIA,US,,Isabelle,Head of Data Science,Tran,United States,,,www.nvidia.com,8710650,0,0
drwr2rva2ulzf,Chloe,Iyer,IT Consulting & SI,No show,vqdm6rzq0h1c9,IBM Consulting,US,chloe.iyer@ibm.com,Agile Delivery Lead,0,IT Consulting & SI,IBM Consulting,US,,Chloe,Agile Delivery Lead,Iyer,United States,,,www.ibm.com,8859536,0,0
z8bulo1141aft,Hao,Silva,Dev Tools & Platforms,No show,v2c4zwbmfnd4n,JFrog,US,hao.silva@jfrog.com,Community Manager,0,Dev Tools & Platforms,JFrog,US,,Hao,Community Manager,Silva,United States,,,www.jfrog.com,8350455,0,0
qed87a40i8sve,Brian,Gupta,Cloud & Infrastructure,Attended,vt4gefiy0ctr6,MongoDB,US,brian.gupta@mongodb.com,Solutions Architect,1,Cloud & Infrastructure,MongoDB,US,,Brian,Solutions Architect,Gupta,United States,,,www.mongodb.com,8791920,0,0
xnymwldrv53n8,Klaus,Ho,IT Consulting & SI,Attended,vn84vct1zgj0z,Accenture,IE,klaus.ho@accenture.com,Associate Director,4,IT Consulting & SI,Accenture,IE,,Klaus,Associate Director,Ho,Ireland,,,www.accenture.com,7854613,0,0
u6n7aftnf14sb,Thomas,Tan,IT Consulting & SI,Attended,v533ccemujx64,Deloitte Technology,US,thomas.tan@deloitte.com,Associate Director,3,IT Consulting & SI,Deloitte Technology,US,,Thomas,Associate Director,Tan,United States,,,www.deloitte.com,8742955,0,0
k9bsqpx8i2tkw,Paul,Flores,IT Consulting & SI,Attended,vcb3gjwa4b0ix,Accenture,IE,paul.flores@accenture.com,Technology Consultant,1,IT Consulting & SI,Accenture,IE,,Paul,Technology Consultant,Flores,Ireland,,,www.accenture.com,7605916,0,0
5mwc7ktp6yd6i,Meera,Xu,Enterprise Software,Attended,vjqadh9fakkht,Microsoft,US,meera.xu@microsoft.com,Chief Technology Officer,3,Enterprise Software,Microsoft,US,,Meera,Chief Technology Officer,Xu,United States,,,www.microsoft.com,8832688,0,0
hlrvrltyt3v6l,Mei,Zhang,Hardware & Semiconductors,Attended,vgbk2xwgh71ze,TSMC,TW,mei.zhang@tsmc.com,AI Hardware Architect,2,Hardware & Semiconductors,TSMC,TW,,Mei,AI Hardware Architect,Zhang,Taiwan,,,www.tsmc.com,7503607,0,0
dvt9u6n0rggp0,Amit,Sun,IT Consulting & SI,Attended,vcjfne1fux3u4,Thoughtworks,US,amit.sun@thoughtworks.com,Data & AI Practice Lead,4,IT Consulting & SI,Thoughtworks,US,,Amit,Data & AI Practice Lead,Sun,United States,,,www.thoughtworks.com,8929452,0,0
m0p7t5mc17zgk,Neha,Mueller,Staff,Attended,vp8r4cu0hvi43,FieldDrive Events,BE,neha.mueller@fielddrive.com,Registration & Badging Lead,4,Staff,FieldDrive Events,BE,,Neha,Registration & Badging Lead,Mueller,Belgium,,,www.fielddrive.com,8936220,0,0
8twgesnx1nphd,Neha,Bianchi,Enterprise Software,Attended,vwtjq42wnuc5z,SAP,DE,neha.bianchi@sap.com,VP of Product,3,Enterprise Software,SAP,DE,,Neha,VP of Product,Bianchi,Germany,,,www.sap.com,7975796,0,0
1mvzhh4kiwriq,Philip,Hall,Cybersecurity,Attended,vrpwfhfvvnkic,Rapid7,US,philip.hall@rapid7.com,Head of Information Security,3,Cybersecurity,Rapid7,US,,Philip,Head of Information Security,Hall,United States,,,www.rapid7.com,7796868,0,0
ishwmmjn52hzz,Min-Soo,Xu,IT Consulting & SI,Attended,v2sj8xxlwh60u,TCS,IN,minsoo.xu@tcs.com,Agile Delivery Lead,2,IT Consulting & SI,TCS,IN,,Min-Soo,Agile Delivery Lead,Xu,India,,,www.tcs.com,8791925,0,0
d0cfiz17ybex3,Sarah,Rodriguez,Staff,Attended,vy5ix6tukxnk4,FieldDrive Events,BE,sarah.rodriguez@fielddrive.com,Registration & Badging Lead,4,Staff,FieldDrive Events,BE,,Sarah,Registration & Badging Lead,Rodriguez,Belgium,,,www.fielddrive.com,8430096,0,0
zx1qf8j6pha6f,Mateus,Rahman,Enterprise Software,No show,v70rtcvyevb2o,Workday,US,mateus.rahman@workday.com,Engineering Manager,0,Enterprise Software,Workday,US,,Mateus,Engineering Manager,Rahman,United States,,,www.workday.com,7428701,0,0
9wnqxar3jdx59,Mohammed,Rogers,Dev Tools & Platforms,Attended,vba0t9fpcbztf,Sentry,US,mohammed.rogers@sentry.io,Developer Advocate,2,Dev Tools & Platforms,Sentry,US,,Mohammed,Developer Advocate,Rogers,United States,,,www.sentry.io,8081863,0,0
sl7k4k1w7gr7y,Deborah,Trivedi,Media/Press,Attended,vpl1ouc89hvel,VentureBeat,US,deborah.trivedi@venturebeat.com,Contributing Writer,3,Media/Press,VentureBeat,US,,Deborah,Contributing Writer,Trivedi,United States,,,www.venturebeat.com,7468996,0,0
f65jzloku0man,Michael,Sanchez,Cloud & Infrastructure,No show,v5snw6i51wgl6,Snowflake,US,michael.sanchez@snowflake.com,Platform Engineer,0,Cloud & Infrastructure,Snowflake,US,,Michael,Platform Engineer,Sanchez,United States,,,www.snowflake.com,8172421,0,0
o357ny16oahnm,Pablo,Pedersen,Enterprise Software,No show,voqdp3qoi5g6x,Zendesk,US,pablo.pedersen@zendesk.com,Staff Software Engineer,0,Enterprise Software,Zendesk,US,,Pablo,Staff Software Engineer,Pedersen,United States,,,www.zendesk.com,7917894,0,0
w9znnnim02xi8,Sophie,Scott,Cybersecurity,No show,v8utqe9ahgn2p,CrowdStrike,US,sophie.scott@crowdstrike.com,CISO,0,Cybersecurity,CrowdStrike,US,,Sophie,CISO,Scott,United States,,,www.crowdstrike.com,7774097,0,0
fad6i8p28bt7i,Ngozi,Foo,Cybersecurity,No show,vrv1qyxw0cmsw,CyberArk,IL,ngozi.foo@cyberark.com,VP of Security,0,Cybersecurity,CyberArk,IL,,Ngozi,VP of Security,Foo,Israel,,,www.cyberark.com,7648118,0,0
7ey3tpegpdfdm,Swati,Agarwal,Enterprise Software,Attended,v713pvvqzayjz,Salesforce,US,swati.agarwal@salesforce.com,Solutions Engineer,3,Enterprise Software,Salesforce,US,,Swati,Solutions Engineer,Agarwal,United States,,,www.salesforce.com,8262564,0,0
4owxqaq9jdagn,Fang,Wijaya,Hardware & Semiconductors,Attended,vsngbc1zru9f6,TSMC,TW,fang.wijaya@tsmc.com,"Research Scientist, Silicon",2,Hardware & Semiconductors,TSMC,TW,,Fang,"Research Scientist, Silicon",Wijaya,Taiwan,,,www.tsmc.com,7475932,0,0
fo3776t49o7d2,Hyun,Hoffmann,Cybersecurity,Attended,vjigco7tzuyct,CrowdStrike,US,hyun.hoffmann@crowdstrike.com,Threat Intelligence Analyst,3,Cybersecurity,CrowdStrike,US,,Hyun,Threat Intelligence Analyst,Hoffmann,United States,,,www.crowdstrike.com,7076836,0,0
dt9o49wj3g3qu,Rebecca,Johnson,IT Consulting & SI,No show,v9luew0sq7r50,Accenture,IE,rebecca.johnson@accenture.com,Director of Technology,0,IT Consulting & SI,Accenture,IE,,Rebecca,Director of Technology,Johnson,Ireland,,,www.accenture.com,7377424,0,0
mdeq35sf24pm8,Arthur,Guo,IT Consulting & SI,Attended,vm1hcwlmlrtet,McKinsey Digital,US,arthur.guo@mckinsey.com,Senior Technology Consultant,4,IT Consulting & SI,McKinsey Digital,US,,Arthur,Senior Technology Consultant,Guo,United States,,,www.mckinsey.com,8888950,0,0
0l7rornl3f5tn,Feng,Turner,Cybersecurity,Attended,v2m3prescj8cf,Palo Alto Networks,US,feng.turner@paloaltonetworks.com,Security Consultant,3,Cybersecurity,Palo Alto Networks,US,,Feng,Security Consultant,Turner,United States,,,www.paloaltonetworks.com,8436150,0,0
hze6i9rk98jvv,Yuki,Scott,Hardware & Semiconductors,Attended,vhfzkv5aa7uak,Graphcore,GB,yuki.scott@graphcore.ai,"VP of Product, Silicon",1,Hardware & Semiconductors,Graphcore,GB,,Yuki,"VP of Product, Silicon",Scott,United Kingdom,,,www.graphcore.ai,7116671,0,0
ufxfl7qk2wjmw,Priya,Shah,Dev Tools & Platforms,Attended,v4s8bniiaxzn9,Twilio,US,priya.shah@twilio.com,Developer Advocate,3,Dev Tools & Platforms,Twilio,US,,Priya,Developer Advocate,Shah,United States,,,www.twilio.com,8314447,0,0
ijilo6s0vhlwo,Min-Soo,Perez,IT Consulting & SI,Attended,vzm18ioeruw3j,PwC Advisory,GB,minsoo.perez@pwc.com,Technology Consultant,2,IT Consulting & SI,PwC Advisory,GB,,Min-Soo,Technology Consultant,Perez,United Kingdom,,,www.pwc.com,8990269,0,0
ldzcprxifgdsl,Hassan,Li,Enterprise Software,Attended,va2er8yz7ormf,Microsoft,US,hassan.li@microsoft.com,"Account Executive, Enterprise",4,Enterprise Software,Microsoft,US,,Hassan,"Account Executive, Enterprise",Li,United States,,,www.microsoft.com,8174288,0,0
aozxywakp7f0m,Reza,Zheng,Cloud & Infrastructure,Attended,v3fm7yg19z27a,Cloudflare,US,reza.zheng@cloudflare.com,Senior Site Reliability Engineer,3,Cloud & Infrastructure,Cloudflare,US,,Reza,Senior Site Reliability Engineer,Zheng,United States,,,www.cloudflare.com,7809550,0,0
xmv2z9pwq7f13,Neha,Rossi,Enterprise Software,No show,v9fx1pajehxrw,HubSpot,US,neha.rossi@hubspot.com,Senior Product Manager,0,Enterprise Software,HubSpot,US,,Neha,Senior Product Manager,Rossi,United States,,,www.hubspot.com,7444226,0,0
3qdyy9dsngmqo,Alexander,Adeyemi,Cloud & Infrastructure,Attended,vr7vqg7b9ej6y,Fastly,US,alexander.adeyemi@fastly.com,Chief Technology Officer,4,Cloud & Infrastructure,Fastly,US,,Alexander,Chief Technology Officer,Adeyemi,United States,,,www.fastly.com,8980012,0,0
jwg6u54i26e99,Kevin,Watanabe,IT Consulting & SI,Attended,v744bii3hcvqv,TCS,IN,kevin.watanabe@tcs.com,Technology Consultant,2,IT Consulting & SI,TCS,IN,,Kevin,Technology Consultant,Watanabe,India,,,www.tcs.com,7976905,0,0
3rrhwfggaktmd,Jennifer,Anderson,IT Consulting & SI,Attended,v9cbssxe5pv1a,Thoughtworks,US,jennifer.anderson@thoughtworks.com,Director of Technology,1,IT Consulting & SI,Thoughtworks,US,,Jennifer,Director of Technology,Anderson,United States,,,www.thoughtworks.com,8160463,0,0
x2vyw6ur7i2hm,Ren,Banerjee,IT Consulting & SI,Attended,vw4bqp3jh7uyb,Deloitte Technology,US,ren.banerjee@deloitte.com,Managing Consultant,4,IT Consulting & SI,Deloitte Technology,US,,Ren,Managing Consultant,Banerjee,United States,,,www.deloitte.com,7836143,0,0
uvlmn18k6dd68,Elizabeth,Suzuki,Dev Tools & Platforms,Attended,vil7drp63r5gw,Kong,US,elizabeth.suzuki@konghq.com,VP of Developer Experience,3,Dev Tools & Platforms,Kong,US,,Elizabeth,VP of Developer Experience,Suzuki,United States,,,www.konghq.com,7263989,0,0
jn23w5h87znuv,Jonathan,Romano,Cloud & Infrastructure,Attended,vnuhhgkd1wjjp,Amazon Web Services,US,jonathan.romano@aws.amazon.com,Developer Advocate,3,Cloud & Infrastructure,Amazon Web Services,US,,Jonathan,Developer Advocate,Romano,United States,,,www.aws.amazon.com,7911860,0,0
p6ply26v9lfbj,Oliver,Verma,AI & Data,Attended,vxt3cnry587xi,Cohere,CA,oliver.verma@palantir.com,Research Scientist,3,AI & Data,Cohere,CA,,Oliver,Research Scientist,Verma,Canada,,,www.cohere.com,8654772,0,0
a459qz3q045ok,Mark,Anderson,Staff,Attended,vcg3xn5b78vfd,FieldDrive Events,BE,mark.anderson@fielddrive.com,Conference Coordinator,3,Staff,FieldDrive Events,BE,,Mark,Conference Coordinator,Anderson,Belgium,,,www.fielddrive.com,7711838,0,0
kaqlgxudzm5ns,Sandra,Edwards,Hardware & Semiconductors,Attended,v302c74n0cdrt,Arm Holdings,GB,sandra.edwards@arm.com,System Architecture Engineer,2,Hardware & Semiconductors,Arm Holdings,GB,,Sandra,System Architecture Engineer,Edwards,United Kingdom,,,www.arm.com,7188613,0,0
8eixxgr809j8o,Khalid,Teo,VC & Private Equity,Attended,vf7hnw8yle33q,Andreessen Horowitz,US,khalid.teo@a16z.com,Venture Associate,3,VC & Private Equity,Andreessen Horowitz,US,,Khalid,Venture Associate,Teo,United States,,,www.a16z.com,7603871,0,0
fjyntawyoge6c,Benjamin,Reed,Dev Tools & Platforms,No show,vtdb6lrtlpz1i,GitHub,US,benjamin.reed@github.com,Solutions Engineer,0,Dev Tools & Platforms,GitHub,US,,Benjamin,Solutions Engineer,Reed,United States,,,www.github.com,7530494,0,0
d327ksaua4rj5,Rahul,Bhatt,Cloud & Infrastructure,No show,vuzrt924g1iq3,MongoDB,US,rahul.bhatt@mongodb.com,Staff Infrastructure Engineer,0,Cloud & Infrastructure,MongoDB,US,,Rahul,Staff Infrastructure Engineer,Bhatt,United States,,,www.mongodb.com,8201737,0,0
3vvopnc7m1vk0,Min-Soo,Luo,Cybersecurity,Attended,vf96qifufi9jh,Fortinet,US,minsoo.luo@fortinet.com,SOC Analyst,3,Cybersecurity,Fortinet,US,,Min-Soo,SOC Analyst,Luo,United States,,,www.fortinet.com,7119598,0,0
u0yrqrbdljeu9,Gregory,Trivedi,VC & Private Equity,Attended,vfmzvpxfgrb5r,Bessemer Venture Partners,US,gregory.trivedi@bvp.com,Partner,2,VC & Private Equity,Bessemer Venture Partners,US,,Gregory,Partner,Trivedi,United States,,,www.bvp.com,7521447,0,0
zozenjob3ratq,Babatunde,Scott,IT Consulting & SI,Attended,v824hbq9e4033,Deloitte Technology,US,babatunde.scott@deloitte.com,Managing Consultant,3,IT Consulting & SI,Deloitte Technology,US,,Babatunde,Managing Consultant,Scott,United States,,,www.deloitte.com,8522100,0,0
fwy3i07kdv9ky,Mei,Hidayat,Enterprise Software,Attended,v2o50koj4l17k,Oracle,US,mei.hidayat@workday.com,Senior Product Manager,2,Enterprise Software,Oracle,US,,Mei,Senior Product Manager,Hidayat,United States,,,www.oracle.com,7744166,0,0
nmfpcijlr60a6,Oliver,Kato,Hardware & Semiconductors,Attended,vufcbshut9y6u,Intel,US,oliver.kato@intel.com,Senior Chip Design Engineer,3,Hardware & Semiconductors,Intel,US,,Oliver,Senior Chip Design Engineer,Kato,United States,,,www.intel.com,8030069,0,0
wfew012o78dcp,Nomsa,Xu,Media/Press,Attended,vwl6bmbvucwql,TechCrunch,US,nomsa.xu@techcrunch.com,Tech Reporter,1,Media/Press,TechCrunch,US,,Nomsa,Tech Reporter,Xu,United States,,,www.techcrunch.com,7728141,0,0
47v5kn4nmmpxj,Richard,Jeong,Cybersecurity,Attended,vus2abhwj3u93,Okta,US,richard.jeong@okta.com,Security Architect,3,Cybersecurity,Okta,US,,Richard,Security Architect,Jeong,United States,,,www.okta.com,7591025,0,0
gj9bcr2cl5t2i,Yasmin,Mitchell,IT Consulting & SI,Attended,vp67u1v4avg87,HCL Technologies,IN,yasmin.mitchell@hcltech.com,"Solution Architect, Digital",1,IT Consulting & SI,HCL Technologies,IN,,Yasmin,"Solution Architect, Digital",Mitchell,India,,,www.hcltech.com,7851343,0,0
rykgz6evgba56,Ying,Dlamini,VC & Private Equity,Attended,vpknr37l9thn4,Andreessen Horowitz,US,ying.dlamini@a16z.com,General Partner,1,VC & Private Equity,Andreessen Horowitz,US,,Ying,General Partner,Dlamini,United States,,,www.a16z.com,7758071,0,0
omn6a1l9hoop7,Miho,Chua,IT Consulting & SI,Attended,vsl1jeix1w2g8,McKinsey Digital,US,miho.chua@mckinsey.com,Technology Consultant,2,IT Consulting & SI,McKinsey Digital,US,,Miho,Technology Consultant,Chua,United States,,,www.mckinsey.com,7406063,0,0
upvk8r6ddjden,Meera,Hu,Enterprise Software,Attended,vt2er1cut2k0m,Oracle,US,meera.hu@oracle.com,Chief Technology Officer,3,Enterprise Software,Oracle,US,,Meera,Chief Technology Officer,Hu,United States,,,www.oracle.com,8516751,0,0
7awhmxqrvgs4n,Shu,Goh,Enterprise Software,Attended,v9818tjlnxp66,Atlassian,AU,shu.goh@atlassian.com,Staff Software Engineer,2,Enterprise Software,Atlassian,AU,,Shu,Staff Software Engineer,Goh,Australia,,,www.atlassian.com,7943960,0,0
g7vp6gdgy87qt,Judith,Turner,Enterprise Software,Attended,vhqua6spbyfxl,SAP,DE,judith.turner@sap.com,"Account Executive, Enterprise",2,Enterprise Software,SAP,DE,,Judith,"Account Executive, Enterprise",Turner,Germany,,,www.sap.com,8114962,0,0
69qfsk9ap0o5y,Naomi,Torres,Cybersecurity,Attended,vxbp7fcz7sh63,Okta,US,naomi.torres@okta.com,Head of Information Security,2,Cybersecurity,Okta,US,,Naomi,Head of Information Security,Torres,United States,,,www.okta.com,7359955,0,0
iq2ld6sadvsyh,Chloe,Chua,Enterprise Software,Attended,vegkje3witf9q,Freshworks,IN,chloe.chua@freshworks.com,Engineering Manager,2,Enterprise Software,Freshworks,IN,,Chloe,Engineering Manager,Chua,India,,,www.freshworks.com,7213300,0,0
pmo044qcney9p,Sharon,Harris,Cloud & Infrastructure,Attended,v4nel8svox6so,Google Cloud,US,sharon.harris@cloud.google.com,Senior Site Reliability Engineer,3,Cloud & Infrastructure,Google Cloud,US,,Sharon,Senior Site Reliability Engineer,Harris,United States,,,www.cloud.google.com,7216315,0,0
v72iqeznczf4l,Yusuf,Walker,AI & Data,Attended,vpc8vomftgqp2,Cohere,CA,yusuf.walker@cohere.com,AI/ML Platform Lead,4,AI & Data,Cohere,CA,,Yusuf,AI/ML Platform Lead,Walker,Canada,,,www.cohere.com,8401984,0,0
z1hcfjn647b3j,Seo-Yeon,Sanchez,Enterprise Software,Attended,vdeluanx1dp8c,Zendesk,US,seoyeon.sanchez@zendesk.com,Director of Engineering,1,Enterprise Software,Zendesk,US,,Seo-Yeon,Director of Engineering,Sanchez,United States,,,www.zendesk.com,7421648,0,0
1t4x6cyjqe5an,Peter,Toh,Dev Tools & Platforms,Attended,vutxh1wa50f53,Twilio,US,peter.toh@twilio.com,Developer Success Manager,3,Dev Tools & Platforms,Twilio,US,,Peter,Developer Success Manager,Toh,United States,,,www.twilio.com,7403359,0,0
odzlpny7cy2zq,Dewi,Gray,IT Consulting & SI,Attended,vbbejagx3m4va,HCL Technologies,IN,dewi.gray@hcltech.com,Data & AI Practice Lead,2,IT Consulting & SI,HCL Technologies,IN,,Dewi,Data & AI Practice Lead,Gray,India,,,www.hcltech.com,7951393,0,0
g075mm6m07efx,Xiao,Li,Cloud & Infrastructure,No show,v2k3pmm7tin8y,Amazon Web Services,US,xiao.li@aws.amazon.com,Developer Advocate,0,Cloud & Infrastructure,Amazon Web Services,US,,Xiao,Developer Advocate,Li,United States,,,www.aws.amazon.com,8328472,0,0
2qf2kt9jjcmh3,Melissa,Torres,Dev Tools & Platforms,Attended,v5wtcm2tbqglf,GitLab,US,melissa.torres@gitlab.com,Developer Success Manager,3,Dev Tools & Platforms,GitLab,US,,Melissa,Developer Success Manager,Torres,United States,,,www.gitlab.com,8070361,0,0
zi24s667a0efw,Divya,Kim,IT Consulting & SI,Attended,vjjo22l01xnxj,Wipro,IN,divya.kim@wipro.com,Associate Director,4,IT Consulting & SI,Wipro,IN,,Divya,Associate Director,Kim,India,,,www.wipro.com,7238371,0,0
pi3opnhqfl3je,Kenji,Fischer,AI & Data,Attended,v2hnob2blvjwu,LangChain,US,kenji.fischer@langchain.com,Chief AI Officer,2,AI & Data,LangChain,US,,Kenji,Chief AI Officer,Fischer,United States,,,www.langchain.com,7249842,0,0
co4c694to05dd,Michelle,Banerjee,Enterprise Software,No show,vqqoigk96us74,Salesforce,US,michelle.banerjee@salesforce.com,VP of Engineering,0,Enterprise Software,Salesforce,US,,Michelle,VP of Engineering,Banerjee,United States,,,www.salesforce.com,8238519,0,0
fb4g906ze50kw,Klaus,Nelson,Dev Tools & Platforms,Attended,vd0lbb4yuexyv,Stripe,US,klaus.nelson@stripe.com,Developer Success Manager,4,Dev Tools & Platforms,Stripe,US,,Klaus,Developer Success Manager,Nelson,United States,,,www.stripe.com,7517397,0,0
9u4eg7ash4j9t,Tao,Simon,Hardware & Semiconductors,No show,vsjgwok7xohav,AMD,US,tao.simon@amd.com,AI Hardware Architect,0,Hardware & Semiconductors,AMD,US,,Tao,AI Hardware Architect,Simon,United States,,,www.amd.com,7838833,0,0
blsl5n6hdq8sz,Deepak,Hughes,Media/Press,Attended,v7qstp8nkazdp,The Verge,US,deepak.hughes@theverge.com,Analyst & Commentator,2,Media/Press,The Verge,US,,Deepak,Analyst & Commentator,Hughes,United States,,,www.theverge.com,8829604,0,0
rsmqgxwcrl2ib,Wolfgang,Sun,IT Consulting & SI,Attended,v8193ogp6v88w,Cognizant,US,wolfgang.sun@cognizant.com,Managing Consultant,3,IT Consulting & SI,Cognizant,US,,Wolfgang,Managing Consultant,Sun,United States,,,www.cognizant.com,8255068,0,0
1zhzr9m682lw1,Jessica,Esposito,AI & Data,Attended,vxylnklooafzd,Scale AI,US,jessica.esposito@scale.com,Principal ML Engineer,4,AI & Data,Scale AI,US,,Jessica,Principal ML Engineer,Esposito,United States,,,www.scale.com,7925638,0,0
5wrxpugwvjj2x,Wei,Thomas,VC & Private Equity,Attended,v9jhqzlq3jvz0,Andreessen Horowitz,US,wei.thomas@a16z.com,Partner,4,VC & Private Equity,Andreessen Horowitz,US,,Wei,Partner,Thomas,United States,,,www.a16z.com,8367216,0,0
irxw4och380nq,Patricia,Bell,Cloud & Infrastructure,Attended,vpt7fb0d4j294,Cloudflare,US,patricia.bell@cloudflare.com,Developer Advocate,4,Cloud & Infrastructure,Cloudflare,US,,Patricia,Developer Advocate,Bell,United States,,,www.cloudflare.com,7462893,0,0
rg4q9wcpxbf9x,Hui,Sun,Cybersecurity,Attended,vf3ywq6m3m1nv,Snyk,GB,hui.sun@snyk.io,Senior Security Engineer,3,Cybersecurity,Snyk,GB,,Hui,Senior Security Engineer,Sun,United Kingdom,,,www.snyk.io,7278413,0,0
jhofvf9bpmnox,Isabelle,Sharma,Cloud & Infrastructure,Attended,vw2bg8pcb6978,Cloudflare,US,isabelle.sharma@cloudflare.com,Staff Infrastructure Engineer,4,Cloud & Infrastructure,Cloudflare,US,,Isabelle,Staff Infrastructure Engineer,Sharma,United States,,,www.cloudflare.com,7680556,0,0
glsq5d6dcyz4u,Timothy,Tanaka,AI & Data,Attended,vsvv7ixlljo7w,Databricks,US,timothy.tanaka@databricks.com,Data Engineer,3,AI & Data,Databricks,US,,Timothy,Data Engineer,Tanaka,United States,,,www.databricks.com,7111827,0,0
qaubcniwgbo02,Diego,Moore,Dev Tools & Platforms,Attended,vi89bneoqm48k,GitLab,US,diego.moore@gitlab.com,Community Manager,1,Dev Tools & Platforms,GitLab,US,,Diego,Community Manager,Moore,United States,,,www.gitlab.com,8510166,0,0
c4at6pmntxbj3,Dennis,Parker,Dev Tools & Platforms,No show,v1dnow9d2olsg,GitLab,US,dennis.parker@gitlab.com,Staff Software Engineer,0,Dev Tools & Platforms,GitLab,US,,Dennis,Staff Software Engineer,Parker,United States,,,www.gitlab.com,8135216,0,0
tgwxlxkm6yt4x,Peter,Khanna,Cloud & Infrastructure,Attended,vmgkmz1m4rag6,Confluent,US,peter.khanna@confluent.io,Senior Site Reliability Engineer,3,Cloud & Infrastructure,Confluent,US,,Peter,Senior Site Reliability Engineer,Khanna,United States,,,www.confluent.io,8830142,0,0
zt904v5ytsg1l,Tendai,Srivastava,AI & Data,Attended,vl26wpib83hvv,Weaviate,NL,tendai.srivastava@weaviate.io,Applied Research Scientist,2,AI & Data,Weaviate,NL,,Tendai,Applied Research Scientist,Srivastava,Netherlands,,,www.weaviate.io,8562097,0,0
s3nxppbdsdhpv,Ahmed,Joshi,AI & Data,No show,vidqh79umtiuw,Scale AI,US,ahmed.joshi@scale.com,Research Scientist,0,AI & Data,Scale AI,US,,Ahmed,Research Scientist,Joshi,United States,,,www.scale.com,8505945,0,0
ekvj3qngwoeol,Anita,Rogers,IT Consulting & SI,Attended,v6c1ff6catjqb,NTT Data,JP,anita.rogers@nttdata.com,"Partner, Technology Practice",3,IT Consulting & SI,NTT Data,JP,,Anita,"Partner, Technology Practice",Rogers,Japan,,,www.nttdata.com,7434287,0,0
iohml14i07hmd,Ethan,Cooper,Enterprise Software,Attended,v66dexifh93qy,Oracle,US,ethan.cooper@oracle.com,Customer Success Manager,4,Enterprise Software,Oracle,US,,Ethan,Customer Success Manager,Cooper,United States,,,www.oracle.com,8643692,0,0
dcpz0vcclintt,Jun,Perez,IT Consulting & SI,No show,vi909n78p0twb,Slalom,US,jun.perez@slalom.com,Managing Consultant,0,IT Consulting & SI,Slalom,US,,Jun,Managing Consultant,Perez,United States,,,www.slalom.com,7050911,0,0
qvic0fojjkmaq,Min-Soo,Hassan,IT Consulting & SI,Attended,vj5rr0amqgmny,IBM Consulting,US,minsoo.hassan@ibm.com,Technology Consultant,4,IT Consulting & SI,IBM Consulting,US,,Min-Soo,Technology Consultant,Hassan,United States,,,www.ibm.com,8493143,0,0
8aus6lymmdxuy,Vikram,Luo,Enterprise Software,No show,vfnmms6e9tsu1,HubSpot,US,vikram.luo@hubspot.com,Chief Product Officer,0,Enterprise Software,HubSpot,US,,Vikram,Chief Product Officer,Luo,United States,,,www.hubspot.com,7507863,0,0
5o6qf8sy1vu2a,Pierre,Jung,Enterprise Software,Attended,ve38luk3p1dbq,Oracle,US,pierre.jung@oracle.com,Director of Engineering,3,Enterprise Software,Oracle,US,,Pierre,Director of Engineering,Jung,United States,,,www.oracle.com,7402194,0,0
m9qw3htd8h6d6,Andrew,Torres,VC & Private Equity,Attended,vohf7j7zwqmpm,SoftBank Vision Fund,JP,andrew.torres@softbank.com,Venture Associate,3,VC & Private Equity,SoftBank Vision Fund,JP,,Andrew,Venture Associate,Torres,Japan,,,www.softbank.com,8247290,0,0
uklawnuotsqei,Anita,Becker,IT Consulting & SI,Attended,vmbyy9jho7sxc,McKinsey Digital,US,anita.becker@mckinsey.com,Cloud Migration Specialist,1,IT Consulting & SI,McKinsey Digital,US,,Anita,Cloud Migration Specialist,Becker,United States,,,www.mckinsey.com,8518045,0,0
z9hhm5wkauxgi,Dewi,Banerjee,VC & Private Equity,Attended,vlumqw4cz521s,Bessemer Venture Partners,US,dewi.banerjee@bvp.com,Partner,3,VC & Private Equity,Bessemer Venture Partners,US,,Dewi,Partner,Banerjee,United States,,,www.bvp.com,7602868,0,0
cum6sp9qoc8um,Brigitte,Patel,Enterprise Software,Attended,vfxhp9vgoz7js,Adobe,US,brigitte.patel@adobe.com,Staff Software Engineer,1,Enterprise Software,Adobe,US,,Brigitte,Staff Software Engineer,Patel,United States,,,www.adobe.com,8832021,0,0
10qs2hk44opc4,Luca,Evans,Cybersecurity,Attended,v3x8igtiottoy,Fortinet,US,luca.evans@fortinet.com,CISO,4,Cybersecurity,Fortinet,US,,Luca,CISO,Evans,United States,,,www.fortinet.com,8003358,0,0
qwq7nu1217aq1,Timothy,Ho,IT Consulting & SI,Attended,v5ieplceluqu5,BCG X,US,timothy.ho@bcg.com,Director of Technology,4,IT Consulting & SI,BCG X,US,,Timothy,Director of Technology,Ho,United States,,,www.bcg.com,7329506,0,0
9inofzee488f3,Dorothy,Becker,Cybersecurity,Attended,vdysf1wh00qq1,Palo Alto Networks,US,dorothy.becker@paloaltonetworks.com,SOC Analyst,3,Cybersecurity,Palo Alto Networks,US,,Dorothy,SOC Analyst,Becker,United States,,,www.paloaltonetworks.com,7115563,0,0
yqdn6n9gyrlo9,Carol,Iyer,IT Consulting & SI,No show,vw04q2wz90ue0,IBM Consulting,US,carol.iyer@ibm.com,Data & AI Practice Lead,0,IT Consulting & SI,IBM Consulting,US,,Carol,Data & AI Practice Lead,Iyer,United States,,,www.ibm.com,7728178,0,0
nljvgscdqz47v,Liang,Han,Cybersecurity,Attended,v66gsfwmsq5f8,SentinelOne,US,liang.han@sentinelone.com,SOC Analyst,3,Cybersecurity,SentinelOne,US,,Liang,SOC Analyst,Han,United States,,,www.sentinelone.com,7122147,0,0
3t3m8vz5wiwrg,Nadia,Dey,Hardware & Semiconductors,Attended,vp4rr3g6wtixz,SambaNova Systems,US,nadia.dey@sambanova.ai,Director of Engineering,2,Hardware & Semiconductors,SambaNova Systems,US,,Nadia,Director of Engineering,Dey,United States,,,www.sambanova.ai,8869547,0,0
wi005wdnld6ar,Ingrid,Patel,Cybersecurity,No show,vw4yefapwsnbz,CyberArk,IL,ingrid.patel@cyberark.com,CISO,0,Cybersecurity,CyberArk,IL,,Ingrid,CISO,Patel,Israel,,,www.cyberark.com,7166580,0,0
g5d5a915kxsxw,Frank,Conti,IT Consulting & SI,Attended,vkom2825rs7k3,Wipro,IN,frank.conti@wipro.com,Technology Consultant,3,IT Consulting & SI,Wipro,IN,,Frank,Technology Consultant,Conti,India,,,www.wipro.com,7340426,0,0
0sfkrg76pzexb,Dennis,Arora,IT Consulting & SI,Attended,vs913s7kw56aw,Infosys,IN,dennis.arora@infosys.com,"Solution Architect, Digital",3,IT Consulting & SI,Infosys,IN,,Dennis,"Solution Architect, Digital",Arora,India,,,www.infosys.com,8240970,0,0
p6tfiq84agk1b,Wolfgang,Murphy,IT Consulting & SI,Attended,v4bqka4unngo4,McKinsey Digital,US,wolfgang.murphy@mckinsey.com,Data & AI Practice Lead,3,IT Consulting & SI,McKinsey Digital,US,,Wolfgang,Data & AI Practice Lead,Murphy,United States,,,www.mckinsey.com,7279746,0,0
lilm8q8161dqm,Nicholas,Morris,Enterprise Software,Attended,vqt466nie16dv,Intuit,US,nicholas.morris@intuit.com,VP of Product,4,Enterprise Software,Intuit,US,,Nicholas,VP of Product,Morris,United States,,,www.intuit.com,8033174,0,0
i0bu2aminiltk,Kevin,Williams,AI & Data,Attended,v7yfk8rr2gso8,Together AI,US,kevin.williams@together.ai,Chief AI Officer,3,AI & Data,Together AI,US,,Kevin,Chief AI Officer,Williams,United States,,,www.together.ai,7035704,0,0
6y4iyt1r9ggsp,Brian,Khanna,IT Consulting & SI,No show,vajlrcnkc6bbb,Capgemini,FR,brian.khanna@capgemini.com,Managing Consultant,0,IT Consulting & SI,Capgemini,FR,,Brian,Managing Consultant,Khanna,France,,,www.capgemini.com,8708598,0,0
kz0asoiw2scsi,Pooja,Santoso,AI & Data,No show,v6euqp2x5r3tq,Cohere,CA,pooja.santoso@cohere.com,ML Solutions Architect,0,AI & Data,Cohere,CA,,Pooja,ML Solutions Architect,Santoso,Canada,,,www.cohere.com,7715273,0,0
obvdwp1i1fgsh,Carol,Choi,Enterprise Software,No show,v5cwhyzy1ou8q,monday.com,IL,carol.choi@monday.com,Solutions Architect,0,Enterprise Software,monday.com,IL,,Carol,Solutions Architect,Choi,Israel,,,www.monday.com,7335189,0,0
r62wlymcx7rb0,Omar,Zhu,Cloud & Infrastructure,Attended,vmdd0htjh7zoc,Fastly,US,omar.zhu@fastly.com,Senior Site Reliability Engineer,3,Cloud & Infrastructure,Fastly,US,,Omar,Senior Site Reliability Engineer,Zhu,United States,,,www.fastly.com,7333050,0,0
s5231kmvoscng,Judith,Lee,IT Consulting & SI,Attended,vkwki6e2qhptn,Capgemini,FR,judith.lee@capgemini.com,Director of Technology,2,IT Consulting & SI,Capgemini,FR,,Judith,Director of Technology,Lee,France,,,www.capgemini.com,8696047,0,0
2g42b7mye1zc7,Kevin,Verma,Enterprise Software,Attended,vbvvg5s93s8dy,Workday,US,kevin.verma@workday.com,Engineering Manager,4,Enterprise Software,Workday,US,,Kevin,Engineering Manager,Verma,United States,,,www.workday.com,8121860,0,0
xldcazgnl0nm6,Yusuf,Perez,AI & Data,Attended,vpbtgujz3ywzt,Together AI,US,yusuf.perez@together.ai,AI/ML Platform Lead,4,AI & Data,Together AI,US,,Yusuf,AI/ML Platform Lead,Perez,United States,,,www.together.ai,8920712,0,0
okq6n9lokd796,Carmen,Adams,Enterprise Software,No show,v9m8fsz4nf15j,ServiceNow,US,carmen.adams@servicenow.com,Engineering Manager,0,Enterprise Software,ServiceNow,US,,Carmen,Engineering Manager,Adams,United States,,,www.servicenow.com,8885599,0,0
6h84g1ftr6blw,Melissa,Mitchell,Cloud & Infrastructure,Attended,vh06qp8dttinm,Elastic,NL,melissa.mitchell@elastic.co,DevOps Engineer,2,Cloud & Infrastructure,Elastic,NL,,Melissa,DevOps Engineer,Mitchell,Netherlands,,,www.elastic.co,8743501,0,0
6vzcr9rv3b2ay,Feng,Das,IT Consulting & SI,No show,va4y0w71p2qxy,KPMG Advisory,NL,feng.das@kpmg.com,Technology Consultant,0,IT Consulting & SI,KPMG Advisory,NL,,Feng,Technology Consultant,Das,Netherlands,,,www.kpmg.com,7177156,0,0
rx4q45nx2wb04,Miho,Kato,Cybersecurity,Attended,vw0mmki7tfpkl,Lacework,US,miho.kato@lacework.com,SOC Analyst,3,Cybersecurity,Lacework,US,,Miho,SOC Analyst,Kato,United States,,,www.lacework.com,8779636,0,0
cougsoulmn3fa,Kevin,Jung,Media/Press,No show,v4t7qnvz8328a,Wired,US,kevin.jung@wired.com,Analyst & Commentator,0,Media/Press,Wired,US,,Kevin,Analyst & Commentator,Jung,United States,,,www.wired.com,7004341,0,0
0830n95r3udgc,Christine,Davis,VC & Private Equity,No show,vjt8osgljt18z,Bessemer Venture Partners,US,christine.davis@bvp.com,Partner,0,VC & Private Equity,Bessemer Venture Partners,US,,Christine,Partner,Davis,United States,,,www.bvp.com,8315487,0,0
0rgiddvzz1869,David,Verma,Enterprise Software,Attended,vg492chs7sss3,Salesforce,US,david.verma@salesforce.com,Principal Product Manager,3,Enterprise Software,Salesforce,US,,David,Principal Product Manager,Verma,United States,,,www.salesforce.com,7768489,0,0
gs7i05pk4blr2,Omar,Flores,Enterprise Software,Attended,vuoiyy4bvrbea,Adobe,US,omar.flores@adobe.com,Senior Product Manager,3,Enterprise Software,Adobe,US,,Omar,Senior Product Manager,Flores,United States,,,www.adobe.com,8074830,0,0
q00a87l0n9nwe,Hiroshi,Zhou,Hardware & Semiconductors,Attended,vjf7ietcps99i,TSMC,TW,hiroshi.zhou@tsmc.com,AI Hardware Architect,3,Hardware & Semiconductors,TSMC,TW,,Hiroshi,AI Hardware Architect,Zhou,Taiwan,,,www.tsmc.com,8946038,0,0
2qavjd3ttet59,Sandra,Rivera,Enterprise Software,Attended,vrm7v9t3wybpy,Box,US,sandra.rivera@box.com,Senior Product Manager,4,Enterprise Software,Box,US,,Sandra,Senior Product Manager,Rivera,United States,,,www.box.com,7853451,0,0
t5p5aknjjmc6s,Jae-Won,Bose,IT Consulting & SI,Attended,vpshgy9xj8fhr,Accenture,IE,jaewon.bose@accenture.com,Data & AI Practice Lead,3,IT Consulting & SI,Accenture,IE,,Jae-Won,Data & AI Practice Lead,Bose,Ireland,,,www.accenture.com,7759662,0,0
c5jxj9w48u15c,Shu,Sanchez,Dev Tools & Platforms,Attended,votr1j5cdezvl,Stripe,US,shu.sanchez@stripe.com,Community Manager,4,Dev Tools & Platforms,Stripe,US,,Shu,Community Manager,Sanchez,United States,,,www.stripe.com,7107638,0,0
e7nv7k56of5cd,George,Anderson,AI & Data,Attended,vfm3n50bv6sui,NVIDIA,US,george.anderson@nvidia.com,Data Engineer,2,AI & Data,NVIDIA,US,,George,Data Engineer,Anderson,United States,,,www.nvidia.com,8680081,0,0
wb0nrznqf3kop,Stephanie,Gonzalez,Cloud & Infrastructure,Attended,vok6edlv9rgxb,MongoDB,US,stephanie.gonzalez@mongodb.com,Platform Engineer,4,Cloud & Infrastructure,MongoDB,US,,Stephanie,Platform Engineer,Gonzalez,United States,,,www.mongodb.com,7138605,0,0
520hh28x4svkk,Noah,Ito,VC & Private Equity,Attended,vuc8ak2ivd8dr,Tiger Global,US,noah.ito@tigerglobal.com,Venture Associate,2,VC & Private Equity,Tiger Global,US,,Noah,Venture Associate,Ito,United States,,,www.tigerglobal.com,7065359,0,0
z7bxxqmbcxbn9,Sarah,Lee,Enterprise Software,Attended,vvb68saht65bb,Sprinklr,US,sarah.lee@sprinklr.com,VP of Product,2,Enterprise Software,Sprinklr,US,,Sarah,VP of Product,Lee,United States,,,www.sprinklr.com,8788169,0,0
ke9movbx2atcp,Miho,Dey,Cloud & Infrastructure,No show,vmv0y8x4yfgil,Cloudflare,US,miho.dey@cloudflare.com,DevOps Engineer,0,Cloud & Infrastructure,Cloudflare,US,,Miho,DevOps Engineer,Dey,United States,,,www.cloudflare.com,7705078,0,0
20emtswaalxvg,Soo-Jin,Bell,Enterprise Software,Attended,vpc69m0k1y4fe,Microsoft,US,soojin.bell@microsoft.com,Solutions Engineer,2,Enterprise Software,Microsoft,US,,Soo-Jin,Solutions Engineer,Bell,United States,,,www.microsoft.com,8323659,0,0
60j0d1bqyxgho,Aisha,Scott,VC & Private Equity,Attended,vfu68za1hip93,Tiger Global,US,aisha.scott@tigerglobal.com,General Partner,1,VC & Private Equity,Tiger Global,US,,Aisha,General Partner,Scott,United States,,,www.tigerglobal.com,7397601,0,0
siy6a9wsl4irb,Kento,Howard,Hardware & Semiconductors,Attended,vo2vfs30meq5t,MediaTek,TW,kento.howard@mediatek.com,"Research Scientist, Silicon",2,Hardware & Semiconductors,MediaTek,TW,,Kento,"Research Scientist, Silicon",Howard,Taiwan,,,www.mediatek.com,7736733,0,0
pigmwc52inm9p,Benjamin,Fischer,Dev Tools & Platforms,Attended,vj8ge32vhyzc8,GitHub,US,benjamin.fischer@github.com,Head of Developer Relations,2,Dev Tools & Platforms,GitHub,US,,Benjamin,Head of Developer Relations,Fischer,United States,,,www.github.com,7364591,0,0
s1bjhvekmze9u,Priya,Koh,Cloud & Infrastructure,Attended,vj0r7vd61p3io,Akamai Technologies,US,priya.koh@akamai.com,Platform Engineer,3,Cloud & Infrastructure,Akamai Technologies,US,,Priya,Platform Engineer,Koh,United States,,,www.akamai.com,7386059,0,0
gsy7vh1yglvxf,Wolfgang,Ward,Dev Tools & Platforms,Attended,v5uimwf0l2d2q,PagerDuty,US,wolfgang.ward@pagerduty.com,Senior Developer Advocate,3,Dev Tools & Platforms,PagerDuty,US,,Wolfgang,Senior Developer Advocate,Ward,United States,,,www.pagerduty.com,7345937,0,0
fuu78us8s05h1,Henrik,Zhao,Enterprise Software,Attended,v2c3pjgxj8ecc,Salesforce,US,henrik.zhao@salesforce.com,Senior Product Manager,3,Enterprise Software,Salesforce,US,,Henrik,Senior Product Manager,Zhao,United States,,,www.salesforce.com,7100382,0,0
5ibw0fbwpv4m9,Deborah,Kumar,IT Consulting & SI,Attended,v5rpe5xe4e5yw,Thoughtworks,US,deborah.kumar@thoughtworks.com,Technology Consultant,3,IT Consulting & SI,Thoughtworks,US,,Deborah,Technology Consultant,Kumar,United States,,,www.thoughtworks.com,8134265,0,0
briff6wh8xn8w,Andrew,White,IT Consulting & SI,Attended,vhn8vjf3ge6kr,BCG X,US,andrew.white@bcg.com,Data & AI Practice Lead,2,IT Consulting & SI,BCG X,US,,Andrew,Data & AI Practice Lead,White,United States,,,www.bcg.com,7721817,0,0
yqz5p8c9q36lj,Lucia,Kobayashi,Cloud & Infrastructure,Attended,vaimue2i0lwqb,Google Cloud,US,lucia.kobayashi@cloud.google.com,Senior Site Reliability Engineer,3,Cloud & Infrastructure,Google Cloud,US,,Lucia,Senior Site Reliability Engineer,Kobayashi,United States,,,www.cloud.google.com,7197600,0,0
qcbubv8x1a7w9,Charles,Jung,Dev Tools & Platforms,Attended,vnrdvp5tuz69c,Postman,US,charles.jung@postman.com,VP of Developer Experience,4,Dev Tools & Platforms,Postman,US,,Charles,VP of Developer Experience,Jung,United States,,,www.postman.com,8438908,0,0
qkl4z29dlbt2l,Marie,Nelson,VIP,Attended,vjcknc62v8fcv,NVIDIA,US,marie.nelson@nvidia.com,Chief Product Officer,3,VIP,NVIDIA,US,,Marie,Chief Product Officer,Nelson,United States,,VIP,www.nvidia.com,8829184,0,0
ydr4xlfet3k2n,Dorothy,Sanchez,Cybersecurity,Attended,v74q9my338m13,Fortinet,US,dorothy.sanchez@fortinet.com,Security Consultant,3,Cybersecurity,Fortinet,US,,Dorothy,Security Consultant,Sanchez,United States,,,www.fortinet.com,7910897,0,0
h4uj70gyvdpt6,Aisha,Lee,Enterprise Software,No show,vpkscu6mxscuh,Adobe,US,aisha.lee@monday.com,Engineering Manager,0,Enterprise Software,Adobe,US,,Aisha,Engineering Manager,Lee,United States,,,www.adobe.com,7150599,0,0
lc1e74l9abq5k,Meera,Peterson,IT Consulting & SI,Attended,vffkbov8xaxcf,Thoughtworks,US,meera.peterson@thoughtworks.com,Director of Technology,3,IT Consulting & SI,Thoughtworks,US,,Meera,Director of Technology,Peterson,United States,,,www.thoughtworks.com,7730978,0,0
3q580k5wwcgig,Andrea,Thompson,IT Consulting & SI,Attended,v0zra1346tmp7,McKinsey Digital,US,andrea.thompson@mckinsey.com,"Solution Architect, Digital",3,IT Consulting & SI,McKinsey Digital,US,,Andrea,"Solution Architect, Digital",Thompson,United States,,,www.mckinsey.com,7443218,0,0
qvoe21azp87i1,Philippe,Kim,Enterprise Software,No show,vvb141r0kf6vh,ServiceNow,US,philippe.kim@servicenow.com,Staff Software Engineer,0,Enterprise Software,ServiceNow,US,,Philippe,Staff Software Engineer,Kim,United States,,,www.servicenow.com,7265640,0,0
xhpuqpnrc3zkt,Stephanie,Lee,VC & Private Equity,Attended,v4p6cm363ey89,Bessemer Venture Partners,US,stephanie.lee@bvp.com,Principal,2,VC & Private Equity,Bessemer Venture Partners,US,,Stephanie,Principal,Lee,United States,,,www.bvp.com,7957170,0,0
hopsnt9w3j1bq,Sakura,Hughes,Cloud & Infrastructure,Attended,vwdq6lpwlfnbs,Google Cloud,US,sakura.hughes@cloud.google.com,Cloud Architect,2,Cloud & Infrastructure,Google Cloud,US,,Sakura,Cloud Architect,Hughes,United States,,,www.cloud.google.com,7162728,0,0
72u8f7ldknj45,Sung,Cho,IT Consulting & SI,Attended,v3rm2nhu6f8pv,TCS,IN,sung.cho@tcs.com,Data & AI Practice Lead,3,IT Consulting & SI,TCS,IN,,Sung,Data & AI Practice Lead,Cho,India,,,www.tcs.com,7247458,0,0
s2iqnaczc8mbq,Camila,Adeyemi,Dev Tools & Platforms,Attended,vtuv2rt46jcth,JFrog,US,camila.adeyemi@jfrog.com,VP of Developer Experience,3,Dev Tools & Platforms,JFrog,US,,Camila,VP of Developer Experience,Adeyemi,United States,,,www.jfrog.com,8157769,0,0
dnrmqisp06uwe,Ryo,Esposito,Enterprise Software,No show,vhloomfsqmii3,Box,US,ryo.esposito@box.com,VP of Sales,0,Enterprise Software,Box,US,,Ryo,VP of Sales,Esposito,United States,,,www.box.com,7552229,0,0
bfyroq2qivul5,Deepak,Schulz,AI & Data,Attended,vyzwp4tvdkzg5,LangChain,US,deepak.schulz@langchain.com,Data Engineer,4,AI & Data,LangChain,US,,Deepak,Data Engineer,Schulz,United States,,,www.langchain.com,8786844,0,0
sl828yc1umtcb,Charlotte,Zeng,Enterprise Software,Attended,v7hq574v90i8q,Sprinklr,US,charlotte.zeng@sprinklr.com,VP of Sales,3,Enterprise Software,Sprinklr,US,,Charlotte,VP of Sales,Zeng,United States,,,www.sprinklr.com,8778298,0,0
yf36nysczqwyn,Swati,Rahman,VC & Private Equity,Attended,vvvrm1tpkqt8l,GGV Capital,US,swati.rahman@ggvc.com,General Partner,2,VC & Private Equity,GGV Capital,US,,Swati,General Partner,Rahman,United States,,,www.ggvc.com,8375385,0,0
yqjn32dknls0a,Richard,Cox,VC & Private Equity,Attended,vn97kiiopke36,Accel,US,richard.cox@accel.com,Principal,4,VC & Private Equity,Accel,US,,Richard,Principal,Cox,United States,,,www.accel.com,7169663,0,0
80zilw2fryfy9,Babatunde,Adams,Cloud & Infrastructure,Attended,vafa3rnve3khr,Snowflake,US,babatunde.adams@snowflake.com,Principal Solutions Architect,3,Cloud & Infrastructure,Snowflake,US,,Babatunde,Principal Solutions Architect,Adams,United States,,,www.snowflake.com,7079409,0,0
yjbsjgy8i7lg7,Lin,Zheng,VC & Private Equity,No show,vsly8x66tqyup,Sequoia Capital,US,lin.zheng@sequoiacap.com,General Partner,0,VC & Private Equity,Sequoia Capital,US,,Lin,General Partner,Zheng,United States,,,www.sequoiacap.com,7193060,0,0
5ddp9sjh4rmz9,Jean,Clarke,Enterprise Software,No show,vt33sbfoixhwo,Microsoft,US,jean.clarke@microsoft.com,Engineering Manager,0,Enterprise Software,Microsoft,US,,Jean,Engineering Manager,Clarke,United States,,,www.microsoft.com,8897757,0,0
jbtmmwnvqjivm,Laura,Bose,Enterprise Software,Attended,vb9kzyx5zz021,Atlassian,AU,laura.bose@atlassian.com,Engineering Manager,4,Enterprise Software,Atlassian,AU,,Laura,Engineering Manager,Bose,Australia,,,www.atlassian.com,8848651,0,0
fohhvpn0tytw1,Nancy,Tran,Enterprise Software,Attended,vlk84kqly2gjy,Zendesk,US,nancy.tran@zendesk.com,VP of Sales,2,Enterprise Software,Zendesk,US,,Nancy,VP of Sales,Tran,United States,,,www.zendesk.com,7427991,0,0
izxlfubbcro2o,Jonathan,Koh,IT Consulting & SI,Attended,v54wzeow6wp0u,BCG X,US,jonathan.koh@bcg.com,Managing Consultant,2,IT Consulting & SI,BCG X,US,,Jonathan,Managing Consultant,Koh,United States,,,www.bcg.com,7680437,0,0
44ecxk61gvcvr,Fang,Peterson,Cloud & Infrastructure,Attended,vtcfjv8hx2rfv,Google Cloud,US,fang.peterson@cloud.google.com,Senior Site Reliability Engineer,4,Cloud & Infrastructure,Google Cloud,US,,Fang,Senior Site Reliability Engineer,Peterson,United States,,,www.cloud.google.com,7468930,0,0
1brfy17xozo7q,Walter,Sim,IT Consulting & SI,No show,vpm29qej6fdz0,KPMG Advisory,NL,walter.sim@accenture.com,"Solution Architect, Digital",0,IT Consulting & SI,KPMG Advisory,NL,,Walter,"Solution Architect, Digital",Sim,Netherlands,,,www.kpmg.com,7378809,0,0
rcgohj8gl7pjd,Siti,Toh,Enterprise Software,Attended,v16dupwdpekmw,ServiceNow,US,siti.toh@servicenow.com,Solutions Architect,2,Enterprise Software,ServiceNow,US,,Siti,Solutions Architect,Toh,United States,,,www.servicenow.com,8478336,0,0
y48t5mhr8zlc5,Tendai,Clarke,Cloud & Infrastructure,Attended,v9fkl7nz4rqtq,Elastic,NL,tendai.clarke@elastic.co,Senior Site Reliability Engineer,4,Cloud & Infrastructure,Elastic,NL,,Tendai,Senior Site Reliability Engineer,Clarke,Netherlands,,,www.elastic.co,7632656,0,0
ngdi8spo3a4l1,Ahmed,Dlamini,Enterprise Software,Attended,v6934nbbohwal,SAP,DE,ahmed.dlamini@sap.com,Chief Technology Officer,3,Enterprise Software,SAP,DE,,Ahmed,Chief Technology Officer,Dlamini,Germany,,,www.sap.com,7643280,0,0
vfuiy13ym765w,Klaus,Srivastava,AI & Data,No show,vm06hce0lo1z2,Together AI,US,klaus.srivastava@together.ai,Research Scientist,0,AI & Data,Together AI,US,,Klaus,Research Scientist,Srivastava,United States,,,www.together.ai,7064455,0,0
j4kt8kx7g9s0g,Khairul,Tanaka,Enterprise Software,No show,vd5n0guql27li,Sprinklr,US,khairul.tanaka@sprinklr.com,Senior Product Manager,0,Enterprise Software,Sprinklr,US,,Khairul,Senior Product Manager,Tanaka,United States,,,www.sprinklr.com,8148656,0,0
kkqahsu1giq05,Paul,Wagner,Enterprise Software,Attended,vpmyfkzc7c53d,ServiceNow,US,paul.wagner@servicenow.com,Engineering Manager,3,Enterprise Software,ServiceNow,US,,Paul,Engineering Manager,Wagner,United States,,,www.servicenow.com,8338315,0,0
8sokpaag3dur5,Kathleen,Costa,IT Consulting & SI,Attended,vp40tfu3cegsa,Cognizant,US,kathleen.costa@cognizant.com,Technology Consultant,4,IT Consulting & SI,Cognizant,US,,Kathleen,Technology Consultant,Costa,United States,,,www.cognizant.com,7828347,0,0
8z3h34j44y5hj,Greta,Young,Enterprise Software,Attended,v4huu4dxs16xq,Salesforce,US,greta.young@salesforce.com,Director of Engineering,2,Enterprise Software,Salesforce,US,,Greta,Director of Engineering,Young,United States,,,www.salesforce.com,8390220,0,0
pi7gcwjb5c5xi,Haruto,Nelson,Enterprise Software,No show,vuiwd6x6yyybw,HubSpot,US,haruto.nelson@hubspot.com,Principal Product Manager,0,Enterprise Software,HubSpot,US,,Haruto,Principal Product Manager,Nelson,United States,,,www.hubspot.com,8730482,0,0
brck21bzpqct2,Maria,Rahman,IT Consulting & SI,Attended,vfzthlq145gnd,Infosys,IN,maria.rahman@infosys.com,"Solution Architect, Digital",1,IT Consulting & SI,Infosys,IN,,Maria,"Solution Architect, Digital",Rahman,India,,,www.infosys.com,8369484,0,0
uumcnjy6mzew0,Dorothy,Yamamoto,IT Consulting & SI,Attended,vu5nqwlfns962,Wipro,IN,dorothy.yamamoto@wipro.com,Managing Consultant,2,IT Consulting & SI,Wipro,IN,,Dorothy,Managing Consultant,Yamamoto,India,,,www.wipro.com,8274656,0,0
2d93h37k5id10,Layla,Pham,Enterprise Software,Attended,v9rk7zd9m0af6,Salesforce,US,layla.pham@salesforce.com,Senior Product Manager,4,Enterprise Software,Salesforce,US,,Layla,Senior Product Manager,Pham,United States,,,www.salesforce.com,7679641,0,0
uvanxahdql5dl,Alejandro,Laurent,Dev Tools & Platforms,Attended,vl5p8g8oef28t,Postman,US,alejandro.laurent@postman.com,Head of Developer Relations,3,Dev Tools & Platforms,Postman,US,,Alejandro,Head of Developer Relations,Laurent,United States,,,www.postman.com,8196605,0,0
yd0807knn2xi0,Mark,Jung,Media/Press,Attended,v8rpice12g8ei,Protocol,US,mark.jung@protocol.com,Senior Correspondent,3,Media/Press,Protocol,US,,Mark,Senior Correspondent,Jung,United States,,,www.protocol.com,8444115,0,0
husb1mw8xkhg4,Mark,Song,Dev Tools & Platforms,Attended,v2gxrl6fvdzl1,Temporal,US,mark.song@temporal.io,Community Manager,3,Dev Tools & Platforms,Temporal,US,,Mark,Community Manager,Song,United States,,,www.temporal.io,7652102,0,0
xxec7i394w1b2,Cynthia,Thompson,Hardware & Semiconductors,Attended,vtw5u0oi1awok,AMD,US,cynthia.thompson@amd.com,Senior Chip Design Engineer,3,Hardware & Semiconductors,AMD,US,,Cynthia,Senior Chip Design Engineer,Thompson,United States,,,www.amd.com,8134243,0,0
w6h19vvz7c5m1,Soo-Jin,Turner,Cloud & Infrastructure,Attended,v4frqbn3677dt,Confluent,US,soojin.turner@confluent.io,Platform Engineer,4,Cloud & Infrastructure,Confluent,US,,Soo-Jin,Platform Engineer,Turner,United States,,,www.confluent.io,7166072,0,0
75tflwest0her,Noah,Trivedi,Cybersecurity,Attended,vhesxigzql15r,CrowdStrike,US,noah.trivedi@crowdstrike.com,Threat Intelligence Analyst,2,Cybersecurity,CrowdStrike,US,,Noah,Threat Intelligence Analyst,Trivedi,United States,,,www.crowdstrike.com,8137885,0,0
tfgmum0a127ch,Brigitte,Evans,IT Consulting & SI,No show,v8tise0lz99up,Slalom,US,brigitte.evans@slalom.com,Director of Technology,0,IT Consulting & SI,Slalom,US,,Brigitte,Director of Technology,Evans,United States,,,www.slalom.com,8577345,0,0
eanor0estct8n,Anna,Morris,Dev Tools & Platforms,No show,v21s0gdgvpxrg,Twilio,US,anna.morris@twilio.com,Community Manager,0,Dev Tools & Platforms,Twilio,US,,Anna,Community Manager,Morris,United States,,,www.twilio.com,8712094,0,0
5yotyr5rundu7,Camila,Ito,Hardware & Semiconductors,Attended,vx719ny3ya71l,SambaNova Systems,US,camila.ito@sambanova.ai,"Research Scientist, Silicon",4,Hardware & Semiconductors,SambaNova Systems,US,,Camila,"Research Scientist, Silicon",Ito,United States,,,www.sambanova.ai,8705425,0,0
07n17lg3ua59g,Jonathan,Ito,Hardware & Semiconductors,Attended,v9fl426g6i9dd,Graphcore,GB,jonathan.ito@graphcore.ai,Director of Engineering,4,Hardware & Semiconductors,Graphcore,GB,,Jonathan,Director of Engineering,Ito,United Kingdom,,,www.graphcore.ai,8214924,0,0
6d07cpg590wbk,Pablo,Ho,VIP,No show,vp48n7pkqk173,Microsoft,US,pablo.ho@microsoft.com,Chief Executive Officer,0,VIP,Microsoft,US,,Pablo,Chief Executive Officer,Ho,United States,,VIP,www.microsoft.com,8702198,0,0
liymwl7gfrd42,Alejandro,Suzuki,Enterprise Software,Attended,vywbnggjxix9d,Atlassian,AU,alejandro.suzuki@atlassian.com,"Account Executive, Enterprise",3,Enterprise Software,Atlassian,AU,,Alejandro,"Account Executive, Enterprise",Suzuki,Australia,,,www.atlassian.com,8228194,0,0
d2ylxdyqpty5x,Lin,Wang,Enterprise Software,Attended,v7iatmysjjefs,Workday,US,lin.wang@workday.com,Head of Growth,3,Enterprise Software,Workday,US,,Lin,Head of Growth,Wang,United States,,,www.workday.com,8955989,0,0
ubpr0w6u7hknd,Fazilah,Sharma,Enterprise Software,No show,vaz54qygkc1uv,SAP,DE,fazilah.sharma@sap.com,Chief Product Officer,0,Enterprise Software,SAP,DE,,Fazilah,Chief Product Officer,Sharma,Germany,,,www.sap.com,8877708,0,0
tbbitd1q6gxb3,Maria,Dey,AI & Data,Attended,vdiebyfzv1301,NVIDIA,US,maria.dey@nvidia.com,ML Solutions Architect,1,AI & Data,NVIDIA,US,,Maria,ML Solutions Architect,Dey,United States,,,www.nvidia.com,7236061,0,0
slij9it3awpqs,Juan,Loh,Hardware & Semiconductors,Attended,vhe9g1bmfxoms,MediaTek,TW,juan.loh@mediatek.com,Chief Technology Officer,4,Hardware & Semiconductors,MediaTek,TW,,Juan,Chief Technology Officer,Loh,Taiwan,,,www.mediatek.com,8541032,0,0
f3ewpxa41qdph,Lars,Verma,IT Consulting & SI,No show,vjuf4frodq4ak,LTIMindtree,IN,lars.verma@ltimindtree.com,Senior Technology Consultant,0,IT Consulting & SI,LTIMindtree,IN,,Lars,Senior Technology Consultant,Verma,India,,,www.ltimindtree.com,7836666,0,0
p24szge5inpsq,Miguel,Parker,IT Consulting & SI,Attended,vgnvqguf1soyx,Capgemini,FR,miguel.parker@capgemini.com,Technology Consultant,3,IT Consulting & SI,Capgemini,FR,,Miguel,Technology Consultant,Parker,France,,,www.capgemini.com,8649032,0,0
j5jgbqkgkl4bl,Dewi,Zhang,AI & Data,Attended,vqj6276yold3z,NVIDIA,US,dewi.zhang@nvidia.com,Senior Data Scientist,2,AI & Data,NVIDIA,US,,Dewi,Senior Data Scientist,Zhang,United States,,,www.nvidia.com,7095461,0,0
scnrzuk6q6gho,Naomi,Thomas,Hardware & Semiconductors,Attended,v36ap0h9gtin0,Arm Holdings,GB,naomi.thomas@arm.com,"VP of Product, Silicon",4,Hardware & Semiconductors,Arm Holdings,GB,,Naomi,"VP of Product, Silicon",Thomas,United Kingdom,,,www.arm.com,8410728,0,0
0ksj7ivk0gooh,Hiroshi,Rahman,Hardware & Semiconductors,Attended,v6d8szi5ikzwk,AMD,US,hiroshi.rahman@intel.com,AI Hardware Architect,2,Hardware & Semiconductors,AMD,US,,Hiroshi,AI Hardware Architect,Rahman,United States,,,www.amd.com,7194484,0,0
oivv4lp8uw1u8,Jean,Reddy,AI & Data,Attended,vdawsuh4l3i7n,Hugging Face,US,jean.reddy@huggingface.co,Data Engineer,3,AI & Data,Hugging Face,US,,Jean,Data Engineer,Reddy,United States,,,www.huggingface.co,8599547,0,0
dad7vof72hgte,Cynthia,Tan,Enterprise Software,Attended,vnjejfj7fws19,Intuit,US,cynthia.tan@intuit.com,Staff Software Engineer,3,Enterprise Software,Intuit,US,,Cynthia,Staff Software Engineer,Tan,United States,,,www.intuit.com,8485523,0,0
ue75ihl2tjhg1,Gregory,Ferrari,Hardware & Semiconductors,Attended,vjjnsovj625wo,Intel,US,gregory.ferrari@intel.com,AI Hardware Architect,4,Hardware & Semiconductors,Intel,US,,Gregory,AI Hardware Architect,Ferrari,United States,,,www.intel.com,7704745,0,0
36dypkn69bdh5,Meera,Robinson,Cybersecurity,Attended,vrgoefqbki13y,Wiz,US,meera.robinson@wiz.io,Security Consultant,1,Cybersecurity,Wiz,US,,Meera,Security Consultant,Robinson,United States,,,www.wiz.io,8191522,0,0
f6im0c3vfrnr4,Mark,Zhu,Cybersecurity,No show,v27qxb1j6jmlb,Rapid7,US,mark.zhu@rapid7.com,Senior Security Engineer,0,Cybersecurity,Rapid7,US,,Mark,Senior Security Engineer,Zhu,United States,,,www.rapid7.com,8797832,0,0
7swpmu6gyroxi,Timothy,Shah,IT Consulting & SI,No show,v4zjblrssuy6k,PwC Advisory,GB,timothy.shah@pwc.com,Technology Consultant,0,IT Consulting & SI,PwC Advisory,GB,,Timothy,Technology Consultant,Shah,United Kingdom,,,www.pwc.com,8496799,0,0
i48m0kxanz95c,Mohammed,Ito,Enterprise Software,Attended,vte65i0m2aj0t,Box,US,mohammed.ito@box.com,Staff Software Engineer,3,Enterprise Software,Box,US,,Mohammed,Staff Software Engineer,Ito,United States,,,www.box.com,8220331,0,0
rixg2rjfsuaok,Ingrid,Martin,Cybersecurity,Attended,v48xkhlktuqg0,Palo Alto Networks,US,ingrid.martin@paloaltonetworks.com,Security Consultant,2,Cybersecurity,Palo Alto Networks,US,,Ingrid,Security Consultant,Martin,United States,,,www.paloaltonetworks.com,7008733,0,0
e4kvfqz24beya,Sakura,Campbell,Cloud & Infrastructure,Attended,vm460qxcdac4k,Datadog,US,sakura.campbell@datadoghq.com,Developer Advocate,4,Cloud & Infrastructure,Datadog,US,,Sakura,Developer Advocate,Campbell,United States,,,www.datadoghq.com,7759089,0,0
09ajt3vg2d2ol,Sarah,Andersen,IT Consulting & SI,Attended,v48f139fdjkjw,Thoughtworks,US,sarah.andersen@thoughtworks.com,VP of Digital Transformation,3,IT Consulting & SI,Thoughtworks,US,,Sarah,VP of Digital Transformation,Andersen,United States,,,www.thoughtworks.com,7206941,0,0
67yd9puq3kpjy,Xiao,Torres,Enterprise Software,Attended,vzrgbqs6g8z0u,ServiceNow,US,xiao.torres@servicenow.com,"Account Executive, Enterprise",3,Enterprise Software,ServiceNow,US,,Xiao,"Account Executive, Enterprise",Torres,United States,,,www.servicenow.com,7168374,0,0
h0mh742dy3x7v,Jae-Won,Dey,VC & Private Equity,No show,v5wwwoslk2ras,Andreessen Horowitz,US,jaewon.dey@a16z.com,Partner,0,VC & Private Equity,Andreessen Horowitz,US,,Jae-Won,Partner,Dey,United States,,,www.a16z.com,7965690,0,0
9ead0sriajw44,Pooja,He,VC & Private Equity,No show,vqdznx80e88r2,Sequoia Capital,US,pooja.he@sequoiacap.com,Venture Associate,0,VC & Private Equity,Sequoia Capital,US,,Pooja,Venture Associate,He,United States,,,www.sequoiacap.com,7628694,0,0
tb5igs3qnxzqf,Kwame,Luo,VC & Private Equity,Attended,vs3wap6xxp5i9,Accel,US,kwame.luo@accel.com,Principal,3,VC & Private Equity,Accel,US,,Kwame,Principal,Luo,United States,,,www.accel.com,7365046,0,0
jrje9bxpoppo7,Camila,Moore,Enterprise Software,Attended,vq1azkce02xmt,Adobe,US,camila.moore@adobe.com,Solutions Architect,2,Enterprise Software,Adobe,US,,Camila,Solutions Architect,Moore,United States,,,www.adobe.com,8187473,0,0
e5mfj3kez8ue5,Swati,Phillips,Cloud & Infrastructure,No show,vl9pvsblvqreh,Cloudflare,US,swati.phillips@cloudflare.com,Developer Advocate,0,Cloud & Infrastructure,Cloudflare,US,,Swati,Developer Advocate,Phillips,United States,,,www.cloudflare.com,8465002,0,0
wiqbrkl1pll7u,Jonathan,Anderson,Enterprise Software,Attended,vacyrvhm2f5zn,Intuit,US,jonathan.anderson@intuit.com,Chief Technology Officer,3,Enterprise Software,Intuit,US,,Jonathan,Chief Technology Officer,Anderson,United States,,,www.intuit.com,7368159,0,0
xi5w1vhqxo9sl,Sanjay,Cooper,Cloud & Infrastructure,Attended,vps19wgxokrj0,DigitalOcean,US,sanjay.cooper@digitalocean.com,Cloud Architect,3,Cloud & Infrastructure,DigitalOcean,US,,Sanjay,Cloud Architect,Cooper,United States,,,www.digitalocean.com,8715390,0,0
65oxauzu9mw2w,John,Young,Dev Tools & Platforms,No show,votcypjbqslf4,Stripe,US,john.young@stripe.com,VP of Developer Experience,0,Dev Tools & Platforms,Stripe,US,,John,VP of Developer Experience,Young,United States,,,www.stripe.com,8349557,0,0
1ir70iofsl3qa,Helen,Collins,AI & Data,Attended,vz7xu67pa3ljq,Palantir Technologies,US,helen.collins@palantir.com,Principal ML Engineer,3,AI & Data,Palantir Technologies,US,,Helen,Principal ML Engineer,Collins,United States,,,www.palantir.com,8347188,0,0
360bgpoq59m73,Andrew,Hoffmann,Cloud & Infrastructure,Attended,vslz3z72r5i1s,Akamai Technologies,US,andrew.hoffmann@akamai.com,Cloud Architect,4,Cloud & Infrastructure,Akamai Technologies,US,,Andrew,Cloud Architect,Hoffmann,United States,,,www.akamai.com,8891058,0,0
iikiwb5yhexld,Michelle,Srivastava,AI & Data,Attended,vx77skj63hw22,Pinecone,US,michelle.srivastava@pinecone.io,Principal Data Scientist,3,AI & Data,Pinecone,US,,Michelle,Principal Data Scientist,Srivastava,United States,,,www.pinecone.io,7555431,0,0
9f72d4pur9ztq,Rahul,Wijaya,Cybersecurity,Attended,vrm840dk2ovxu,Rapid7,US,rahul.wijaya@rapid7.com,Head of Information Security,3,Cybersecurity,Rapid7,US,,Rahul,Head of Information Security,Wijaya,United States,,,www.rapid7.com,8740948,0,0
568hjgwbwkrhq,Ngozi,Cheng,Media/Press,Attended,vd8lzfvmyui9h,The Verge,US,ngozi.cheng@theverge.com,Tech Reporter,2,Media/Press,The Verge,US,,Ngozi,Tech Reporter,Cheng,United States,,,www.theverge.com,8389362,0,0
xgqhiodilh4eb,Hans,Kobayashi,Staff,Attended,vcdw57iahs3uc,FieldDrive Events,BE,hans.kobayashi@fielddrive.com,Technical Support Specialist,2,Staff,FieldDrive Events,BE,,Hans,Technical Support Specialist,Kobayashi,Belgium,,,www.fielddrive.com,7012243,0,0
9m9n31372vfw1,Raj,Davies,Enterprise Software,Attended,v7vupasaqhfba,Microsoft,US,raj.davies@microsoft.com,Customer Success Manager,3,Enterprise Software,Microsoft,US,,Raj,Customer Success Manager,Davies,United States,,,www.microsoft.com,7770319,0,0
xtme7h8lgic5l,Ali,Smith,Cloud & Infrastructure,Attended,v3uq03jwwutsx,Datadog,US,ali.smith@datadoghq.com,DevOps Engineer,3,Cloud & Infrastructure,Datadog,US,,Ali,DevOps Engineer,Smith,United States,,,www.datadoghq.com,7872918,0,0
sqzcuz68yu3ug,Fazilah,Ferrari,Media/Press,Attended,v7yhwb24rsb4r,MIT Technology Review,US,fazilah.ferrari@technologyreview.com,Tech Reporter,4,Media/Press,MIT Technology Review,US,,Fazilah,Tech Reporter,Ferrari,United States,,,www.technologyreview.com,8125487,0,0
gy51wtm7xl8wq,Chloe,Santoso,Hardware & Semiconductors,Attended,vm1wt4a7ccdmb,AMD,US,chloe.santoso@amd.com,Principal VLSI Engineer,3,Hardware & Semiconductors,AMD,US,,Chloe,Principal VLSI Engineer,Santoso,United States,,,www.amd.com,8875417,0,0
x2xs4f4cc28fl,Brigitte,Koh,Dev Tools & Platforms,Attended,vk3bx47wa9jzx,GitLab,US,brigitte.koh@gitlab.com,Developer Advocate,2,Dev Tools & Platforms,GitLab,US,,Brigitte,Developer Advocate,Koh,United States,,,www.gitlab.com,8054481,0,0
h8c7l75z0vqox,Maria,Bell,Staff,Attended,vif0gb613wmfx,FieldDrive Events,BE,maria.bell@fielddrive.com,Venue Operations Staff,4,Staff,FieldDrive Events,BE,,Maria,Venue Operations Staff,Bell,Belgium,,,www.fielddrive.com,7019768,0,0
31t3a1vv87syr,Sanjay,Seah,Hardware & Semiconductors,Attended,vwbhobqqoj8cg,Qualcomm,US,sanjay.seah@qualcomm.com,AI Hardware Architect,2,Hardware & Semiconductors,Qualcomm,US,,Sanjay,AI Hardware Architect,Seah,United States,,,www.qualcomm.com,7998299,0,0
0m9vewzz8328q,Astrid,Rogers,Cloud & Infrastructure,Attended,v9nndiomyi4of,Datadog,US,astrid.rogers@datadoghq.com,Cloud Architect,2,Cloud & Infrastructure,Datadog,US,,Astrid,Cloud Architect,Rogers,United States,,,www.datadoghq.com,8292253,0,0
cuvajscwo5bnp,Yusuf,Kobayashi,Cloud & Infrastructure,No show,vagbdqny0x91i,Vercel,US,yusuf.kobayashi@vercel.com,Developer Advocate,0,Cloud & Infrastructure,Vercel,US,,Yusuf,Developer Advocate,Kobayashi,United States,,,www.vercel.com,7479891,0,0
2rc0h41nqxuc1,Philippe,Deng,IT Consulting & SI,Attended,vp7zcpbdtg0az,Cognizant,US,philippe.deng@cognizant.com,Cloud Migration Specialist,2,IT Consulting & SI,Cognizant,US,,Philippe,Cloud Migration Specialist,Deng,United States,,,www.cognizant.com,7380448,0,0
a7xzuy84o6yi8,Yan,Becker,VC & Private Equity,Attended,vb8mc02zkehl3,GGV Capital,US,yan.becker@ggvc.com,Partner,3,VC & Private Equity,GGV Capital,US,,Yan,Partner,Becker,United States,,,www.ggvc.com,7118717,0,0
09wok4hzwlsse,Henrik,Schulz,VC & Private Equity,Attended,vastuxy80ym13,Sequoia Capital,US,henrik.schulz@sequoiacap.com,Investment Director,3,VC & Private Equity,Sequoia Capital,US,,Henrik,Investment Director,Schulz,United States,,,www.sequoiacap.com,7695201,0,0
3e2qt53bzbbgb,Hui,Yang,Dev Tools & Platforms,Attended,v2q40wedmhitc,Kong,US,hui.yang@konghq.com,Solutions Engineer,2,Dev Tools & Platforms,Kong,US,,Hui,Solutions Engineer,Yang,United States,,,www.konghq.com,8795263,0,0
i1so4cxlc3jgv,Emma,Mitchell,Enterprise Software,Attended,vf3yymvvg7h0q,Adobe,US,emma.mitchell@adobe.com,VP of Engineering,3,Enterprise Software,Adobe,US,,Emma,VP of Engineering,Mitchell,United States,,,www.adobe.com,8541460,0,0
luc60c1wsmhpb,Babatunde,Bianchi,VC & Private Equity,Attended,v1hka4hrait2m,SoftBank Vision Fund,JP,babatunde.bianchi@softbank.com,Principal,4,VC & Private Equity,SoftBank Vision Fund,JP,,Babatunde,Principal,Bianchi,Japan,,,www.softbank.com,7274313,0,0
5kq0k1bdnk6s6,Lars,Kobayashi,Dev Tools & Platforms,Attended,vs5cg01xgql16,JFrog,US,lars.kobayashi@jfrog.com,Developer Success Manager,4,Dev Tools & Platforms,JFrog,US,,Lars,Developer Success Manager,Kobayashi,United States,,,www.jfrog.com,8040038,0,0
ar3z3yp7k0bl3,Ryo,Hoffmann,Cybersecurity,Attended,v1jewmgb4m3lg,Tenable,US,ryo.hoffmann@tenable.com,Threat Intelligence Analyst,2,Cybersecurity,Tenable,US,,Ryo,Threat Intelligence Analyst,Hoffmann,United States,,,www.tenable.com,8142208,0,0
fq5axk826qepf,Khalid,Sim,AI & Data,Attended,vv645s216k8c9,Scale AI,US,khalid.sim@scale.com,Principal ML Engineer,3,AI & Data,Scale AI,US,,Khalid,Principal ML Engineer,Sim,United States,,,www.scale.com,8313110,0,0
q5u36jf3f6jub,Ama,Jones,AI & Data,Attended,vknu133gy1mwm,LangChain,US,ama.jones@langchain.com,Research Scientist,4,AI & Data,LangChain,US,,Ama,Research Scientist,Jones,United States,,,www.langchain.com,7577885,0,0
1t4dekox8uqtt,Jeffrey,Davis,AI & Data,Attended,vwr2rauif9gfw,NVIDIA,US,jeffrey.davis@nvidia.com,Data Engineer,3,AI & Data,NVIDIA,US,,Jeffrey,Data Engineer,Davis,United States,,,www.nvidia.com,8440068,0,0
z4qc6km6cbm89,Rahul,Chen,Media/Press,Attended,vrl7snxin6y8q,The Verge,US,rahul.chen@theverge.com,Analyst & Commentator,4,Media/Press,The Verge,US,,Rahul,Analyst & Commentator,Chen,United States,,,www.theverge.com,7830569,0,0
ye5gc1ci1xf51,Soo-Jin,Jeong,Cloud & Infrastructure,Attended,vn04zoh25esai,Akamai Technologies,US,soojin.jeong@akamai.com,Senior Site Reliability Engineer,3,Cloud & Infrastructure,Akamai Technologies,US,,Soo-Jin,Senior Site Reliability Engineer,Jeong,United States,,,www.akamai.com,7216524,0,0
3r4edfucq07bc,Juan,Jones,AI & Data,Attended,vegde8wa2j0m8,Pinecone,US,juan.jones@pinecone.io,Head of Data Science,4,AI & Data,Pinecone,US,,Juan,Head of Data Science,Jones,United States,,,www.pinecone.io,8613676,0,0
6121gzidg9265,Reza,Hansen,Hardware & Semiconductors,Attended,vw2ecwz5hd5kn,AMD,US,reza.hansen@amd.com,AI Hardware Architect,4,Hardware & Semiconductors,AMD,US,,Reza,AI Hardware Architect,Hansen,United States,,,www.amd.com,7786665,0,0
bj4b1yq2xjssa,Rachel,Tanaka,AI & Data,Attended,ve1pbt1q279iz,H2O.ai,US,rachel.tanaka@h2o.ai,Principal Data Scientist,3,AI & Data,H2O.ai,US,,Rachel,Principal Data Scientist,Tanaka,United States,,,www.h2o.ai,7798143,0,0
w4ud35enm12bb,Lucas,Deng,VC & Private Equity,Attended,vckmr8pjij1fo,Andreessen Horowitz,US,lucas.deng@a16z.com,Principal,2,VC & Private Equity,Andreessen Horowitz,US,,Lucas,Principal,Deng,United States,,,www.a16z.com,7550240,0,0
ikp7slmgs9vkq,Emma,Romano,Cybersecurity,No show,vkrhzo7e887r1,SentinelOne,US,emma.romano@sentinelone.com,Head of Information Security,0,Cybersecurity,SentinelOne,US,,Emma,Head of Information Security,Romano,United States,,,www.sentinelone.com,8974234,0,0
i7bjpfqh0q8hw,Arthur,Allen,Cybersecurity,Attended,vpl0rxlvs6m0w,Okta,US,arthur.allen@okta.com,Senior Security Engineer,3,Cybersecurity,Okta,US,,Arthur,Senior Security Engineer,Allen,United States,,,www.okta.com,7357730,0,0
npmidywfrnmu9,Alexander,Chen,Enterprise Software,Attended,vswht2z595ehm,Oracle,US,alexander.chen@oracle.com,Solutions Architect,3,Enterprise Software,Oracle,US,,Alexander,Solutions Architect,Chen,United States,,,www.oracle.com,8314281,0,0
9grw1b4li41ev,Margaret,Conti,Enterprise Software,Attended,vl4spqjn1bhiq,Adobe,US,margaret.conti@microsoft.com,Customer Success Manager,4,Enterprise Software,Adobe,US,,Margaret,Customer Success Manager,Conti,United States,,,www.adobe.com,8674778,0,0
utotyt9ekb8k4,Zhen,Hoffmann,Enterprise Software,Attended,vgsu5lx6r95hq,Salesforce,US,zhen.hoffmann@salesforce.com,Senior Product Manager,3,Enterprise Software,Salesforce,US,,Zhen,Senior Product Manager,Hoffmann,United States,,,www.salesforce.com,8665501,0,0
xdpok8gy75myc,Arthur,Li,VC & Private Equity,Attended,vj5wtnmb79w5o,Tiger Global,US,arthur.li@tigerglobal.com,General Partner,3,VC & Private Equity,Tiger Global,US,,Arthur,General Partner,Li,United States,,,www.tigerglobal.com,8201387,0,0
mm7pfeenctk0b,Ying,Hansen,IT Consulting & SI,Attended,vo6nzpw28x9zl,EY Technology,GB,ying.hansen@ey.com,Managing Consultant,3,IT Consulting & SI,EY Technology,GB,,Ying,Managing Consultant,Hansen,United Kingdom,,,www.ey.com,8399764,0,0
899wc1q9apiks,Jason,Rogers,Cybersecurity,Attended,vdx52de05dlto,Okta,US,jason.rogers@okta.com,CISO,3,Cybersecurity,Okta,US,,Jason,CISO,Rogers,United States,,,www.okta.com,8456268,0,0
2gar0fhteqdon,Siti,Fischer,Cybersecurity,Attended,vrqkstlt4ryxs,CyberArk,IL,siti.fischer@cyberark.com,SOC Analyst,2,Cybersecurity,CyberArk,IL,,Siti,SOC Analyst,Fischer,Israel,,,www.cyberark.com,8328018,0,0
bf9nlm6595rfl,Hassan,Roberts,Hardware & Semiconductors,Attended,vjm3ka9g90kvv,Groq,US,hassan.roberts@groq.com,System Architecture Engineer,3,Hardware & Semiconductors,Groq,US,,Hassan,System Architecture Engineer,Roberts,United States,,,www.groq.com,8349574,0,0
5tws6ravafiva,Jonathan,Adeyemi,AI & Data,Attended,vq9fr8eg6rltz,H2O.ai,US,jonathan.adeyemi@h2o.ai,ML Solutions Architect,1,AI & Data,H2O.ai,US,,Jonathan,ML Solutions Architect,Adeyemi,United States,,,www.h2o.ai,8168598,0,0
uxt2bj292v33p,Luca,Ferreira,IT Consulting & SI,Attended,vdtsww6vt9xgm,KPMG Advisory,NL,luca.ferreira@kpmg.com,Cloud Migration Specialist,2,IT Consulting & SI,KPMG Advisory,NL,,Luca,Cloud Migration Specialist,Ferreira,Netherlands,,,www.kpmg.com,8844517,0,0
p10y6a481krkr,Catherine,Sim,Enterprise Software,Attended,vnqqfo6umqjj8,Salesforce,US,catherine.sim@salesforce.com,Senior Product Manager,2,Enterprise Software,Salesforce,US,,Catherine,Senior Product Manager,Sim,United States,,,www.salesforce.com,8601163,0,0
ho2az88zd46vk,Philip,Watanabe,Cloud & Infrastructure,No show,vj3e50ciiva9b,Amazon Web Services,US,philip.watanabe@aws.amazon.com,Principal Solutions Architect,0,Cloud & Infrastructure,Amazon Web Services,US,,Philip,Principal Solutions Architect,Watanabe,United States,,,www.aws.amazon.com,8957431,0,0
pli69vinxrcze,Walter,Xu,Speaker,No show,v45xpiayc1y4y,Stanford School of Engineering,US,walter.xu@stanford.edu,Distinguished Engineer,0,Speaker,Stanford School of Engineering,US,,Walter,Distinguished Engineer,Xu,United States,,Speaker,www.stanford.edu,7227573,0,0
i4k8infn7uyi0,George,Zheng,VC & Private Equity,Attended,v05im2ctyfkkp,Andreessen Horowitz,US,george.zheng@a16z.com,Venture Associate,4,VC & Private Equity,Andreessen Horowitz,US,,George,Venture Associate,Zheng,United States,,,www.a16z.com,8720493,0,0
wi9sivzb2sup0,Margaret,Mishra,IT Consulting & SI,Attended,vga3d7c8axios,McKinsey Digital,US,margaret.mishra@nttdata.com,Associate Director,4,IT Consulting & SI,McKinsey Digital,US,,Margaret,Associate Director,Mishra,United States,,,www.mckinsey.com,7489947,0,0
r63u8q3q4tjkr,Rahul,Webb,Dev Tools & Platforms,No show,vz9oq8yekzyz7,PagerDuty,US,rahul.webb@pagerduty.com,Platform Product Manager,0,Dev Tools & Platforms,PagerDuty,US,,Rahul,Platform Product Manager,Webb,United States,,,www.pagerduty.com,7763066,0,0
0tcukcozuowvk,Khairul,Deng,IT Consulting & SI,Attended,vtyqyvzulnb4x,PwC Advisory,GB,khairul.deng@pwc.com,Data & AI Practice Lead,2,IT Consulting & SI,PwC Advisory,GB,,Khairul,Data & AI Practice Lead,Deng,United Kingdom,,,www.pwc.com,7834271,0,0
jqerxz135mmeq,Divya,Romano,IT Consulting & SI,Attended,vljzqarugxfeq,Infosys,IN,divya.romano@infosys.com,Director of Technology,4,IT Consulting & SI,Infosys,IN,,Divya,Director of Technology,Romano,India,,,www.infosys.com,8671639,0,0
zv40gyezci7ao,Fang,Becker,Cloud & Infrastructure,Attended,vlhgv868cdun5,Snowflake,US,fang.becker@snowflake.com,Developer Advocate,4,Cloud & Infrastructure,Snowflake,US,,Fang,Developer Advocate,Becker,United States,,,www.snowflake.com,8348987,0,0
rdd9v4klxuuh3,Sipho,Jeong,Hardware & Semiconductors,Attended,vjbagy8870j98,Marvell Technology,US,sipho.jeong@marvell.com,System Architecture Engineer,2,Hardware & Semiconductors,Marvell Technology,US,,Sipho,System Architecture Engineer,Jeong,United States,,,www.marvell.com,8339884,0,0
te3nzlwqt408o,Thomas,Kumar,Hardware & Semiconductors,Attended,vsla789j1s4p8,TSMC,TW,thomas.kumar@tsmc.com,Senior Chip Design Engineer,4,Hardware & Semiconductors,TSMC,TW,,Thomas,Senior Chip Design Engineer,Kumar,Taiwan,,,www.tsmc.com,8539726,0,0
7aq1c0w6ddety,Rachel,Martin,Cybersecurity,Attended,v82vzcxsrknv6,Tenable,US,rachel.martin@tenable.com,Senior Security Engineer,3,Cybersecurity,Tenable,US,,Rachel,Senior Security Engineer,Martin,United States,,,www.tenable.com,8452925,0,0
7w7q3d5pbrxa0,Klaus,Luo,Enterprise Software,Attended,vd8takc437asf,Oracle,US,klaus.luo@oracle.com,"Account Executive, Enterprise",3,Enterprise Software,Oracle,US,,Klaus,"Account Executive, Enterprise",Luo,United States,,,www.oracle.com,7322281,0,0
o9izwv6mi3glb,Ama,Agarwal,Dev Tools & Platforms,Attended,v04qml42z10g5,Retool,US,ama.agarwal@retool.com,Chief Revenue Officer,1,Dev Tools & Platforms,Retool,US,,Ama,Chief Revenue Officer,Agarwal,United States,,,www.retool.com,8886837,0,0
p5wpeikz0629c,Anita,Collins,Enterprise Software,No show,vkybv8m07nkwx,Workday,US,anita.collins@workday.com,"Account Executive, Enterprise",0,Enterprise Software,Workday,US,,Anita,"Account Executive, Enterprise",Collins,United States,,,www.workday.com,8306859,0,0
jm7kw3spks337,Daniel,Hu,IT Consulting & SI,Attended,vj5ze5lajcjg5,IBM Consulting,US,daniel.hu@ibm.com,"Solution Architect, Digital",2,IT Consulting & SI,IBM Consulting,US,,Daniel,"Solution Architect, Digital",Hu,United States,,,www.ibm.com,8607763,0,0
rkb0bgw6y3cx9,Sara,Feng,Enterprise Software,No show,v9q75tjvewqw4,HubSpot,US,sara.feng@hubspot.com,"Account Executive, Enterprise",0,Enterprise Software,HubSpot,US,,Sara,"Account Executive, Enterprise",Feng,United States,,,www.hubspot.com,8915761,0,0
1ah9m78wwesb6,Neha,Martin,Cloud & Infrastructure,Attended,v5pdb1u0ohco2,Datadog,US,neha.martin@datadoghq.com,DevOps Engineer,2,Cloud & Infrastructure,Datadog,US,,Neha,DevOps Engineer,Martin,United States,,,www.datadoghq.com,8677823,0,0
0ipnjm02xk2e4,Aoi,Kumar,Hardware & Semiconductors,Attended,vr6byx0d9v14c,Marvell Technology,US,aoi.kumar@marvell.com,Senior Chip Design Engineer,3,Hardware & Semiconductors,Marvell Technology,US,,Aoi,Senior Chip Design Engineer,Kumar,United States,,,www.marvell.com,7716736,0,0
ud8be4e4hl3bv,Amy,Nelson,IT Consulting & SI,Attended,veannal13hsok,Wipro,IN,amy.nelson@wipro.com,"Solution Architect, Digital",4,IT Consulting & SI,Wipro,IN,,Amy,"Solution Architect, Digital",Nelson,India,,,www.wipro.com,8494290,0,0
nt9qx3pborbkp,Melissa,Verma,Enterprise Software,Attended,vj7x7t9zjjy8v,HubSpot,US,melissa.verma@hubspot.com,Head of Growth,3,Enterprise Software,HubSpot,US,,Melissa,Head of Growth,Verma,United States,,,www.hubspot.com,7851672,0,0
dohvrjqayzmx3,Shan,Wagner,IT Consulting & SI,No show,vp5kug2ml15g3,EY Technology,GB,shan.wagner@thoughtworks.com,Data & AI Practice Lead,0,IT Consulting & SI,EY Technology,GB,,Shan,Data & AI Practice Lead,Wagner,United Kingdom,,,www.ey.com,7685435,0,0
55ou763005s1q,Charlotte,Rossi,Enterprise Software,No show,vquaxjea93oy8,Microsoft,US,charlotte.rossi@microsoft.com,Chief Technology Officer,0,Enterprise Software,Microsoft,US,,Charlotte,Chief Technology Officer,Rossi,United States,,,www.microsoft.com,8852906,0,0
0gt5ctayj9ui8,Khalid,Cooper,IT Consulting & SI,Attended,vnnpvg91bztx2,Accenture,IE,khalid.cooper@publicissapient.com,Managing Consultant,4,IT Consulting & SI,Accenture,IE,,Khalid,Managing Consultant,Cooper,Ireland,,,www.accenture.com,7226502,0,0
lyqp2u7nywbtf,Wolfgang,Asante,Cloud & Infrastructure,Attended,v4qkw19tlklnk,Snowflake,US,wolfgang.asante@snowflake.com,Staff Infrastructure Engineer,4,Cloud & Infrastructure,Snowflake,US,,Wolfgang,Staff Infrastructure Engineer,Asante,United States,,,www.snowflake.com,8882408,0,0
cbydttujz3quf,Jessica,Miller,IT Consulting & SI,Attended,vs4adxioguo6p,McKinsey Digital,US,jessica.miller@mckinsey.com,Data & AI Practice Lead,4,IT Consulting & SI,McKinsey Digital,US,,Jessica,Data & AI Practice Lead,Miller,United States,,,www.mckinsey.com,7015788,0,0
rshnxaidbsld3,Amanda,Goh,Dev Tools & Platforms,No show,v9y7g0tcpzdte,GitLab,US,amanda.goh@gitlab.com,Community Manager,0,Dev Tools & Platforms,GitLab,US,,Amanda,Community Manager,Goh,United States,,,www.gitlab.com,8819978,0,0
dy4eap4mgrjzf,Siti,Song,VC & Private Equity,Attended,v0cnxhstlwt8q,Lightspeed Venture Partners,US,siti.song@lsvp.com,Principal,2,VC & Private Equity,Lightspeed Venture Partners,US,,Siti,Principal,Song,United States,,,www.lsvp.com,8985142,0,0
nxx2mtj3h14la,Liang,Scott,Dev Tools & Platforms,Attended,vo6i1endp1ef5,Postman,US,liang.scott@postman.com,Staff Software Engineer,3,Dev Tools & Platforms,Postman,US,,Liang,Staff Software Engineer,Scott,United States,,,www.postman.com,7552101,0,0
rqisqr44jsms4,Barbara,Goh,Cybersecurity,No show,vnqk612juns8w,Palo Alto Networks,US,barbara.goh@paloaltonetworks.com,SOC Analyst,0,Cybersecurity,Palo Alto Networks,US,,Barbara,SOC Analyst,Goh,United States,,,www.paloaltonetworks.com,8832699,0,0
253ixxy8f3r8u,Brigitte,Toh,IT Consulting & SI,Attended,vd6cgf4be2018,Accenture,IE,brigitte.toh@accenture.com,Cloud Migration Specialist,3,IT Consulting & SI,Accenture,IE,,Brigitte,Cloud Migration Specialist,Toh,Ireland,,,www.accenture.com,7406757,0,0
lpxtnzfm8jv1u,Aoi,Lin,Cybersecurity,Attended,vsp91bzujwe2k,Palo Alto Networks,US,aoi.lin@paloaltonetworks.com,Head of Information Security,4,Cybersecurity,Palo Alto Networks,US,,Aoi,Head of Information Security,Lin,United States,,,www.paloaltonetworks.com,8110299,0,0
i4pkuq5w8kd5p,Mohammed,Gupta,Hardware & Semiconductors,No show,vm705v2prno84,Intel,US,mohammed.gupta@intel.com,Senior Chip Design Engineer,0,Hardware & Semiconductors,Intel,US,,Mohammed,Senior Chip Design Engineer,Gupta,United States,,,www.intel.com,8319598,0,0
kl5yo9g89zc35,Naomi,Okonkwo,Cloud & Infrastructure,Attended,vc14svry1t81p,DigitalOcean,US,naomi.okonkwo@digitalocean.com,Principal Solutions Architect,3,Cloud & Infrastructure,DigitalOcean,US,,Naomi,Principal Solutions Architect,Okonkwo,United States,,,www.digitalocean.com,8322843,0,0
2sltxztsvn6fp,Sharon,Ong,IT Consulting & SI,Attended,vs83x6zlim1b4,Deloitte Technology,US,sharon.ong@deloitte.com,Director of Technology,3,IT Consulting & SI,Deloitte Technology,US,,Sharon,Director of Technology,Ong,United States,,,www.deloitte.com,8276931,0,0
7gjpvrz3rmme7,Priya,Banerjee,Dev Tools & Platforms,Attended,vd345ojvzu74n,LaunchDarkly,US,priya.banerjee@launchdarkly.com,Platform Product Manager,3,Dev Tools & Platforms,LaunchDarkly,US,,Priya,Platform Product Manager,Banerjee,United States,,,www.launchdarkly.com,7292624,0,0
f01zlzwdgbhdc,Tendai,Loh,IT Consulting & SI,No show,vgzf2um8he9e5,Publicis Sapient,FR,tendai.loh@publicissapient.com,Technology Consultant,0,IT Consulting & SI,Publicis Sapient,FR,,Tendai,Technology Consultant,Loh,France,,,www.publicissapient.com,8701821,0,0
g880nw0f3csbu,Hassan,Phillips,Cybersecurity,Attended,vh0svhhbxcsxc,Okta,US,hassan.phillips@okta.com,CISO,3,Cybersecurity,Okta,US,,Hassan,CISO,Phillips,United States,,,www.okta.com,7461828,0,0
xjpo95atdj7xh,Jun,Chaudhary,Media/Press,No show,vazf3vun9cqgz,VentureBeat,US,jun.chaudhary@venturebeat.com,Tech Reporter,0,Media/Press,VentureBeat,US,,Jun,Tech Reporter,Chaudhary,United States,,,www.venturebeat.com,8184391,0,0
ueyn3td4gcknh,Soo-Jin,Singh,IT Consulting & SI,Attended,vyvafhdk4ym68,McKinsey Digital,US,soojin.singh@mckinsey.com,Director of Technology,2,IT Consulting & SI,McKinsey Digital,US,,Soo-Jin,Director of Technology,Singh,United States,,,www.mckinsey.com,7313784,0,0
2bll0o7dsrle0,Akiko,Mishra,Cloud & Infrastructure,No show,vwrjd1x4n6qro,Amazon Web Services,US,akiko.mishra@aws.amazon.com,Chief Technology Officer,0,Cloud & Infrastructure,Amazon Web Services,US,,Akiko,Chief Technology Officer,Mishra,United States,,,www.aws.amazon.com,8823565,0,0
p7zz3f8cg2lys,Layla,Wang,IT Consulting & SI,Attended,vaebfk9n6cxef,Wipro,IN,layla.wang@wipro.com,Managing Consultant,2,IT Consulting & SI,Wipro,IN,,Layla,Managing Consultant,Wang,India,,,www.wipro.com,8948937,0,0
6ku6q8t8zknsy,David,Xu,Enterprise Software,Attended,v60iwhdnqlbh1,Salesforce,US,david.xu@salesforce.com,VP of Product,2,Enterprise Software,Salesforce,US,,David,VP of Product,Xu,United States,,,www.salesforce.com,8782027,0,0
vjm1rpzsstqez,Yuto,Huang,IT Consulting & SI,Attended,vuof1h94cqu5r,PwC Advisory,GB,yuto.huang@pwc.com,"Partner, Technology Practice",4,IT Consulting & SI,PwC Advisory,GB,,Yuto,"Partner, Technology Practice",Huang,United Kingdom,,,www.pwc.com,7706909,0,0
orukxu73n6ljm,Anna,Gupta,Staff,Attended,vee1r0w22yk12,FieldDrive Events,BE,anna.gupta@fielddrive.com,Technical Support Specialist,3,Staff,FieldDrive Events,BE,,Anna,Technical Support Specialist,Gupta,Belgium,,,www.fielddrive.com,8695523,0,0
eplju13ymql4x,Lin,Evans,Enterprise Software,Attended,vwoh6glaf48qs,ServiceNow,US,lin.evans@servicenow.com,Chief Technology Officer,3,Enterprise Software,ServiceNow,US,,Lin,Chief Technology Officer,Evans,United States,,,www.servicenow.com,8489585,0,0
lbedluv5b4m8m,Stephanie,Conti,IT Consulting & SI,No show,vq7dfrae77p19,KPMG Advisory,NL,stephanie.conti@kpmg.com,Technology Consultant,0,IT Consulting & SI,KPMG Advisory,NL,,Stephanie,Technology Consultant,Conti,Netherlands,,,www.kpmg.com,7852302,0,0
4b86zu042dwzu,Daiki,Gupta,Media/Press,Attended,vtl991kaccrnc,TechCrunch,US,daiki.gupta@techcrunch.com,Tech Reporter,3,Media/Press,TechCrunch,US,,Daiki,Tech Reporter,Gupta,United States,,,www.techcrunch.com,7456252,0,0
fmsh9ycr0upp3,Nancy,Oliveira,AI & Data,No show,vflc0zo9vcezr,Hugging Face,US,nancy.oliveira@huggingface.co,AI/ML Platform Lead,0,AI & Data,Hugging Face,US,,Nancy,AI/ML Platform Lead,Oliveira,United States,,,www.huggingface.co,7443557,0,0
aygubeoolmow9,Jacob,Silva,Enterprise Software,Attended,v9w1r93c9cnav,Salesforce,US,jacob.silva@salesforce.com,"Account Executive, Enterprise",4,Enterprise Software,Salesforce,US,,Jacob,"Account Executive, Enterprise",Silva,United States,,,www.salesforce.com,7553194,0,0
ty18ji2dbz5wb,Min-Ji,Pedersen,Enterprise Software,Attended,v8h7cyqbwk2nk,Microsoft,US,minji.pedersen@microsoft.com,Director of Engineering,4,Enterprise Software,Microsoft,US,,Min-Ji,Director of Engineering,Pedersen,United States,,,www.microsoft.com,7464484,0,0
pth1y0jupr0p4,Miho,Iyer,Cloud & Infrastructure,Attended,v0469kb1zm9y2,HashiCorp,US,miho.iyer@hashicorp.com,Platform Engineer,3,Cloud & Infrastructure,HashiCorp,US,,Miho,Platform Engineer,Iyer,United States,,,www.hashicorp.com,8162025,0,0
87p04x7ia2zet,Hong,Schulz,Cloud & Infrastructure,Attended,v8tal5igqyrhf,Vercel,US,hong.schulz@vercel.com,Principal Solutions Architect,4,Cloud & Infrastructure,Vercel,US,,Hong,Principal Solutions Architect,Schulz,United States,,,www.vercel.com,8177630,0,0
06abwnkhvltat,Amanda,Hansen,Hardware & Semiconductors,Attended,v5d8rk0q1fia7,MediaTek,TW,amanda.hansen@mediatek.com,AI Hardware Architect,4,Hardware & Semiconductors,MediaTek,TW,,Amanda,AI Hardware Architect,Hansen,Taiwan,,,www.mediatek.com,7565322,0,0
vom6nzmqczxfs,Zhen,Mueller,Enterprise Software,Attended,vm9u5t0j2yr9p,Microsoft,US,zhen.mueller@microsoft.com,Senior Solutions Engineer,3,Enterprise Software,Microsoft,US,,Zhen,Senior Solutions Engineer,Mueller,United States,,,www.microsoft.com,8129508,0,0
d4yxbxagrxjkb,Dewi,Lopez,Cloud & Infrastructure,Attended,v49ugd4qckkex,Cloudflare,US,dewi.lopez@cloudflare.com,Senior Site Reliability Engineer,4,Cloud & Infrastructure,Cloudflare,US,,Dewi,Senior Site Reliability Engineer,Lopez,United States,,,www.cloudflare.com,7528911,0,0
eiuezuqtlwbur,Kathleen,Miller,IT Consulting & SI,Attended,vseiyc72indv0,Deloitte Technology,US,kathleen.miller@deloitte.com,Director of Technology,3,IT Consulting & SI,Deloitte Technology,US,,Kathleen,Director of Technology,Miller,United States,,,www.deloitte.com,7263903,0,0