Timestamp,Attendee Third Party ID,First Name,Last Name,Category,Email,Company,Job Title,Country,Action,Location,Scan mode,Device Name,Operator,OperatorId,Device ID,Identification Mode,Software version,Session Third Party Id,Session Name,Remark Id
28-Apr-2026 08:00:11,eyw1tcfi4plmv,Walter,Hughes,Dev Tools & Platforms,walter.hughes@gitlab.com,GitLab,Staff Software Engineer,US,Check-In,"Main Entrance, Level 1",Check History,iPad-Registration-01,registration@techforwardsummit.com,,,QR Scan,4.12.3,EntranceD1,Day 1 Registration & Entry,
28-Apr-2026 08:00:11,eyw1tcfi4plmv,Walter,Hughes,Dev Tools & Platforms,walter.hughes@gitlab.com,GitLab,Staff Software Engineer,US,Print,"Main Entrance, Level 1",Check History,iPad-Registration-01,registration@techforwardsummit.com,,,QR Scan,4.12.3,EntranceD1,Day 1 Registration & Entry,
28-Apr-2026 08:00:15,eljqik8ic6jte,Kunal,Chatterjee,Enterprise Software,kunal.chatterjee@sap.com,SAP,VP of Engineering,DE,Check-In,"Main Entrance, Level 1",Check History,iPad-Registration-01,registration@techforwardsummit.com,,,QR Scan,4.12.3,EntranceD1,Day 1 Registration & Entry,
28-Apr-2026 08:00:15,eljqik8ic6jte,Kunal,Chatterjee,Enterprise Software,kunal.chatterjee@sap.com,SAP,VP of Engineering,DE,Print,"Main Entrance, Level 1",Check History,iPad-Registration-01,registration@techforwardsummit.com,,,QR Scan,4.12.3,EntranceD1,Day 1 Registration & Entry,
28-Apr-2026 08:00:23,dtzj2l72v08kt,Ren,Anderson,Dev Tools & Platforms,ren.anderson@konghq.com,Kong,Solutions Engineer,US,Check-In,"Main Entrance, Level 1",Check History,iPad-Registration-01,registration@techforwardsummit.com,,,QR Scan,4.12.3,EntranceD1,Day 1 Registration & Entry,
28-Apr-2026 08:00:23,dtzj2l72v08kt,Ren,Anderson,Dev Tools & Platforms,ren.anderson@konghq.com,Kong,Solutions Engineer,US,Print,"Main Entrance, Level 1",Check History,iPad-Registration-01,registration@techforwardsummit.com,,,QR Scan,4.12.3,EntranceD1,Day 1 Registration & Entry,
28-Apr-2026 08:00:32,smv30qabxw2eo,Henrik,Reddy,AI & Data,henrik.reddy@scale.com,Scale AI,ML Solutions Architect,US,Check-In,"Main Entrance, Level 1",Check History,iPad-Registration-01,registration@techforwardsummit.com,,,QR Scan,4.12.3,EntranceD1,Day 1 Registration & Entry,
28-Apr-2026 08:00:32,smv30qabxw2eo,Henrik,Reddy,AI & Data,henrik.reddy@scale.com,Scale AI,ML Solutions Architect,US,Print,"Main Entrance, Level 1",Check History,iPad-Registration-01,registration@techforwardsummit.com,,,QR Scan,4.12.3,EntranceD1,Day 1 Registration & Entry,
28-Apr-2026 08:00:48,zchhxa7hy7ai3,Tendai,Trivedi,Hardware & Semiconductors,tendai.trivedi@tsmc.com,TSMC,Senior Chip Design Engineer,TW,Check-In,"Main Entrance, Level 1",Check History,iPad-Registration-01,registration@techforwardsummit.com,,,QR Scan,4.12.3,EntranceD1,Day 1 Registration & Entry,
28-Apr-2026 08:00:48,zchhxa7hy7ai3,Tendai,Trivedi,Hardware & Semiconductors,tendai.trivedi@tsmc.com,TSMC,Senior Chip Design Engineer,TW,Print,"Main Entrance, Level 1",Check History,iPad-Registration-01,registration@techforwardsummit.com,,,QR Scan,4.12.3,EntranceD1,Day 1 Registration & Entry,
28-Apr-2026 08:03:39,d5n3ksgnbhds2,Yuto,Mitchell,Cybersecurity,yuto.mitchell@crowdstrike.com,CrowdStrike,Security Consultant,US,Check-In,"Main Entrance, Level 1",Check History,iPad-Registration-01,registration@techforwardsummit.com,,,QR Scan,4.12.3,EntranceD1,Day 1 Registration & Entry,
28-Apr-2026 08:03:39,d5n3ksgnbhds2,Yuto,Mitchell,Cybersecurity,yuto.mitchell@crowdstrike.com,CrowdStrike,Security Consultant,US,Print,"Main Entrance, Level 1",Check History,iPad-Registration-01,registration@techforwardsummit.com,,,QR Scan,4.12.3,EntranceD1,Day 1 Registration & Entry,
28-Apr-2026 08:06:27,phmzoim2caml5,Rania,Nkosi,Hardware & Semiconductors,rania.nkosi@sambanova.ai,SambaNova Systems,"Research Scientist, Silicon",US,Check-In,"Main Entrance, Level 1",Check History,iPad-Registration-01,registration@techforwardsummit.com,,,QR Scan,4.12.3,EntranceD1,Day 1 Registration & Entry,
28-Apr-2026 08:06:27,phmzoim2caml5,Rania,Nkosi,Hardware & Semiconductors,rania.nkosi@sambanova.ai,SambaNova Systems,"Research Scientist, Silicon",US,Print,"Main Entrance, Level 1",Check History,iPad-Registration-01,registration@techforwardsummit.com,,,QR Scan,4.12.3,EntranceD1,Day 1 Registration & Entry,
28-Apr-2026 08:07:06,jh4oulyo3pjbr,Patrick,Srivastava,Enterprise Software,patrick.srivastava@atlassian.com,Atlassian,Director of Engineering,AU,Check-In,"Main Entrance, Level 1",Check History,iPad-Registration-01,registration@techforwardsummit.com,,,QR Scan,4.12.3,EntranceD1,Day 1 Registration & Entry,
28-Apr-2026 08:07:06,jh4oulyo3pjbr,Patrick,Srivastava,Enterprise Software,patrick.srivastava@atlassian.com,Atlassian,Director of Engineering,AU,Print,"Main Entrance, Level 1",Check History,iPad-Registration-01,registration@techforwardsummit.com,,,QR Scan,4.12.3,EntranceD1,Day 1 Registration & Entry,
28-Apr-2026 08:09:39,h8l6e7vaaguzr,Jun,Kobayashi,Enterprise Software,jun.kobayashi@sap.com,SAP,Staff Software Engineer,DE,Check-In,"Main Entrance, Level 1",Check History,iPad-Registration-01,registration@techforwardsummit.com,,,QR Scan,4.12.3,EntranceD1,Day 1 Registration & Entry,
28-Apr-2026 08:09:39,h8l6e7vaaguzr,Jun,Kobayashi,Enterprise Software,jun.kobayashi@sap.com,SAP,Staff Software Engineer,DE,Print,"Main Entrance, Level 1",Check History,iPad-Registration-01,registration@techforwardsummit.com,,,QR Scan,4.12.3,EntranceD1,Day 1 Registration & Entry,
28-Apr-2026 08:09:41,rxttqu6l2ink4,Michelle,Das,IT Consulting & SI,michelle.das@nttdata.com,NTT Data,Managing Consultant,JP,Check-In,"Main Entrance, Level 1",Check History,iPad-Registration-01,registration@techforwardsummit.com,,,QR Scan,4.12.3,EntranceD1,Day 1 Registration & Entry,
28-Apr-2026 08:09:41,rxttqu6l2ink4,Michelle,Das,IT Consulting & SI,michelle.das@nttdata.com,NTT Data,Managing Consultant,JP,Print,"Main Entrance, Level 1",Check History,iPad-Registration-01,registration@techforwardsummit.com,,,QR Scan,4.12.3,EntranceD1,Day 1 Registration & Entry,
28-Apr-2026 08:10:25,cg8d2tn20vz9l,Sofia,Wright,AI & Data,sofia.wright@palantir.com,Palantir Technologies,Senior Data Scientist,US,Check-In,"Main Entrance, Level 1",Check History,iPad-Registration-01,registration@techforwardsummit.com,,,QR Scan,4.12.3,EntranceD1,Day 1 Registration & Entry,
28-Apr-2026 08:10:25,cg8d2tn20vz9l,Sofia,Wright,AI & Data,sofia.wright@palantir.com,Palantir Technologies,Senior Data Scientist,US,Print,"Main Entrance, Level 1",Check History,iPad-Registration-01,registration@techforwardsummit.com,,,QR Scan,4.12.3,EntranceD1,Day 1 Registration & Entry,
28-Apr-2026 08:12:01,cn3on4fg0djq1,Mei,Wang,Cybersecurity,mei.wang@cyberark.com,CyberArk,Senior Security Engineer,IL,Check-In,"Main Entrance, Level 1",Check History,iPad-Registration-01,registration@techforwardsummit.com,,,QR Scan,4.12.3,EntranceD1,Day 1 Registration & Entry,
28-Apr-2026 08:12:01,cn3on4fg0djq1,Mei,Wang,Cybersecurity,mei.wang@cyberark.com,CyberArk,Senior Security Engineer,IL,Print,"Main Entrance, Level 1",Check History,iPad-Registration-01,registration@techforwardsummit.com,,,QR Scan,4.12.3,EntranceD1,Day 1 Registration & Entry,
28-Apr-2026 08:13:09,hjrhe45jjje1i,Kavita,Vo,AI & Data,kavita.vo@wandb.ai,Weights & Biases,Head of Data Science,US,Check-In,"Main Entrance, Level 1",Check History,iPad-Registration-01,registration@techforwardsummit.com,,,QR Scan,4.12.3,EntranceD1,Day 1 Registration & Entry,
28-Apr-2026 08:13:09,hjrhe45jjje1i,Kavita,Vo,AI & Data,kavita.vo@wandb.ai,Weights & Biases,Head of Data Science,US,Print,"Main Entrance, Level 1",Check History,iPad-Registration-01,registration@techforwardsummit.com,,,QR Scan,4.12.3,EntranceD1,Day 1 Registration & Entry,
28-Apr-2026 08:14:29,cp779460khfsu,Diego,Petit,Dev Tools & Platforms,diego.petit@gitlab.com,GitLab,Developer Success Manager,US,Check-In,"Main Entrance, Level 1",Check History,iPad-Registration-01,registration@techforwardsummit.com,,,QR Scan,4.12.3,EntranceD1,Day 1 Registration & Entry,
28-Apr-2026 08:14:29,cp779460khfsu,Diego,Petit,Dev Tools & Platforms,diego.petit@gitlab.com,GitLab,Developer Success Manager,US,Print,"Main Entrance, Level 1",Check History,iPad-Registration-01,registration@techforwardsummit.com,,,QR Scan,4.12.3,EntranceD1,Day 1 Registration & Entry,
28-Apr-2026 08:14:32,8lxsol15m9gqj,Sarah,White,Dev Tools & Platforms,sarah.white@pagerduty.com,PagerDuty,Head of Developer Relations,US,Check-In,"Main Entrance, Level 1",Check History,iPad-Registration-01,registration@techforwardsummit.com,,,QR Scan,4.12.3,EntranceD1,Day 1 Registration & Entry,
28-Apr-2026 08:14:32,8lxsol15m9gqj,Sarah,White,Dev Tools & Platforms,sarah.white@pagerduty.com,PagerDuty,Head of Developer Relations,US,Print,"Main Entrance, Level 1",Check History,iPad-Registration-01,registration@techforwardsummit.com,,,QR Scan,4.12.3,EntranceD1,Day 1 Registration & Entry,
28-Apr-2026 08:14:46,g7fd143xrv8df,Isabella,Verma,Cloud & Infrastructure,isabella.verma@aws.amazon.com,Amazon Web Services,DevOps Engineer,US,Check-In,"Main Entrance, Level 1",Check History,iPad-Registration-01,registration@techforwardsummit.com,,,QR Scan,4.12.3,EntranceD1,Day 1 Registration & Entry,
28-Apr-2026 08:14:46,g7fd143xrv8df,Isabella,Verma,Cloud & Infrastructure,isabella.verma@aws.amazon.com,Amazon Web Services,DevOps Engineer,US,Print,"Main Entrance, Level 1",Check History,iPad-Registration-01,registration@techforwardsummit.com,,,QR Scan,4.12.3,EntranceD1,Day 1 Registration & Entry,
28-Apr-2026 08:15:07,hhddog2ue1iv0,William,Colombo,Cloud & Infrastructure,william.colombo@snowflake.com,Snowflake,Principal Solutions Architect,US,Check-In,"Main Entrance, Level 1",Check History,iPad-Registration-01,registration@techforwardsummit.com,,,QR Scan,4.12.3,EntranceD1,Day 1 Registration & Entry,
28-Apr-2026 08:15:07,hhddog2ue1iv0,William,Colombo,Cloud & Infrastructure,william.colombo@snowflake.com,Snowflake,Principal Solutions Architect,US,Print,"Main Entrance, Level 1",Check History,iPad-Registration-01,registration@techforwardsummit.com,,,QR Scan,4.12.3,EntranceD1,Day 1 Registration & Entry,
28-Apr-2026 08:15:36,i076a3kkrzd5e,Nadia,Lin,Staff,nadia.lin@techforwardsummit.com,TechForward Organising Committee,Venue Operations Staff,SG,Check-In,"Main Entrance, Level 1",Check History,iPad-Registration-01,registration@techforwardsummit.com,,,QR Scan,4.12.3,EntranceD1,Day 1 Registration & Entry,
28-Apr-2026 08:15:36,2srl3vzzxt9qu,Helen,Tang,AI & Data,helen.tang@databricks.com,Databricks,AI/ML Platform Lead,US,Check-In,"Main Entrance, Level 1",Check History,iPad-Registration-01,registration@techforwardsummit.com,,,QR Scan,4.12.3,EntranceD1,Day 1 Registration & Entry,
28-Apr-2026 08:15:36,i076a3kkrzd5e,Nadia,Lin,Staff,nadia.lin@techforwardsummit.com,TechForward Organising Committee,Venue Operations Staff,SG,Print,"Main Entrance, Level 1",Check History,iPad-Registration-01,registration@techforwardsummit.com,,,QR Scan,4.12.3,EntranceD1,Day 1 Registration & Entry,
28-Apr-2026 08:15:36,2srl3vzzxt9qu,Helen,Tang,AI & Data,helen.tang@databricks.com,Databricks,AI/ML Platform Lead,US,Print,"Main Entrance, Level 1",Check History,iPad-Registration-01,registration@techforwardsummit.com,,,QR Scan,4.12.3,EntranceD1,Day 1 Registration & Entry,
28-Apr-2026 08:15:47,5apyx4l4oesrs,Maria,Simon,Cloud & Infrastructure,maria.simon@cloud.google.com,Google Cloud,Chief Technology Officer,US,Check-In,"Main Entrance, Level 1",Check History,iPad-Registration-01,registration@techforwardsummit.com,,,QR Scan,4.12.3,EntranceD1,Day 1 Registration & Entry,
28-Apr-2026 08:15:47,5apyx4l4oesrs,Maria,Simon,Cloud & Infrastructure,maria.simon@cloud.google.com,Google Cloud,Chief Technology Officer,US,Print,"Main Entrance, Level 1",Check History,iPad-Registration-01,registration@techforwardsummit.com,,,QR Scan,4.12.3,EntranceD1,Day 1 Registration & Entry,
28-Apr-2026 08:15:56,1s9ryllwb7sjw,Benjamin,Banerjee,Enterprise Software,benjamin.banerjee@salesforce.com,Salesforce,Staff Software Engineer,US,Check-In,"Main Entrance, Level 1",Check History,iPad-Registration-01,registration@techforwardsummit.com,,,QR Scan,4.12.3,EntranceD1,Day 1 Registration & Entry,
28-Apr-2026 08:15:56,1s9ryllwb7sjw,Benjamin,Banerjee,Enterprise Software,benjamin.banerjee@salesforce.com,Salesforce,Staff Software Engineer,US,Print,"Main Entrance, Level 1",Check History,iPad-Registration-01,registration@techforwardsummit.com,,,QR Scan,4.12.3,EntranceD1,Day 1 Registration & Entry,
28-Apr-2026 08:16:43,os6gkj71k16y0,Siti,Malhotra,Cybersecurity,siti.malhotra@okta.com,Okta,Director of Cybersecurity,US,Check-In,"Main Entrance, Level 1",Check History,iPad-Registration-01,registration@techforwardsummit.com,,,QR Scan,4.12.3,EntranceD1,Day 1 Registration & Entry,
28-Apr-2026 08:16:43,os6gkj71k16y0,Siti,Malhotra,Cybersecurity,siti.malhotra@okta.com,Okta,Director of Cybersecurity,US,Print,"Main Entrance, Level 1",Check History,iPad-Registration-01,registration@techforwardsummit.com,,,QR Scan,4.12.3,EntranceD1,Day 1 Registration & Entry,
28-Apr-2026 08:17:25,dm5fc79m96zpx,Nora,Gao,Enterprise Software,nora.gao@microsoft.com,Microsoft,Customer Success Manager,US,Check-In,"Main Entrance, Level 1",Check History,iPad-Registration-01,registration@techforwardsummit.com,,,QR Scan,4.12.3,EntranceD1,Day 1 Registration & Entry,
28-Apr-2026 08:17:25,dm5fc79m96zpx,Nora,Gao,Enterprise Software,nora.gao@microsoft.com,Microsoft,Customer Success Manager,US,Print,"Main Entrance, Level 1",Check History,iPad-Registration-01,registration@techforwardsummit.com,,,QR Scan,4.12.3,EntranceD1,Day 1 Registration & Entry,
28-Apr-2026 08:17:29,ag6w04ygyflq8,Philippe,Deng,VC & Private Equity,philippe.deng@ggvc.com,GGV Capital,Investment Director,US,Check-In,"Main Entrance, Level 1",Check History,iPad-Registration-01,registration@techforwardsummit.com,,,QR Scan,4.12.3,EntranceD1,Day 1 Registration & Entry,
28-Apr-2026 08:17:29,ag6w04ygyflq8,Philippe,Deng,VC & Private Equity,philippe.deng@ggvc.com,GGV Capital,Investment Director,US,Print,"Main Entrance, Level 1",Check History,iPad-Registration-01,registration@techforwardsummit.com,,,QR Scan,4.12.3,EntranceD1,Day 1 Registration & Entry,
28-Apr-2026 08:17:33,b3pkbqy3ot760,Aoi,Hassan,Enterprise Software,aoi.hassan@oracle.com,Oracle,Engineering Manager,US,Check-In,"Main Entrance, Level 1",Check History,iPad-Registration-01,registration@techforwardsummit.com,,,QR Scan,4.12.3,EntranceD1,Day 1 Registration & Entry,
28-Apr-2026 08:17:33,b3pkbqy3ot760,Aoi,Hassan,Enterprise Software,aoi.hassan@oracle.com,Oracle,Engineering Manager,US,Print,"Main Entrance, Level 1",Check History,iPad-Registration-01,registration@techforwardsummit.com,,,QR Scan,4.12.3,EntranceD1,Day 1 Registration & Entry,
28-Apr-2026 08:17:56,vfeaackxxqo40,Elizabeth,Le,IT Consulting & SI,elizabeth.le@wipro.com,Wipro,Technology Consultant,IN,Check-In,"Main Entrance, Level 1",Check History,iPad-Registration-01,registration@techforwardsummit.com,,,QR Scan,4.12.3,EntranceD1,Day 1 Registration & Entry,
28-Apr-2026 08:17:56,vfeaackxxqo40,Elizabeth,Le,IT Consulting & SI,elizabeth.le@wipro.com,Wipro,Technology Consultant,IN,Print,"Main Entrance, Level 1",Check History,iPad-Registration-01,registration@techforwardsummit.com,,,QR Scan,4.12.3,EntranceD1,Day 1 Registration & Entry,
28-Apr-2026 08:18:10,zgflig5gkzjru,Neha,Flores,Cybersecurity,neha.flores@paloaltonetworks.com,Palo Alto Networks,SOC Analyst,US,Check-In,"Main Entrance, Level 1",Check History,iPad-Registration-01,registration@techforwardsummit.com,,,QR Scan,4.12.3,EntranceD1,Day 1 Registration & Entry,
28-Apr-2026 08:18:10,zgflig5gkzjru,Neha,Flores,Cybersecurity,neha.flores@paloaltonetworks.com,Palo Alto Networks,SOC Analyst,US,Print,"Main Entrance, Level 1",Check History,iPad-Registration-01,registration@techforwardsummit.com,,,QR Scan,4.12.3,EntranceD1,Day 1 Registration & Entry,
28-Apr-2026 08:18:24,cwzl87fj8b0uf,Hui,Peterson,IT Consulting & SI,hui.peterson@capgemini.com,Capgemini,Director of Technology,FR,Check-In,"Main Entrance, Level 1",Check History,iPad-Registration-01,registration@techforwardsummit.com,,,QR Scan,4.12.3,EntranceD1,Day 1 Registration & Entry,
28-Apr-2026 08:18:24,cwzl87fj8b0uf,Hui,Peterson,IT Consulting & SI,hui.peterson@capgemini.com,Capgemini,Director of Technology,FR,Print,"Main Entrance, Level 1",Check History,iPad-Registration-01,registration@techforwardsummit.com,,,QR Scan,4.12.3,EntranceD1,Day 1 Registration & Entry,
28-Apr-2026 08:19:05,b6twnvjqjinh1,Anita,Zheng,IT Consulting & SI,anita.zheng@hcltech.com,HCL Technologies,Technology Consultant,IN,Check-In,"Main Entrance, Level 1",Check History,iPad-Registration-01,registration@techforwardsummit.com,,,QR Scan,4.12.3,EntranceD1,Day 1 Registration & Entry,
28-Apr-2026 08:19:05,b6twnvjqjinh1,Anita,Zheng,IT Consulting & SI,anita.zheng@hcltech.com,HCL Technologies,Technology Consultant,IN,Print,"Main Entrance, Level 1",Check History,iPad-Registration-01,registration@techforwardsummit.com,,,QR Scan,4.12.3,EntranceD1,Day 1 Registration & Entry,
28-Apr-2026 08:19:11,4i1agzgxvxc6s,Margaret,Sato,Hardware & Semiconductors,margaret.sato@mediatek.com,MediaTek,Chief Technology Officer,TW,Check-In,"Main Entrance, Level 1",Check History,iPad-Registration-01,registration@techforwardsummit.com,,,QR Scan,4.12.3,EntranceD1,Day 1 Registration & Entry,
28-Apr-2026 08:19:11,4i1agzgxvxc6s,Margaret,Sato,Hardware & Semiconductors,margaret.sato@mediatek.com,MediaTek,Chief Technology Officer,TW,Print,"Main Entrance, Level 1",Check History,iPad-Registration-01,registration@techforwardsummit.com,,,QR Scan,4.12.3,EntranceD1,Day 1 Registration & Entry,
28-Apr-2026 08:19:27,ltzqwdyvybscg,Raymond,Schulz,Cloud & Infrastructure,raymond.schulz@hashicorp.com,HashiCorp,Cloud Architect,US,Check-In,"Main Entrance, Level 1",Check History,iPad-Registration-01,registration@techforwardsummit.com,,,QR Scan,4.12.3,EntranceD1,Day 1 Registration & Entry,
28-Apr-2026 08:19:27,ltzqwdyvybscg,Raymond,Schulz,Cloud & Infrastructure,raymond.schulz@hashicorp.com,HashiCorp,Cloud Architect,US,Print,"Main Entrance, Level 1",Check History,iPad-Registration-01,registration@techforwardsummit.com,,,QR Scan,4.12.3,EntranceD1,Day 1 Registration & Entry,
28-Apr-2026 08:19:49,dtce9sb5mbzgj,Miguel,Ho,Cybersecurity,miguel.ho@snyk.io,Snyk,Senior Security Engineer,GB,Check-In,"Main Entrance, Level 1",Check History,iPad-Registration-01,registration@techforwardsummit.com,,,QR Scan,4.12.3,EntranceD1,Day 1 Registration & Entry,
28-Apr-2026 08:19:49,dtce9sb5mbzgj,Miguel,Ho,Cybersecurity,miguel.ho@snyk.io,Snyk,Senior Security Engineer,GB,Print,"Main Entrance, Level 1",Check History,iPad-Registration-01,registration@techforwardsummit.com,,,QR Scan,4.12.3,EntranceD1,Day 1 Registration & Entry,
28-Apr-2026 08:19:50,zpy9qzo7io2f2,Pranav,Sanchez,Media/Press,pranav.sanchez@theverge.com,The Verge,Contributing Writer,US,Check-In,"Main Entrance, Level 1",Check History,iPad-Registration-01,registration@techforwardsummit.com,,,QR Scan,4.12.3,EntranceD1,Day 1 Registration & Entry,
28-Apr-2026 08:19:50,zpy9qzo7io2f2,Pranav,Sanchez,Media/Press,pranav.sanchez@theverge.com,The Verge,Contributing Writer,US,Print,"Main Entrance, Level 1",Check History,iPad-Registration-01,registration@techforwardsummit.com,,,QR Scan,4.12.3,EntranceD1,Day 1 Registration & Entry,
28-Apr-2026 08:20:35,uxqjctpvev64g,Hiroshi,Wu,Enterprise Software,hiroshi.wu@sap.com,SAP,VP of Engineering,DE,Check-In,"Main Entrance, Level 1",Check History,iPad-Registration-01,registration@techforwardsummit.com,,,QR Scan,4.12.3,EntranceD1,Day 1 Registration & Entry,
28-Apr-2026 08:20:35,uxqjctpvev64g,Hiroshi,Wu,Enterprise Software,hiroshi.wu@sap.com,SAP,VP of Engineering,DE,Print,"Main Entrance, Level 1",Check History,iPad-Registration-01,registration@techforwardsummit.com,,,QR Scan,4.12.3,EntranceD1,Day 1 Registration & Entry,
28-Apr-2026 08:21:59,t3f2f3hycpesb,Anthony,Lim,IT Consulting & SI,anthony.lim@infosys.com,Infosys,Associate Director,IN,Check-In,"Main Entrance, Level 1",Check History,iPad-Registration-01,registration@techforwardsummit.com,,,QR Scan,4.12.3,EntranceD1,Day 1 Registration & Entry,
28-Apr-2026 08:21:59,t3f2f3hycpesb,Anthony,Lim,IT Consulting & SI,anthony.lim@infosys.com,Infosys,Associate Director,IN,Print,"Main Entrance, Level 1",Check History,iPad-Registration-01,registration@techforwardsummit.com,,,QR Scan,4.12.3,EntranceD1,Day 1 Registration & Entry,
28-Apr-2026 08:22:03,vl911zsb8lv6t,Wolfgang,Kapoor,VIP,wolfgang.kapoor@salesforce.com,Salesforce,Chief Product Officer,US,Check-In,"Main Entrance, Level 1",Check History,iPad-Registration-01,registration@techforwardsummit.com,,,QR Scan,4.12.3,EntranceD1,Day 1 Registration & Entry,
28-Apr-2026 08:22:03,vl911zsb8lv6t,Wolfgang,Kapoor,VIP,wolfgang.kapoor@salesforce.com,Salesforce,Chief Product Officer,US,Print,"Main Entrance, Level 1",Check History,iPad-Registration-01,registration@techforwardsummit.com,,,QR Scan,4.12.3,EntranceD1,Day 1 Registration & Entry,
28-Apr-2026 08:22:31,0riy4kl9aryea,Khairul,Lopez,IT Consulting & SI,khairul.lopez@infosys.com,Infosys,Associate Director,IN,Check-In,"Main Entrance, Level 1",Check History,iPad-Registration-01,registration@techforwardsummit.com,,,QR Scan,4.12.3,EntranceD1,Day 1 Registration & Entry,
28-Apr-2026 08:22:31,0riy4kl9aryea,Khairul,Lopez,IT Consulting & SI,khairul.lopez@infosys.com,Infosys,Associate Director,IN,Print,"Main Entrance, Level 1",Check History,iPad-Registration-01,registration@techforwardsummit.com,,,QR Scan,4.12.3,EntranceD1,Day 1 Registration & Entry,
28-Apr-2026 08:22:32,q9p965k55dmcx,Pierre,Turner,Cybersecurity,pierre.turner@crowdstrike.com,CrowdStrike,Security Consultant,US,Check-In,"Main Entrance, Level 1",Check History,iPad-Registration-01,registration@techforwardsummit.com,,,QR Scan,4.12.3,EntranceD1,Day 1 Registration & Entry,
28-Apr-2026 08:22:32,q9p965k55dmcx,Pierre,Turner,Cybersecurity,pierre.turner@crowdstrike.com,CrowdStrike,Security Consultant,US,Print,"Main Entrance, Level 1",Check History,iPad-Registration-01,registration@techforwardsummit.com,,,QR Scan,4.12.3,EntranceD1,Day 1 Registration & Entry,
28-Apr-2026 08:23:12,fkkhyb0r3x9dw,Noah,Moreau,IT Consulting & SI,noah.moreau@ltimindtree.com,LTIMindtree,Data & AI Practice Lead,IN,Check-In,"Main Entrance, Level 1",Check History,iPad-Registration-01,registration@techforwardsummit.com,,,QR Scan,4.12.3,EntranceD1,Day 1 Registration & Entry,
28-Apr-2026 08:23:12,fkkhyb0r3x9dw,Noah,Moreau,IT Consulting & SI,noah.moreau@ltimindtree.com,LTIMindtree,Data & AI Practice Lead,IN,Print,"Main Entrance, Level 1",Check History,iPad-Registration-01,registration@techforwardsummit.com,,,QR Scan,4.12.3,EntranceD1,Day 1 Registration & Entry,
28-Apr-2026 08:23:22,v35xudkitmaf9,Deborah,Phillips,IT Consulting & SI,deborah.phillips@ibm.com,IBM Consulting,Technology Consultant,US,Check-In,"Main Entrance, Level 1",Check History,iPad-Registration-01,registration@techforwardsummit.com,,,QR Scan,4.12.3,EntranceD1,Day 1 Registration & Entry,
28-Apr-2026 08:23:22,v35xudkitmaf9,Deborah,Phillips,IT Consulting & SI,deborah.phillips@ibm.com,IBM Consulting,Technology Consultant,US,Print,"Main Entrance, Level 1",Check History,iPad-Registration-01,registration@techforwardsummit.com,,,QR Scan,4.12.3,EntranceD1,Day 1 Registration & Entry,
28-Apr-2026 08:23:23,o46w4jkfyiifa,Oliver,Adeyemi,IT Consulting & SI,oliver.adeyemi@accenture.com,Accenture,Cloud Migration Specialist,IE,Check-In,"Main Entrance, Level 1",Check History,iPad-Registration-01,registration@techforwardsummit.com,,,QR Scan,4.12.3,EntranceD1,Day 1 Registration & Entry,
28-Apr-2026 08:23:23,o46w4jkfyiifa,Oliver,Adeyemi,IT Consulting & SI,oliver.adeyemi@accenture.com,Accenture,Cloud Migration Specialist,IE,Print,"Main Entrance, Level 1",Check History,iPad-Registration-01,registration@techforwardsummit.com,,,QR Scan,4.12.3,EntranceD1,Day 1 Registration & Entry,
28-Apr-2026 08:23:31,yj3ct5q5173c7,Na,Nguyen,Cybersecurity,na.nguyen@zscaler.com,Zscaler,VP of Security,US,Check-In,"Main Entrance, Level 1",Check History,iPad-Registration-01,registration@techforwardsummit.com,,,QR Scan,4.12.3,EntranceD1,Day 1 Registration & Entry,
28-Apr-2026 08:23:31,yj3ct5q5173c7,Na,Nguyen,Cybersecurity,na.nguyen@zscaler.com,Zscaler,VP of Security,US,Print,"Main Entrance, Level 1",Check History,iPad-Registration-01,registration@techforwardsummit.com,,,QR Scan,4.12.3,EntranceD1,Day 1 Registration & Entry,
28-Apr-2026 08:23:45,lcx7mm1hqb1eg,Valentina,Young,Hardware & Semiconductors,valentina.young@arm.com,Arm Holdings,Principal VLSI Engineer,GB,Check-In,"Main Entrance, Level 1",Check History,iPad-Registration-01,registration@techforwardsummit.com,,,QR Scan,4.12.3,EntranceD1,Day 1 Registration & Entry,
28-Apr-2026 08:23:45,lcx7mm1hqb1eg,Valentina,Young,Hardware & Semiconductors,valentina.young@arm.com,Arm Holdings,Principal VLSI Engineer,GB,Print,"Main Entrance, Level 1",Check History,iPad-Registration-01,registration@techforwardsummit.com,,,QR Scan,4.12.3,EntranceD1,Day 1 Registration & Entry,
28-Apr-2026 08:24:24,uuxk0arec2jwj,Philip,Brown,Media/Press,philip.brown@technologyreview.com,MIT Technology Review,Contributing Writer,US,Check-In,"Main Entrance, Level 1",Check History,iPad-Registration-01,registration@techforwardsummit.com,,,QR Scan,4.12.3,EntranceD1,Day 1 Registration & Entry,
28-Apr-2026 08:24:24,uuxk0arec2jwj,Philip,Brown,Media/Press,philip.brown@technologyreview.com,MIT Technology Review,Contributing Writer,US,Print,"Main Entrance, Level 1",Check History,iPad-Registration-01,registration@techforwardsummit.com,,,QR Scan,4.12.3,EntranceD1,Day 1 Registration & Entry,
28-Apr-2026 08:25:54,kdtsgvb6thr3n,Arthur,Oh,AI & Data,arthur.oh@huggingface.co,Hugging Face,Chief AI Officer,US,Check-In,"Main Entrance, Level 1",Check History,iPad-Registration-01,registration@techforwardsummit.com,,,QR Scan,4.12.3,EntranceD1,Day 1 Registration & Entry,
28-Apr-2026 08:25:54,kdtsgvb6thr3n,Arthur,Oh,AI & Data,arthur.oh@huggingface.co,Hugging Face,Chief AI Officer,US,Print,"Main Entrance, Level 1",Check History,iPad-Registration-01,registration@techforwardsummit.com,,,QR Scan,4.12.3,EntranceD1,Day 1 Registration & Entry,
28-Apr-2026 08:26:01,ycy6bdzsgu4w8,Henrik,Williams,Enterprise Software,henrik.williams@servicenow.com,ServiceNow,Customer Success Manager,US,Check-In,"Main Entrance, Level 1",Check History,iPad-Registration-01,registration@techforwardsummit.com,,,QR Scan,4.12.3,EntranceD1,Day 1 Registration & Entry,
28-Apr-2026 08:26:01,ycy6bdzsgu4w8,Henrik,Williams,Enterprise Software,henrik.williams@servicenow.com,ServiceNow,Customer Success Manager,US,Print,"Main Entrance, Level 1",Check History,iPad-Registration-01,registration@techforwardsummit.com,,,QR Scan,4.12.3,EntranceD1,Day 1 Registration & Entry,
28-Apr-2026 08:26:10,s2ftom5xlk8wr,Hye-Jin,Okonkwo,Enterprise Software,hyejin.okonkwo@hubspot.com,HubSpot,Director of Engineering,US,Check-In,"Main Entrance, Level 1",Check History,iPad-Registration-01,registration@techforwardsummit.com,,,QR Scan,4.12.3,EntranceD1,Day 1 Registration & Entry,
28-Apr-2026 08:26:10,s2ftom5xlk8wr,Hye-Jin,Okonkwo,Enterprise Software,hyejin.okonkwo@hubspot.com,HubSpot,Director of Engineering,US,Print,"Main Entrance, Level 1",Check History,iPad-Registration-01,registration@techforwardsummit.com,,,QR Scan,4.12.3,EntranceD1,Day 1 Registration & Entry,
28-Apr-2026 08:27:19,cg41rk4mkzom2,Sandra,Santos,Speaker,sandra.santos@technologyreview.com,MIT Technology Review,Chief Technology Officer,US,Check-In,"Main Entrance, Level 1",Check History,iPad-Registration-01,registration@techforwardsummit.com,,,QR Scan,4.12.3,EntranceD1,Day 1 Registration & Entry,
28-Apr-2026 08:27:19,cg41rk4mkzom2,Sandra,Santos,Speaker,sandra.santos@technologyreview.com,MIT Technology Review,Chief Technology Officer,US,Print,"Main Entrance, Level 1",Check History,iPad-Registration-01,registration@techforwardsummit.com,,,QR Scan,4.12.3,EntranceD1,Day 1 Registration & Entry,
28-Apr-2026 08:27:30,c62g3aut3rsvz,Ethan,Santoso,Cloud & Infrastructure,ethan.santoso@akamai.com,Akamai Technologies,Platform Engineer,US,Check-In,"Main Entrance, Level 1",Check History,iPad-Registration-01,registration@techforwardsummit.com,,,QR Scan,4.12.3,EntranceD1,Day 1 Registration & Entry,
28-Apr-2026 08:27:30,c62g3aut3rsvz,Ethan,Santoso,Cloud & Infrastructure,ethan.santoso@akamai.com,Akamai Technologies,Platform Engineer,US,Print,"Main Entrance, Level 1",Check History,iPad-Registration-01,registration@techforwardsummit.com,,,QR Scan,4.12.3,EntranceD1,Day 1 Registration & Entry,
28-Apr-2026 08:27:52,0rr0tiaxufvpi,Edward,Silva,IT Consulting & SI,edward.silva@slalom.com,Slalom,Technology Consultant,US,Check-In,"Main Entrance, Level 1",Check History,iPad-Registration-01,registration@techforwardsummit.com,,,QR Scan,4.12.3,EntranceD1,Day 1 Registration & Entry,
28-Apr-2026 08:27:52,0rr0tiaxufvpi,Edward,Silva,IT Consulting & SI,edward.silva@slalom.com,Slalom,Technology Consultant,US,Print,"Main Entrance, Level 1",Check History,iPad-Registration-01,registration@techforwardsummit.com,,,QR Scan,4.12.3,EntranceD1,Day 1 Registration & Entry,
28-Apr-2026 08:28:21,zm242om7ztrj6,Luca,Rodriguez,IT Consulting & SI,luca.rodriguez@ey.com,EY Technology,Senior Technology Consultant,GB,Check-In,"Main Entrance, Level 1",Check History,iPad-Registration-01,registration@techforwardsummit.com,,,QR Scan,4.12.3,EntranceD1,Day 1 Registration & Entry,
28-Apr-2026 08:28:21,zm242om7ztrj6,Luca,Rodriguez,IT Consulting & SI,luca.rodriguez@ey.com,EY Technology,Senior Technology Consultant,GB,Print,"Main Entrance, Level 1",Check History,iPad-Registration-01,registration@techforwardsummit.com,,,QR Scan,4.12.3,EntranceD1,Day 1 Registration & Entry,
28-Apr-2026 08:28:59,27ycif8r2bc9r,Mateus,Hidayat,Cybersecurity,mateus.hidayat@okta.com,Okta,Security Architect,US,Check-In,"Main Entrance, Level 1",Check History,iPad-Registration-01,registration@techforwardsummit.com,,,QR Scan,4.12.3,EntranceD1,Day 1 Registration & Entry,
28-Apr-2026 08:28:59,27ycif8r2bc9r,Mateus,Hidayat,Cybersecurity,mateus.hidayat@okta.com,Okta,Security Architect,US,Print,"Main Entrance, Level 1",Check History,iPad-Registration-01,registration@techforwardsummit.com,,,QR Scan,4.12.3,EntranceD1,Day 1 Registration & Entry,
28-Apr-2026 08:29:28,m2c8qizk3c9xb,Ping,Zhang,Enterprise Software,ping.zhang@hubspot.com,HubSpot,Solutions Architect,US,Check-In,"Main Entrance, Level 1",Check History,iPad-Registration-01,registration@techforwardsummit.com,,,QR Scan,4.12.3,EntranceD1,Day 1 Registration & Entry,
28-Apr-2026 08:29:28,m2c8qizk3c9xb,Ping,Zhang,Enterprise Software,ping.zhang@hubspot.com,HubSpot,Solutions Architect,US,Print,"Main Entrance, Level 1",Check History,iPad-Registration-01,registration@techforwardsummit.com,,,QR Scan,4.12.3,EntranceD1,Day 1 Registration & Entry,
28-Apr-2026 08:29:30,y7uiko4busu9f,Ibrahim,Luo,Enterprise Software,ibrahim.luo@sap.com,SAP,Chief Product Officer,DE,Check-In,"Main Entrance, Level 1",Check History,iPad-Registration-01,registration@techforwardsummit.com,,,QR Scan,4.12.3,EntranceD1,Day 1 Registration & Entry,
28-Apr-2026 08:29:30,y7uiko4busu9f,Ibrahim,Luo,Enterprise Software,ibrahim.luo@sap.com,SAP,Chief Product Officer,DE,Print,"Main Entrance, Level 1",Check History,iPad-Registration-01,registration@techforwardsummit.com,,,QR Scan,4.12.3,EntranceD1,Day 1 Registration & Entry,
28-Apr-2026 08:29:43,qk5fp7ah2csan,Benjamin,Weber,Staff,benjamin.weber@techforwardsummit.com,TechForward Organising Committee,Conference Coordinator,SG,Check-In,"Main Entrance, Level 1",Check History,iPad-Registration-01,registration@techforwardsummit.com,,,QR Scan,4.12.3,EntranceD1,Day 1 Registration & Entry,
28-Apr-2026 08:29:43,qk5fp7ah2csan,Benjamin,Weber,Staff,benjamin.weber@techforwardsummit.com,TechForward Organising Committee,Conference Coordinator,SG,Print,"Main Entrance, Level 1",Check History,iPad-Registration-01,registration@techforwardsummit.com,,,QR Scan,4.12.3,EntranceD1,Day 1 Registration & Entry,
28-Apr-2026 08:30:05,zx9fq9tea7187,Dorothy,Johnson,Enterprise Software,dorothy.johnson@microsoft.com,Microsoft,Customer Success Manager,US,Check-In,"Main Entrance, Level 1",Check History,iPad-Registration-01,registration@techforwardsummit.com,,,QR Scan,4.12.3,EntranceD1,Day 1 Registration & Entry,
28-Apr-2026 08:30:05,zx9fq9tea7187,Dorothy,Johnson,Enterprise Software,dorothy.johnson@microsoft.com,Microsoft,Customer Success Manager,US,Print,"Main Entrance, Level 1",Check History,iPad-Registration-01,registration@techforwardsummit.com,,,QR Scan,4.12.3,EntranceD1,Day 1 Registration & Entry,
28-Apr-2026 08:30:09,h3iabc2t67a50,Dylan,Ho,Cloud & Infrastructure,dylan.ho@vercel.com,Vercel,Developer Advocate,US,Check-In,"Main Entrance, Level 1",Check History,iPad-Registration-01,registration@techforwardsummit.com,,,QR Scan,4.12.3,EntranceD1,Day 1 Registration & Entry,
28-Apr-2026 08:30:09,h3iabc2t67a50,Dylan,Ho,Cloud & Infrastructure,dylan.ho@vercel.com,Vercel,Developer Advocate,US,Print,"Main Entrance, Level 1",Check History,iPad-Registration-01,registration@techforwardsummit.com,,,QR Scan,4.12.3,EntranceD1,Day 1 Registration & Entry,
28-Apr-2026 08:30:19,a9ta76nfcqml8,Hong,Cheng,Enterprise Software,hong.cheng@workday.com,Workday,Solutions Architect,US,Check-In,"Main Entrance, Level 1",Check History,iPad-Registration-01,registration@techforwardsummit.com,,,QR Scan,4.12.3,EntranceD1,Day 1 Registration & Entry,
28-Apr-2026 08:30:19,a9ta76nfcqml8,Hong,Cheng,Enterprise Software,hong.cheng@workday.com,Workday,Solutions Architect,US,Print,"Main Entrance, Level 1",Check History,iPad-Registration-01,registration@techforwardsummit.com,,,QR Scan,4.12.3,EntranceD1,Day 1 Registration & Entry,
28-Apr-2026 08:30:30,2h6fyey3m0nq8,Fazilah,Choi,Enterprise Software,fazilah.choi@oracle.com,Oracle,Chief Technology Officer,US,Check-In,"Main Entrance, Level 1",Check History,iPad-Registration-01,registration@techforwardsummit.com,,,QR Scan,4.12.3,EntranceD1,Day 1 Registration & Entry,
28-Apr-2026 08:30:30,2h6fyey3m0nq8,Fazilah,Choi,Enterprise Software,fazilah.choi@oracle.com,Oracle,Chief Technology Officer,US,Print,"Main Entrance, Level 1",Check History,iPad-Registration-01,registration@techforwardsummit.com,,,QR Scan,4.12.3,EntranceD1,Day 1 Registration & Entry,
28-Apr-2026 08:30:55,4k9i14yn6zjuy,Abena,Song,Dev Tools & Platforms,abena.song@twilio.com,Twilio,Senior Developer Advocate,US,Check-In,"Main Entrance, Level 1",Check History,iPad-Registration-01,registration@techforwardsummit.com,,,QR Scan,4.12.3,EntranceD1,Day 1 Registration & Entry,
28-Apr-2026 08:30:55,4k9i14yn6zjuy,Abena,Song,Dev Tools & Platforms,abena.song@twilio.com,Twilio,Senior Developer Advocate,US,Print,"Main Entrance, Level 1",Check History,iPad-Registration-01,registration@techforwardsummit.com,,,QR Scan,4.12.3,EntranceD1,Day 1 Registration & Entry,
28-Apr-2026 08:31:03,u8iziibco8jea,Sharon,Petit,Enterprise Software,sharon.petit@microsoft.com,Microsoft,Senior Solutions Engineer,US,Check-In,"Main Entrance, Level 1",Check History,iPad-Registration-01,registration@techforwardsummit.com,,,QR Scan,4.12.3,EntranceD1,Day 1 Registration & Entry,
28-Apr-2026 08:31:03,u8iziibco8jea,Sharon,Petit,Enterprise Software,sharon.petit@microsoft.com,Microsoft,Senior Solutions Engineer,US,Print,"Main Entrance, Level 1",Check History,iPad-Registration-01,registration@techforwardsummit.com,,,QR Scan,4.12.3,EntranceD1,Day 1 Registration & Entry,
28-Apr-2026 08:31:32,gmdrdsferfxio,Anita,Chatterjee,Board Member,anita.chatterjee@aws.amazon.com,Amazon Web Services,Board Director,US,Check-In,"Main Entrance, Level 1",Check History,iPad-Registration-01,registration@techforwardsummit.com,,,QR Scan,4.12.3,EntranceD1,Day 1 Registration & Entry,
28-Apr-2026 08:31:32,gmdrdsferfxio,Anita,Chatterjee,Board Member,anita.chatterjee@aws.amazon.com,Amazon Web Services,Board Director,US,Print,"Main Entrance, Level 1",Check History,iPad-Registration-01,registration@techforwardsummit.com,,,QR Scan,4.12.3,EntranceD1,Day 1 Registration & Entry,
28-Apr-2026 08:31:46,8uogmvv6v3v02,Ali,Park,Dev Tools & Platforms,ali.park@jfrog.com,JFrog,Senior Developer Advocate,US,Check-In,"Main Entrance, Level 1",Check History,iPad-Registration-01,registration@techforwardsummit.com,,,QR Scan,4.12.3,EntranceD1,Day 1 Registration & Entry,
28-Apr-2026 08:31:46,8uogmvv6v3v02,Ali,Park,Dev Tools & Platforms,ali.park@jfrog.com,JFrog,Senior Developer Advocate,US,Print,"Main Entrance, Level 1",Check History,iPad-Registration-01,registration@techforwardsummit.com,,,QR Scan,4.12.3,EntranceD1,Day 1 Registration & Entry,
28-Apr-2026 08:32:30,axyk2e58f3ob9,Khairul,Abdullah,IT Consulting & SI,khairul.abdullah@hcltech.com,HCL Technologies,Technology Consultant,IN,Check-In,"Main Entrance, Level 1",Check History,iPad-Registration-01,registration@techforwardsummit.com,,,QR Scan,4.12.3,EntranceD1,Day 1 Registration & Entry,
28-Apr-2026 08:32:30,axyk2e58f3ob9,Khairul,Abdullah,IT Consulting & SI,khairul.abdullah@hcltech.com,HCL Technologies,Technology Consultant,IN,Print,"Main Entrance, Level 1",Check History,iPad-Registration-01,registration@techforwardsummit.com,,,QR Scan,4.12.3,EntranceD1,Day 1 Registration & Entry,
28-Apr-2026 08:32:35,6nyxtxmgtt0ia,Jennifer,Mishra,Enterprise Software,jennifer.mishra@sap.com,SAP,Principal Product Manager,DE,Check-In,"Main Entrance, Level 1",Check History,iPad-Registration-01,registration@techforwardsummit.com,,,QR Scan,4.12.3,EntranceD1,Day 1 Registration & Entry,
28-Apr-2026 08:32:35,6nyxtxmgtt0ia,Jennifer,Mishra,Enterprise Software,jennifer.mishra@sap.com,SAP,Principal Product Manager,DE,Print,"Main Entrance, Level 1",Check History,iPad-Registration-01,registration@techforwardsummit.com,,,QR Scan,4.12.3,EntranceD1,Day 1 Registration & Entry,
28-Apr-2026 08:32:44,vu049dd5s0q7o,Rachel,Iyer,Enterprise Software,rachel.iyer@servicenow.com,ServiceNow,Principal Product Manager,US,Check-In,"Main Entrance, Level 1",Check History,iPad-Registration-01,registration@techforwardsummit.com,,,QR Scan,4.12.3,EntranceD1,Day 1 Registration & Entry,
28-Apr-2026 08:32:44,vu049dd5s0q7o,Rachel,Iyer,Enterprise Software,rachel.iyer@servicenow.com,ServiceNow,Principal Product Manager,US,Print,"Main Entrance, Level 1",Check History,iPad-Registration-01,registration@techforwardsummit.com,,,QR Scan,4.12.3,EntranceD1,Day 1 Registration & Entry,
28-Apr-2026 08:32:47,16xeghpmxpkn3,William,Gray,Enterprise Software,william.gray@microsoft.com,Microsoft,Director of Engineering,US,Check-In,"Main Entrance, Level 1",Check History,iPad-Registration-01,registration@techforwardsummit.com,,,QR Scan,4.12.3,EntranceD1,Day 1 Registration & Entry,
28-Apr-2026 08:32:47,16xeghpmxpkn3,William,Gray,Enterprise Software,william.gray@microsoft.com,Microsoft,Director of Engineering,US,Print,"Main Entrance, Level 1",Check History,iPad-Registration-01,registration@techforwardsummit.com,,,QR Scan,4.12.3,EntranceD1,Day 1 Registration & Entry,
28-Apr-2026 08:32:48,0uswovcxek47o,Tendai,Ferrari,Cloud & Infrastructure,tendai.ferrari@digitalocean.com,DigitalOcean,Platform Engineer,US,Check-In,"Main Entrance, Level 1",Check History,iPad-Registration-01,registration@techforwardsummit.com,,,QR Scan,4.12.3,EntranceD1,Day 1 Registration & Entry,
28-Apr-2026 08:32:48,0uswovcxek47o,Tendai,Ferrari,Cloud & Infrastructure,tendai.ferrari@digitalocean.com,DigitalOcean,Platform Engineer,US,Print,"Main Entrance, Level 1",Check History,iPad-Registration-01,registration@techforwardsummit.com,,,QR Scan,4.12.3,EntranceD1,Day 1 Registration & Entry,
28-Apr-2026 08:32:50,jvf9i60k23z2y,Ngozi,Esposito,VC & Private Equity,ngozi.esposito@ggvc.com,GGV Capital,General Partner,US,Check-In,"Main Entrance, Level 1",Check History,iPad-Registration-01,registration@techforwardsummit.com,,,QR Scan,4.12.3,EntranceD1,Day 1 Registration & Entry,
28-Apr-2026 08:32:50,jvf9i60k23z2y,Ngozi,Esposito,VC & Private Equity,ngozi.esposito@ggvc.com,GGV Capital,General Partner,US,Print,"Main Entrance, Level 1",Check History,iPad-Registration-01,registration@techforwardsummit.com,,,QR Scan,4.12.3,EntranceD1,Day 1 Registration & Entry,
28-Apr-2026 08:33:21,miffvmam3jkx2,Arthur,Feng,Enterprise Software,arthur.feng@microsoft.com,Microsoft,Staff Software Engineer,US,Check-In,"Main Entrance, Level 1",Check History,iPad-Registration-01,registration@techforwardsummit.com,,,QR Scan,4.12.3,EntranceD1,Day 1 Registration & Entry,
28-Apr-2026 08:33:21,miffvmam3jkx2,Arthur,Feng,Enterprise Software,arthur.feng@microsoft.com,Microsoft,Staff Software Engineer,US,Print,"Main Entrance, Level 1",Check History,iPad-Registration-01,registration@techforwardsummit.com,,,QR Scan,4.12.3,EntranceD1,Day 1 Registration & Entry,
28-Apr-2026 08:33:28,uq2086okwoalf,Diego,Bailey,AI & Data,diego.bailey@databricks.com,Databricks,Senior Data Scientist,US,Check-In,"Main Entrance, Level 1",Check History,iPad-Registration-01,registration@techforwardsummit.com,,,QR Scan,4.12.3,EntranceD1,Day 1 Registration & Entry,
28-Apr-2026 08:33:28,xtur8xuebhk0o,Ying,Martin,Hardware & Semiconductors,ying.martin@graphcore.ai,Graphcore,System Architecture Engineer,GB,Check-In,"Main Entrance, Level 1",Check History,iPad-Registration-01,registration@techforwardsummit.com,,,QR Scan,4.12.3,EntranceD1,Day 1 Registration & Entry,
28-Apr-2026 08:33:28,uq2086okwoalf,Diego,Bailey,AI & Data,diego.bailey@databricks.com,Databricks,Senior Data Scientist,US,Print,"Main Entrance, Level 1",Check History,iPad-Registration-01,registration@techforwardsummit.com,,,QR Scan,4.12.3,EntranceD1,Day 1 Registration & Entry,
28-Apr-2026 08:33:28,xtur8xuebhk0o,Ying,Martin,Hardware & Semiconductors,ying.martin@graphcore.ai,Graphcore,System Architecture Engineer,GB,Print,"Main Entrance, Level 1",Check History,iPad-Registration-01,registration@techforwardsummit.com,,,QR Scan,4.12.3,EntranceD1,Day 1 Registration & Entry,
28-Apr-2026 08:33:41,mxsnwer8zdxhy,Shu,Khanna,VIP,shu.khanna@servicenow.com,ServiceNow,Chief Executive Officer,US,Check-In,"Main Entrance, Level 1",Check History,iPad-Registration-01,registration@techforwardsummit.com,,,QR Scan,4.12.3,EntranceD1,Day 1 Registration & Entry,
28-Apr-2026 08:33:41,mxsnwer8zdxhy,Shu,Khanna,VIP,shu.khanna@servicenow.com,ServiceNow,Chief Executive Officer,US,Print,"Main Entrance, Level 1",Check History,iPad-Registration-01,registration@techforwardsummit.com,,,QR Scan,4.12.3,EntranceD1,Day 1 Registration & Entry,
28-Apr-2026 08:33:50,pt11f9i6uu13i,Richard,Rahman,IT Consulting & SI,richard.rahman@cognizant.com,Cognizant,Senior Technology Consultant,US,Check-In,"Main Entrance, Level 1",Check History,iPad-Registration-01,registration@techforwardsummit.com,,,QR Scan,4.12.3,EntranceD1,Day 1 Registration & Entry,
28-Apr-2026 08:33:50,pt11f9i6uu13i,Richard,Rahman,IT Consulting & SI,richard.rahman@cognizant.com,Cognizant,Senior Technology Consultant,US,Print,"Main Entrance, Level 1",Check History,iPad-Registration-01,registration@techforwardsummit.com,,,QR Scan,4.12.3,EntranceD1,Day 1 Registration & Entry,
28-Apr-2026 08:33:55,g0z0c682u9wt2,Carmen,Larsen,Cloud & Infrastructure,carmen.larsen@datadoghq.com,Datadog,DevOps Engineer,US,Check-In,"Main Entrance, Level 1",Check History,iPad-Registration-01,registration@techforwardsummit.com,,,QR Scan,4.12.3,EntranceD1,Day 1 Registration & Entry,
28-Apr-2026 08:33:55,g0z0c682u9wt2,Carmen,Larsen,Cloud & Infrastructure,carmen.larsen@datadoghq.com,Datadog,DevOps Engineer,US,Print,"Main Entrance, Level 1",Check History,iPad-Registration-01,registration@techforwardsummit.com,,,QR Scan,4.12.3,EntranceD1,Day 1 Registration & Entry,
28-Apr-2026 08:33:59,wrpmehrtvce3s,Arthur,Foo,Cloud & Infrastructure,arthur.foo@snowflake.com,Snowflake,Platform Engineer,US,Check-In,"Main Entrance, Level 1",Check History,iPad-Registration-01,registration@techforwardsummit.com,,,QR Scan,4.12.3,EntranceD1,Day 1 Registration & Entry,
28-Apr-2026 08:33:59,wrpmehrtvce3s,Arthur,Foo,Cloud & Infrastructure,arthur.foo@snowflake.com,Snowflake,Platform Engineer,US,Print,"Main Entrance, Level 1",Check History,iPad-Registration-01,registration@techforwardsummit.com,,,QR Scan,4.12.3,EntranceD1,Day 1 Registration & Entry,
28-Apr-2026 08:34:29,v48jukujoa14z,Jessica,Nelson,Staff,jessica.nelson@fielddrive.com,FieldDrive Events,Conference Coordinator,BE,Check-In,"Main Entrance, Level 1",Check History,iPad-Registration-01,registration@techforwardsummit.com,,,QR Scan,4.12.3,EntranceD1,Day 1 Registration & Entry,
28-Apr-2026 08:34:29,v48jukujoa14z,Jessica,Nelson,Staff,jessica.nelson@fielddrive.com,FieldDrive Events,Conference Coordinator,BE,Print,"Main Entrance, Level 1",Check History,iPad-Registration-01,registration@techforwardsummit.com,,,QR Scan,4.12.3,EntranceD1,Day 1 Registration & Entry,
28-Apr-2026 08:34:39,wnga41izxtnsr,Sung,Mitchell,VC & Private Equity,sung.mitchell@accel.com,Accel,Venture Associate,US,Check-In,"Main Entrance, Level 1",Check History,iPad-Registration-01,registration@techforwardsummit.com,,,QR Scan,4.12.3,EntranceD1,Day 1 Registration & Entry,
28-Apr-2026 08:34:39,wnga41izxtnsr,Sung,Mitchell,VC & Private Equity,sung.mitchell@accel.com,Accel,Venture Associate,US,Print,"Main Entrance, Level 1",Check History,iPad-Registration-01,registration@techforwardsummit.com,,,QR Scan,4.12.3,EntranceD1,Day 1 Registration & Entry,
28-Apr-2026 08:35:13,e84l9yilzr015,Vikram,Tanaka,IT Consulting & SI,vikram.tanaka@thoughtworks.com,Thoughtworks,Senior Technology Consultant,US,Check-In,"Main Entrance, Level 1",Check History,iPad-Registration-01,registration@techforwardsummit.com,,,QR Scan,4.12.3,EntranceD1,Day 1 Registration & Entry,
28-Apr-2026 08:35:13,e84l9yilzr015,Vikram,Tanaka,IT Consulting & SI,vikram.tanaka@thoughtworks.com,Thoughtworks,Senior Technology Consultant,US,Print,"Main Entrance, Level 1",Check History,iPad-Registration-01,registration@techforwardsummit.com,,,QR Scan,4.12.3,EntranceD1,Day 1 Registration & Entry,
28-Apr-2026 08:35:37,p0amts7ynxj5y,Nicholas,Mehta,Cloud & Infrastructure,nicholas.mehta@snowflake.com,Snowflake,Developer Advocate,US,Check-In,"Main Entrance, Level 1",Check History,iPad-Registration-01,registration@techforwardsummit.com,,,QR Scan,4.12.3,EntranceD1,Day 1 Registration & Entry,
28-Apr-2026 08:35:37,p0amts7ynxj5y,Nicholas,Mehta,Cloud & Infrastructure,nicholas.mehta@snowflake.com,Snowflake,Developer Advocate,US,Print,"Main Entrance, Level 1",Check History,iPad-Registration-01,registration@techforwardsummit.com,,,QR Scan,4.12.3,EntranceD1,Day 1 Registration & Entry,
28-Apr-2026 08:35:44,6a8mlik22xmq6,Emma,Nkosi,Cloud & Infrastructure,emma.nkosi@digitalocean.com,DigitalOcean,Developer Advocate,US,Check-In,"Main Entrance, Level 1",Check History,iPad-Registration-01,registration@techforwardsummit.com,,,QR Scan,4.12.3,EntranceD1,Day 1 Registration & Entry,
28-Apr-2026 08:35:44,6a8mlik22xmq6,Emma,Nkosi,Cloud & Infrastructure,emma.nkosi@digitalocean.com,DigitalOcean,Developer Advocate,US,Print,"Main Entrance, Level 1",Check History,iPad-Registration-01,registration@techforwardsummit.com,,,QR Scan,4.12.3,EntranceD1,Day 1 Registration & Entry,
28-Apr-2026 08:35:57,jvie6dueprtir,Sofia,Hansen,Cybersecurity,sofia.hansen@crowdstrike.com,CrowdStrike,Security Architect,US,Check-In,"Main Entrance, Level 1",Check History,iPad-Registration-01,registration@techforwardsummit.com,,,QR Scan,4.12.3,EntranceD1,Day 1 Registration & Entry,
28-Apr-2026 08:35:57,jvie6dueprtir,Sofia,Hansen,Cybersecurity,sofia.hansen@crowdstrike.com,CrowdStrike,Security Architect,US,Print,"Main Entrance, Level 1",Check History,iPad-Registration-01,registration@techforwardsummit.com,,,QR Scan,4.12.3,EntranceD1,Day 1 Registration & Entry,
28-Apr-2026 08:36:17,u0t369o8w429k,Dennis,Wilson,Hardware & Semiconductors,dennis.wilson@marvell.com,Marvell Technology,System Architecture Engineer,US,Check-In,"Main Entrance, Level 1",Check History,iPad-Registration-01,registration@techforwardsummit.com,,,QR Scan,4.12.3,EntranceD1,Day 1 Registration & Entry,
28-Apr-2026 08:36:17,u0t369o8w429k,Dennis,Wilson,Hardware & Semiconductors,dennis.wilson@marvell.com,Marvell Technology,System Architecture Engineer,US,Print,"Main Entrance, Level 1",Check History,iPad-Registration-01,registration@techforwardsummit.com,,,QR Scan,4.12.3,EntranceD1,Day 1 Registration & Entry,
28-Apr-2026 08:36:18,655ck3tb94cll,Hana,Turner,Media/Press,hana.turner@venturebeat.com,VentureBeat,Senior Correspondent,US,Check-In,"Main Entrance, Level 1",Check History,iPad-Registration-01,registration@techforwardsummit.com,,,QR Scan,4.12.3,EntranceD1,Day 1 Registration & Entry,
28-Apr-2026 08:36:18,655ck3tb94cll,Hana,Turner,Media/Press,hana.turner@venturebeat.com,VentureBeat,Senior Correspondent,US,Print,"Main Entrance, Level 1",Check History,iPad-Registration-01,registration@techforwardsummit.com,,,QR Scan,4.12.3,EntranceD1,Day 1 Registration & Entry,
28-Apr-2026 08:36:21,0wtgxy7in1r6x,Robert,Mueller,Hardware & Semiconductors,robert.mueller@mediatek.com,MediaTek,AI Hardware Architect,TW,Check-In,"Main Entrance, Level 1",Check History,iPad-Registration-01,registration@techforwardsummit.com,,,QR Scan,4.12.3,EntranceD1,Day 1 Registration & Entry,
28-Apr-2026 08:36:21,0wtgxy7in1r6x,Robert,Mueller,Hardware & Semiconductors,robert.mueller@mediatek.com,MediaTek,AI Hardware Architect,TW,Print,"Main Entrance, Level 1",Check History,iPad-Registration-01,registration@techforwardsummit.com,,,QR Scan,4.12.3,EntranceD1,Day 1 Registration & Entry,
28-Apr-2026 08:36:31,drlcmlw83y0ma,Sharon,Ward,Enterprise Software,sharon.ward@hubspot.com,HubSpot,Solutions Architect,US,Check-In,"Main Entrance, Level 1",Check History,iPad-Registration-01,registration@techforwardsummit.com,,,QR Scan,4.12.3,EntranceD1,Day 1 Registration & Entry,
28-Apr-2026 08:36:31,drlcmlw83y0ma,Sharon,Ward,Enterprise Software,sharon.ward@hubspot.com,HubSpot,Solutions Architect,US,Print,"Main Entrance, Level 1",Check History,iPad-Registration-01,registration@techforwardsummit.com,,,QR Scan,4.12.3,EntranceD1,Day 1 Registration & Entry,
28-Apr-2026 08:36:33,tuo4uw590z92j,Wei,Chatterjee,Enterprise Software,wei.chatterjee@intuit.com,Intuit,Staff Software Engineer,US,Check-In,"Main Entrance, Level 1",Check History,iPad-Registration-01,registration@techforwardsummit.com,,,QR Scan,4.12.3,EntranceD1,Day 1 Registration & Entry,
28-Apr-2026 08:36:33,tuo4uw590z92j,Wei,Chatterjee,Enterprise Software,wei.chatterjee@intuit.com,Intuit,Staff Software Engineer,US,Print,"Main Entrance, Level 1",Check History,iPad-Registration-01,registration@techforwardsummit.com,,,QR Scan,4.12.3,EntranceD1,Day 1 Registration & Entry,
28-Apr-2026 08:36:35,t3dgd8opocmvh,Hassan,Deng,Cloud & Infrastructure,hassan.deng@digitalocean.com,DigitalOcean,DevOps Engineer,US,Check-In,"Main Entrance, Level 1",Check History,iPad-Registration-01,registration@techforwardsummit.com,,,QR Scan,4.12.3,EntranceD1,Day 1 Registration & Entry,
28-Apr-2026 08:36:35,t3dgd8opocmvh,Hassan,Deng,Cloud & Infrastructure,hassan.deng@digitalocean.com,DigitalOcean,DevOps Engineer,US,Print,"Main Entrance, Level 1",Check History,iPad-Registration-01,registration@techforwardsummit.com,,,QR Scan,4.12.3,EntranceD1,Day 1 Registration & Entry,
28-Apr-2026 08:36:49,mykvygw22ygyz,Sung,Chaudhary,Cloud & Infrastructure,sung.chaudhary@aws.amazon.com,Amazon Web Services,Cloud Architect,US,Check-In,"Main Entrance, Level 1",Check History,iPad-Registration-01,registration@techforwardsummit.com,,,QR Scan,4.12.3,EntranceD1,Day 1 Registration & Entry,
28-Apr-2026 08:36:49,mykvygw22ygyz,Sung,Chaudhary,Cloud & Infrastructure,sung.chaudhary@aws.amazon.com,Amazon Web Services,Cloud Architect,US,Print,"Main Entrance, Level 1",Check History,iPad-Registration-01,registration@techforwardsummit.com,,,QR Scan,4.12.3,EntranceD1,Day 1 Registration & Entry,
28-Apr-2026 08:36:59,lbnqandtqypic,Arjun,Yap,Dev Tools & Platforms,arjun.yap@twilio.com,Twilio,Head of Developer Relations,US,Check-In,"Main Entrance, Level 1",Check History,iPad-Registration-01,registration@techforwardsummit.com,,,QR Scan,4.12.3,EntranceD1,Day 1 Registration & Entry,
28-Apr-2026 08:36:59,lbnqandtqypic,Arjun,Yap,Dev Tools & Platforms,arjun.yap@twilio.com,Twilio,Head of Developer Relations,US,Print,"Main Entrance, Level 1",Check History,iPad-Registration-01,registration@techforwardsummit.com,,,QR Scan,4.12.3,EntranceD1,Day 1 Registration & Entry,
28-Apr-2026 08:37:15,k09ntn8eohdk5,Dylan,Nguyen,Hardware & Semiconductors,dylan.nguyen@qualcomm.com,Qualcomm,Senior Chip Design Engineer,US,Check-In,"Main Entrance, Level 1",Check History,iPad-Registration-01,registration@techforwardsummit.com,,,QR Scan,4.12.3,EntranceD1,Day 1 Registration & Entry,
28-Apr-2026 08:37:15,k09ntn8eohdk5,Dylan,Nguyen,Hardware & Semiconductors,dylan.nguyen@qualcomm.com,Qualcomm,Senior Chip Design Engineer,US,Print,"Main Entrance, Level 1",Check History,iPad-Registration-01,registration@techforwardsummit.com,,,QR Scan,4.12.3,EntranceD1,Day 1 Registration & Entry,
28-Apr-2026 08:37:39,17miav1g8ntaf,Nurul,Esposito,VC & Private Equity,nurul.esposito@lsvp.com,Lightspeed Venture Partners,Investment Director,US,Check-In,"Main Entrance, Level 1",Check History,iPad-Registration-01,registration@techforwardsummit.com,,,QR Scan,4.12.3,EntranceD1,Day 1 Registration & Entry,
28-Apr-2026 08:37:39,17miav1g8ntaf,Nurul,Esposito,VC & Private Equity,nurul.esposito@lsvp.com,Lightspeed Venture Partners,Investment Director,US,Print,"Main Entrance, Level 1",Check History,iPad-Registration-01,registration@techforwardsummit.com,,,QR Scan,4.12.3,EntranceD1,Day 1 Registration & Entry,
28-Apr-2026 08:38:15,8at37a67ezaq3,Min-Soo,Pereira,Cybersecurity,minsoo.pereira@paloaltonetworks.com,Palo Alto Networks,Security Consultant,US,Check-In,"Main Entrance, Level 1",Check History,iPad-Registration-01,registration@techforwardsummit.com,,,QR Scan,4.12.3,EntranceD1,Day 1 Registration & Entry,
28-Apr-2026 08:38:15,8at37a67ezaq3,Min-Soo,Pereira,Cybersecurity,minsoo.pereira@paloaltonetworks.com,Palo Alto Networks,Security Consultant,US,Print,"Main Entrance, Level 1",Check History,iPad-Registration-01,registration@techforwardsummit.com,,,QR Scan,4.12.3,EntranceD1,Day 1 Registration & Entry,
28-Apr-2026 08:38:22,rpzlk3e4xyf9i,Ryan,Kim,Enterprise Software,ryan.kim@microsoft.com,Microsoft,Customer Success Manager,US,Check-In,"Main Entrance, Level 1",Check History,iPad-Registration-01,registration@techforwardsummit.com,,,QR Scan,4.12.3,EntranceD1,Day 1 Registration & Entry,
28-Apr-2026 08:38:22,rpzlk3e4xyf9i,Ryan,Kim,Enterprise Software,ryan.kim@microsoft.com,Microsoft,Customer Success Manager,US,Print,"Main Entrance, Level 1",Check History,iPad-Registration-01,registration@techforwardsummit.com,,,QR Scan,4.12.3,EntranceD1,Day 1 Registration & Entry,
28-Apr-2026 08:38:23,6xt8oit6ya0o1,Hans,Roberts,Cloud & Infrastructure,hans.roberts@fastly.com,Fastly,Senior Site Reliability Engineer,US,Check-In,"Main Entrance, Level 1",Check History,iPad-Registration-01,registration@techforwardsummit.com,,,QR Scan,4.12.3,EntranceD1,Day 1 Registration & Entry,
28-Apr-2026 08:38:23,6xt8oit6ya0o1,Hans,Roberts,Cloud & Infrastructure,hans.roberts@fastly.com,Fastly,Senior Site Reliability Engineer,US,Print,"Main Entrance, Level 1",Check History,iPad-Registration-01,registration@techforwardsummit.com,,,QR Scan,4.12.3,EntranceD1,Day 1 Registration & Entry,
28-Apr-2026 08:38:47,9ojf3c07bti1r,George,He,Staff,george.he@fielddrive.com,FieldDrive Events,Event Operations Manager,BE,Check-In,"Main Entrance, Level 1",Check History,iPad-Registration-01,registration@techforwardsummit.com,,,QR Scan,4.12.3,EntranceD1,Day 1 Registration & Entry,
28-Apr-2026 08:38:47,9ojf3c07bti1r,George,He,Staff,george.he@fielddrive.com,FieldDrive Events,Event Operations Manager,BE,Print,"Main Entrance, Level 1",Check History,iPad-Registration-01,registration@techforwardsummit.com,,,QR Scan,4.12.3,EntranceD1,Day 1 Registration & Entry,
28-Apr-2026 08:38:53,wq1cgedbt8bz9,Sung,Ma,IT Consulting & SI,sung.ma@mckinsey.com,McKinsey Digital,Managing Consultant,US,Check-In,"Main Entrance, Level 1",Check History,iPad-Registration-01,registration@techforwardsummit.com,,,QR Scan,4.12.3,EntranceD1,Day 1 Registration & Entry,
28-Apr-2026 08:38:53,wq1cgedbt8bz9,Sung,Ma,IT Consulting & SI,sung.ma@mckinsey.com,McKinsey Digital,Managing Consultant,US,Print,"Main Entrance, Level 1",Check History,iPad-Registration-01,registration@techforwardsummit.com,,,QR Scan,4.12.3,EntranceD1,Day 1 Registration & Entry,
28-Apr-2026 08:38:58,kcmnt6u777ldm,Sara,Zhao,Enterprise Software,sara.zhao@oracle.com,Oracle,Solutions Architect,US,Check-In,"Main Entrance, Level 1",Check History,iPad-Registration-01,registration@techforwardsummit.com,,,QR Scan,4.12.3,EntranceD1,Day 1 Registration & Entry,
28-Apr-2026 08:38:58,kcmnt6u777ldm,Sara,Zhao,Enterprise Software,sara.zhao@oracle.com,Oracle,Solutions Architect,US,Print,"Main Entrance, Level 1",Check History,iPad-Registration-01,registration@techforwardsummit.com,,,QR Scan,4.12.3,EntranceD1,Day 1 Registration & Entry,
28-Apr-2026 08:39:03,7hylgogfxlsrv,Hao,Nguyen,Staff,hao.nguyen@techforwardsummit.com,TechForward Organising Committee,Registration & Badging Lead,SG,Check-In,"Main Entrance, Level 1",Check History,iPad-Registration-01,registration@techforwardsummit.com,,,QR Scan,4.12.3,EntranceD1,Day 1 Registration & Entry,
28-Apr-2026 08:39:03,7hylgogfxlsrv,Hao,Nguyen,Staff,hao.nguyen@techforwardsummit.com,TechForward Organising Committee,Registration & Badging Lead,SG,Print,"Main Entrance, Level 1",Check History,iPad-Registration-01,registration@techforwardsummit.com,,,QR Scan,4.12.3,EntranceD1,Day 1 Registration & Entry,
28-Apr-2026 08:39:10,99u26uon8cnrl,Shan,Ho,VC & Private Equity,shan.ho@sequoiacap.com,Sequoia Capital,Principal,US,Check-In,"Main Entrance, Level 1",Check History,iPad-Registration-01,registration@techforwardsummit.com,,,QR Scan,4.12.3,EntranceD1,Day 1 Registration & Entry,
28-Apr-2026 08:39:10,99u26uon8cnrl,Shan,Ho,VC & Private Equity,shan.ho@sequoiacap.com,Sequoia Capital,Principal,US,Print,"Main Entrance, Level 1",Check History,iPad-Registration-01,registration@techforwardsummit.com,,,QR Scan,4.12.3,EntranceD1,Day 1 Registration & Entry,
28-Apr-2026 08:39:31,jqigyvzwd3kpu,Deborah,Lopez,Enterprise Software,deborah.lopez@adobe.com,Adobe,Senior Product Manager,US,Check-In,"Main Entrance, Level 1",Check History,iPad-Registration-01,registration@techforwardsummit.com,,,QR Scan,4.12.3,EntranceD1,Day 1 Registration & Entry,
28-Apr-2026 08:39:31,jqigyvzwd3kpu,Deborah,Lopez,Enterprise Software,deborah.lopez@adobe.com,Adobe,Senior Product Manager,US,Print,"Main Entrance, Level 1",Check History,iPad-Registration-01,registration@techforwardsummit.com,,,QR Scan,4.12.3,EntranceD1,Day 1 Registration & Entry,
28-Apr-2026 08:39:39,3x4yh5hoa7wkd,Zhen,Mishra,AI & Data,zhen.mishra@nvidia.com,NVIDIA,Head of Data Science,US,Check-In,"Main Entrance, Level 1",Check History,iPad-Registration-01,registration@techforwardsummit.com,,,QR Scan,4.12.3,EntranceD1,Day 1 Registration & Entry,
28-Apr-2026 08:39:39,3x4yh5hoa7wkd,Zhen,Mishra,AI & Data,zhen.mishra@nvidia.com,NVIDIA,Head of Data Science,US,Print,"Main Entrance, Level 1",Check History,iPad-Registration-01,registration@techforwardsummit.com,,,QR Scan,4.12.3,EntranceD1,Day 1 Registration & Entry,
28-Apr-2026 08:39:50,55ixva1nkbtfs,Patrick,Mitchell,Dev Tools & Platforms,patrick.mitchell@jfrog.com,JFrog,Senior Developer Advocate,US,Check-In,"Main Entrance, Level 1",Check History,iPad-Registration-01,registration@techforwardsummit.com,,,QR Scan,4.12.3,EntranceD1,Day 1 Registration & Entry,
28-Apr-2026 08:39:50,55ixva1nkbtfs,Patrick,Mitchell,Dev Tools & Platforms,patrick.mitchell@jfrog.com,JFrog,Senior Developer Advocate,US,Print,"Main Entrance, Level 1",Check History,iPad-Registration-01,registration@techforwardsummit.com,,,QR Scan,4.12.3,EntranceD1,Day 1 Registration & Entry,
28-Apr-2026 08:40:21,u9vdow6jfpy77,Ella,Allen,Cybersecurity,ella.allen@crowdstrike.com,CrowdStrike,Threat Intelligence Analyst,US,Check-In,"Main Entrance, Level 1",Check History,iPad-Registration-01,registration@techforwardsummit.com,,,QR Scan,4.12.3,EntranceD1,Day 1 Registration & Entry,
28-Apr-2026 08:40:21,u9vdow6jfpy77,Ella,Allen,Cybersecurity,ella.allen@crowdstrike.com,CrowdStrike,Threat Intelligence Analyst,US,Print,"Main Entrance, Level 1",Check History,iPad-Registration-01,registration@techforwardsummit.com,,,QR Scan,4.12.3,EntranceD1,Day 1 Registration & Entry,
28-Apr-2026 08:40:29,91leuucbl116c,Mohammed,Park,Enterprise Software,mohammed.park@servicenow.com,ServiceNow,Director of Engineering,US,Check-In,"Main Entrance, Level 1",Check History,iPad-Registration-01,registration@techforwardsummit.com,,,QR Scan,4.12.3,EntranceD1,Day 1 Registration & Entry,
28-Apr-2026 08:40:29,91leuucbl116c,Mohammed,Park,Enterprise Software,mohammed.park@servicenow.com,ServiceNow,Director of Engineering,US,Print,"Main Entrance, Level 1",Check History,iPad-Registration-01,registration@techforwardsummit.com,,,QR Scan,4.12.3,EntranceD1,Day 1 Registration & Entry,
28-Apr-2026 08:40:30,omzolmyqa78cu,Cynthia,Garcia,Cloud & Infrastructure,cynthia.garcia@cloud.google.com,Google Cloud,Platform Engineer,US,Check-In,"Main Entrance, Level 1",Check History,iPad-Registration-01,registration@techforwardsummit.com,,,QR Scan,4.12.3,EntranceD1,Day 1 Registration & Entry,
28-Apr-2026 08:40:30,omzolmyqa78cu,Cynthia,Garcia,Cloud & Infrastructure,cynthia.garcia@cloud.google.com,Google Cloud,Platform Engineer,US,Print,"Main Entrance, Level 1",Check History,iPad-Registration-01,registration@techforwardsummit.com,,,QR Scan,4.12.3,EntranceD1,Day 1 Registration & Entry,
28-Apr-2026 08:40:53,z0hr9t9cd1lqj,Hana,Thomas,Cybersecurity,hana.thomas@snyk.io,Snyk,Security Sales Engineer,GB,Check-In,"Main Entrance, Level 1",Check History,iPad-Registration-01,registration@techforwardsummit.com,,,QR Scan,4.12.3,EntranceD1,Day 1 Registration & Entry,
28-Apr-2026 08:40:53,z0hr9t9cd1lqj,Hana,Thomas,Cybersecurity,hana.thomas@snyk.io,Snyk,Security Sales Engineer,GB,Print,"Main Entrance, Level 1",Check History,iPad-Registration-01,registration@techforwardsummit.com,,,QR Scan,4.12.3,EntranceD1,Day 1 Registration & Entry,
28-Apr-2026 08:40:56,5ojzto7d835ku,Amy,Chaudhary,Enterprise Software,amy.chaudhary@workday.com,Workday,Chief Product Officer,US,Check-In,"Main Entrance, Level 1",Check History,iPad-Registration-01,registration@techforwardsummit.com,,,QR Scan,4.12.3,EntranceD1,Day 1 Registration & Entry,
28-Apr-2026 08:40:56,5ojzto7d835ku,Amy,Chaudhary,Enterprise Software,amy.chaudhary@workday.com,Workday,Chief Product Officer,US,Print,"Main Entrance, Level 1",Check History,iPad-Registration-01,registration@techforwardsummit.com,,,QR Scan,4.12.3,EntranceD1,Day 1 Registration & Entry,
28-Apr-2026 08:41:00,iqusy2o33b29x,Lucia,Leroy,IT Consulting & SI,lucia.leroy@pwc.com,PwC Advisory,Cloud Migration Specialist,GB,Check-In,"Main Entrance, Level 1",Check History,iPad-Registration-01,registration@techforwardsummit.com,,,QR Scan,4.12.3,EntranceD1,Day 1 Registration & Entry,
28-Apr-2026 08:41:00,iqusy2o33b29x,Lucia,Leroy,IT Consulting & SI,lucia.leroy@pwc.com,PwC Advisory,Cloud Migration Specialist,GB,Print,"Main Entrance, Level 1",Check History,iPad-Registration-01,registration@techforwardsummit.com,,,QR Scan,4.12.3,EntranceD1,Day 1 Registration & Entry,
28-Apr-2026 08:41:01,tp5ch3svg7ss6,Abena,Choi,Media/Press,abena.choi@techcrunch.com,TechCrunch,Contributing Writer,US,Check-In,"Main Entrance, Level 1",Check History,iPad-Registration-01,registration@techforwardsummit.com,,,QR Scan,4.12.3,EntranceD1,Day 1 Registration & Entry,
28-Apr-2026 08:41:01,tp5ch3svg7ss6,Abena,Choi,Media/Press,abena.choi@techcrunch.com,TechCrunch,Contributing Writer,US,Print,"Main Entrance, Level 1",Check History,iPad-Registration-01,registration@techforwardsummit.com,,,QR Scan,4.12.3,EntranceD1,Day 1 Registration & Entry,
28-Apr-2026 08:41:30,26m8a41zblm57,Amit,Larsen,Cloud & Infrastructure,amit.larsen@render.com,Render,Chief Technology Officer,US,Check-In,"Main Entrance, Level 1",Check History,iPad-Registration-01,registration@techforwardsummit.com,,,QR Scan,4.12.3,EntranceD1,Day 1 Registration & Entry,
28-Apr-2026 08:41:30,26m8a41zblm57,Amit,Larsen,Cloud & Infrastructure,amit.larsen@render.com,Render,Chief Technology Officer,US,Print,"Main Entrance, Level 1",Check History,iPad-Registration-01,registration@techforwardsummit.com,,,QR Scan,4.12.3,EntranceD1,Day 1 Registration & Entry,
28-Apr-2026 08:41:43,xgumdf4nzkrsn,Fatimah,Iyer,Dev Tools & Platforms,fatimah.iyer@gitlab.com,GitLab,Head of Developer Relations,US,Check-In,"Main Entrance, Level 1",Check History,iPad-Registration-01,registration@techforwardsummit.com,,,QR Scan,4.12.3,EntranceD1,Day 1 Registration & Entry,
28-Apr-2026 08:41:43,xgumdf4nzkrsn,Fatimah,Iyer,Dev Tools & Platforms,fatimah.iyer@gitlab.com,GitLab,Head of Developer Relations,US,Print,"Main Entrance, Level 1",Check History,iPad-Registration-01,registration@techforwardsummit.com,,,QR Scan,4.12.3,EntranceD1,Day 1 Registration & Entry,
28-Apr-2026 08:41:47,q5c9035vuuplt,Isabelle,Gray,Cybersecurity,isabelle.gray@paloaltonetworks.com,Palo Alto Networks,Senior Security Engineer,US,Check-In,"Main Entrance, Level 1",Check History,iPad-Registration-01,registration@techforwardsummit.com,,,QR Scan,4.12.3,EntranceD1,Day 1 Registration & Entry,
28-Apr-2026 08:41:47,q5c9035vuuplt,Isabelle,Gray,Cybersecurity,isabelle.gray@paloaltonetworks.com,Palo Alto Networks,Senior Security Engineer,US,Print,"Main Entrance, Level 1",Check History,iPad-Registration-01,registration@techforwardsummit.com,,,QR Scan,4.12.3,EntranceD1,Day 1 Registration & Entry,
28-Apr-2026 08:41:52,9ixfy1z682r6z,Deepak,Cox,AI & Data,deepak.cox@h2o.ai,H2O.ai,ML Solutions Architect,US,Check-In,"Main Entrance, Level 1",Check History,iPad-Registration-01,registration@techforwardsummit.com,,,QR Scan,4.12.3,EntranceD1,Day 1 Registration & Entry,
28-Apr-2026 08:41:52,9ixfy1z682r6z,Deepak,Cox,AI & Data,deepak.cox@h2o.ai,H2O.ai,ML Solutions Architect,US,Print,"Main Entrance, Level 1",Check History,iPad-Registration-01,registration@techforwardsummit.com,,,QR Scan,4.12.3,EntranceD1,Day 1 Registration & Entry,
28-Apr-2026 08:41:54,89d842zsa6ha3,Budi,Young,AI & Data,budi.young@nvidia.com,NVIDIA,Research Scientist,US,Check-In,"Main Entrance, Level 1",Check History,iPad-Registration-01,registration@techforwardsummit.com,,,QR Scan,4.12.3,EntranceD1,Day 1 Registration & Entry,
28-Apr-2026 08:41:54,89d842zsa6ha3,Budi,Young,AI & Data,budi.young@nvidia.com,NVIDIA,Research Scientist,US,Print,"Main Entrance, Level 1",Check History,iPad-Registration-01,registration@techforwardsummit.com,,,QR Scan,4.12.3,EntranceD1,Day 1 Registration & Entry,
28-Apr-2026 08:42:12,sxjzvuv3cb0ix,Aoi,Schmidt,VIP,aoi.schmidt@oracle.com,Oracle,Chief Technology Officer,US,Check-In,"Main Entrance, Level 1",Check History,iPad-Registration-01,registration@techforwardsummit.com,,,QR Scan,4.12.3,EntranceD1,Day 1 Registration & Entry,
28-Apr-2026 08:42:12,sxjzvuv3cb0ix,Aoi,Schmidt,VIP,aoi.schmidt@oracle.com,Oracle,Chief Technology Officer,US,Print,"Main Entrance, Level 1",Check History,iPad-Registration-01,registration@techforwardsummit.com,,,QR Scan,4.12.3,EntranceD1,Day 1 Registration & Entry,
28-Apr-2026 08:42:23,vhplhw4oq0pfr,Ren,Evans,Hardware & Semiconductors,ren.evans@groq.com,Groq,Principal VLSI Engineer,US,Check-In,"Main Entrance, Level 1",Check History,iPad-Registration-01,registration@techforwardsummit.com,,,QR Scan,4.12.3,EntranceD1,Day 1 Registration & Entry,
28-Apr-2026 08:42:23,vhplhw4oq0pfr,Ren,Evans,Hardware & Semiconductors,ren.evans@groq.com,Groq,Principal VLSI Engineer,US,Print,"Main Entrance, Level 1",Check History,iPad-Registration-01,registration@techforwardsummit.com,,,QR Scan,4.12.3,EntranceD1,Day 1 Registration & Entry,
28-Apr-2026 08:42:57,jx20au5ik31yu,Ingrid,Lim,Dev Tools & Platforms,ingrid.lim@github.com,GitHub,Head of Developer Relations,US,Check-In,"Main Entrance, Level 1",Check History,iPad-Registration-01,registration@techforwardsummit.com,,,QR Scan,4.12.3,EntranceD1,Day 1 Registration & Entry,
28-Apr-2026 08:42:57,jx20au5ik31yu,Ingrid,Lim,Dev Tools & Platforms,ingrid.lim@github.com,GitHub,Head of Developer Relations,US,Print,"Main Entrance, Level 1",Check History,iPad-Registration-01,registration@techforwardsummit.com,,,QR Scan,4.12.3,EntranceD1,Day 1 Registration & Entry,
28-Apr-2026 08:42:59,fwp9k1uoaa2qy,Aoi,Peterson,Staff,aoi.peterson@techforwardsummit.com,TechForward Organising Committee,Venue Operations Staff,SG,Check-In,"Main Entrance, Level 1",Check History,iPad-Registration-01,registration@techforwardsummit.com,,,QR Scan,4.12.3,EntranceD1,Day 1 Registration & Entry,
28-Apr-2026 08:42:59,fwp9k1uoaa2qy,Aoi,Peterson,Staff,aoi.peterson@techforwardsummit.com,TechForward Organising Committee,Venue Operations Staff,SG,Print,"Main Entrance, Level 1",Check History,iPad-Registration-01,registration@techforwardsummit.com,,,QR Scan,4.12.3,EntranceD1,Day 1 Registration & Entry,
28-Apr-2026 08:43:17,ml12p5wpvi06b,Nicholas,Bose,AI & Data,nicholas.bose@databricks.com,Databricks,Head of Data Science,US,Check-In,"Main Entrance, Level 1",Check History,iPad-Registration-01,registration@techforwardsummit.com,,,QR Scan,4.12.3,EntranceD1,Day 1 Registration & Entry,
28-Apr-2026 08:43:17,ml12p5wpvi06b,Nicholas,Bose,AI & Data,nicholas.bose@databricks.com,Databricks,Head of Data Science,US,Print,"Main Entrance, Level 1",Check History,iPad-Registration-01,registration@techforwardsummit.com,,,QR Scan,4.12.3,EntranceD1,Day 1 Registration & Entry,
28-Apr-2026 08:43:19,m7h6oq7qh96yc,Angela,Smith,IT Consulting & SI,angela.smith@accenture.com,Accenture,Managing Consultant,IE,Check-In,"Main Entrance, Level 1",Check History,iPad-Registration-01,registration@techforwardsummit.com,,,QR Scan,4.12.3,EntranceD1,Day 1 Registration & Entry,
28-Apr-2026 08:43:19,m7h6oq7qh96yc,Angela,Smith,IT Consulting & SI,angela.smith@accenture.com,Accenture,Managing Consultant,IE,Print,"Main Entrance, Level 1",Check History,iPad-Registration-01,registration@techforwardsummit.com,,,QR Scan,4.12.3,EntranceD1,Day 1 Registration & Entry,
28-Apr-2026 08:43:38,fflzm764jwtek,Kento,Lee,Enterprise Software,kento.lee@intuit.com,Intuit,Senior Solutions Engineer,US,Check-In,"Main Entrance, Level 1",Check History,iPad-Registration-01,registration@techforwardsummit.com,,,QR Scan,4.12.3,EntranceD1,Day 1 Registration & Entry,
28-Apr-2026 08:43:38,fflzm764jwtek,Kento,Lee,Enterprise Software,kento.lee@intuit.com,Intuit,Senior Solutions Engineer,US,Print,"Main Entrance, Level 1",Check History,iPad-Registration-01,registration@techforwardsummit.com,,,QR Scan,4.12.3,EntranceD1,Day 1 Registration & Entry,
28-Apr-2026 08:43:46,r6jlt8ydr3ues,Kwame,Gonzalez,Enterprise Software,kwame.gonzalez@salesforce.com,Salesforce,Staff Software Engineer,US,Check-In,"Main Entrance, Level 1",Check History,iPad-Registration-01,registration@techforwardsummit.com,,,QR Scan,4.12.3,EntranceD1,Day 1 Registration & Entry,
28-Apr-2026 08:43:46,r6jlt8ydr3ues,Kwame,Gonzalez,Enterprise Software,kwame.gonzalez@salesforce.com,Salesforce,Staff Software Engineer,US,Print,"Main Entrance, Level 1",Check History,iPad-Registration-01,registration@techforwardsummit.com,,,QR Scan,4.12.3,EntranceD1,Day 1 Registration & Entry,
28-Apr-2026 08:44:00,6vu6z5gf3bbt8,Steven,Hansen,Hardware & Semiconductors,steven.hansen@qualcomm.com,Qualcomm,Principal VLSI Engineer,US,Check-In,"Main Entrance, Level 1",Check History,iPad-Registration-01,registration@techforwardsummit.com,,,QR Scan,4.12.3,EntranceD1,Day 1 Registration & Entry,
28-Apr-2026 08:44:00,6vu6z5gf3bbt8,Steven,Hansen,Hardware & Semiconductors,steven.hansen@qualcomm.com,Qualcomm,Principal VLSI Engineer,US,Print,"Main Entrance, Level 1",Check History,iPad-Registration-01,registration@techforwardsummit.com,,,QR Scan,4.12.3,EntranceD1,Day 1 Registration & Entry,
28-Apr-2026 08:44:12,nx9owwew9v08l,Judith,Turner,IT Consulting & SI,judith.turner@kpmg.com,KPMG Advisory,Technology Consultant,NL,Check-In,"Main Entrance, Level 1",Check History,iPad-Registration-01,registration@techforwardsummit.com,,,QR Scan,4.12.3,EntranceD1,Day 1 Registration & Entry,
28-Apr-2026 08:44:12,nx9owwew9v08l,Judith,Turner,IT Consulting & SI,judith.turner@kpmg.com,KPMG Advisory,Technology Consultant,NL,Print,"Main Entrance, Level 1",Check History,iPad-Registration-01,registration@techforwardsummit.com,,,QR Scan,4.12.3,EntranceD1,Day 1 Registration & Entry,
28-Apr-2026 08:44:14,ru09bos0765ic,David,Hu,Hardware & Semiconductors,david.hu@amd.com,AMD,Senior Chip Design Engineer,US,Check-In,"Main Entrance, Level 1",Check History,iPad-Registration-01,registration@techforwardsummit.com,,,QR Scan,4.12.3,EntranceD1,Day 1 Registration & Entry,
28-Apr-2026 08:44:14,ru09bos0765ic,David,Hu,Hardware & Semiconductors,david.hu@amd.com,AMD,Senior Chip Design Engineer,US,Print,"Main Entrance, Level 1",Check History,iPad-Registration-01,registration@techforwardsummit.com,,,QR Scan,4.12.3,EntranceD1,Day 1 Registration & Entry,
28-Apr-2026 08:44:31,wk22m9rwv9njs,Miku,Miller,Cloud & Infrastructure,miku.miller@cloudflare.com,Cloudflare,DevOps Engineer,US,Check-In,"Main Entrance, Level 1",Check History,iPad-Registration-01,registration@techforwardsummit.com,,,QR Scan,4.12.3,EntranceD1,Day 1 Registration & Entry,
28-Apr-2026 08:44:31,wk22m9rwv9njs,Miku,Miller,Cloud & Infrastructure,miku.miller@cloudflare.com,Cloudflare,DevOps Engineer,US,Print,"Main Entrance, Level 1",Check History,iPad-Registration-01,registration@techforwardsummit.com,,,QR Scan,4.12.3,EntranceD1,Day 1 Registration & Entry,
28-Apr-2026 08:44:32,r43ur4mfjhoja,Kavita,Anderson,AI & Data,kavita.anderson@h2o.ai,H2O.ai,Head of Data Science,US,Check-In,"Main Entrance, Level 1",Check History,iPad-Registration-01,registration@techforwardsummit.com,,,QR Scan,4.12.3,EntranceD1,Day 1 Registration & Entry,
28-Apr-2026 08:44:32,r43ur4mfjhoja,Kavita,Anderson,AI & Data,kavita.anderson@h2o.ai,H2O.ai,Head of Data Science,US,Print,"Main Entrance, Level 1",Check History,iPad-Registration-01,registration@techforwardsummit.com,,,QR Scan,4.12.3,EntranceD1,Day 1 Registration & Entry,
28-Apr-2026 08:44:33,1id07t3ljokbz,Dewi,Kobayashi,AI & Data,dewi.kobayashi@huggingface.co,Hugging Face,AI/ML Platform Lead,US,Check-In,"Main Entrance, Level 1",Check History,iPad-Registration-01,registration@techforwardsummit.com,,,QR Scan,4.12.3,EntranceD1,Day 1 Registration & Entry,
28-Apr-2026 08:44:33,1id07t3ljokbz,Dewi,Kobayashi,AI & Data,dewi.kobayashi@huggingface.co,Hugging Face,AI/ML Platform Lead,US,Print,"Main Entrance, Level 1",Check History,iPad-Registration-01,registration@techforwardsummit.com,,,QR Scan,4.12.3,EntranceD1,Day 1 Registration & Entry,
28-Apr-2026 08:45:07,spaqaluldryhr,Abena,Sanchez,Speaker,abena.sanchez@ethz.ch,ETH Zurich,Professor of Computer Science,CH,Check-In,"Main Entrance, Level 1",Check History,iPad-Registration-01,registration@techforwardsummit.com,,,QR Scan,4.12.3,EntranceD1,Day 1 Registration & Entry,
28-Apr-2026 08:45:07,i5vrz38efe9va,Aoi,Chatterjee,VC & Private Equity,aoi.chatterjee@sequoiacap.com,Sequoia Capital,Principal,US,Check-In,"Main Entrance, Level 1",Check History,iPad-Registration-01,registration@techforwardsummit.com,,,QR Scan,4.12.3,EntranceD1,Day 1 Registration & Entry,
28-Apr-2026 08:45:07,spaqaluldryhr,Abena,Sanchez,Speaker,abena.sanchez@ethz.ch,ETH Zurich,Professor of Computer Science,CH,Print,"Main Entrance, Level 1",Check History,iPad-Registration-01,registration@techforwardsummit.com,,,QR Scan,4.12.3,EntranceD1,Day 1 Registration & Entry,
28-Apr-2026 08:45:07,i5vrz38efe9va,Aoi,Chatterjee,VC & Private Equity,aoi.chatterjee@sequoiacap.com,Sequoia Capital,Principal,US,Print,"Main Entrance, Level 1",Check History,iPad-Registration-01,registration@techforwardsummit.com,,,QR Scan,4.12.3,EntranceD1,Day 1 Registration & Entry,
28-Apr-2026 08:46:03,zcxu11to0bogc,Elizabeth,Zhao,Dev Tools & Platforms,elizabeth.zhao@gitlab.com,GitLab,Senior Developer Advocate,US,Check-In,"Main Entrance, Level 1",Check History,iPad-Registration-01,registration@techforwardsummit.com,,,QR Scan,4.12.3,EntranceD1,Day 1 Registration & Entry,
28-Apr-2026 08:46:03,zcxu11to0bogc,Elizabeth,Zhao,Dev Tools & Platforms,elizabeth.zhao@gitlab.com,GitLab,Senior Developer Advocate,US,Print,"Main Entrance, Level 1",Check History,iPad-Registration-01,registration@techforwardsummit.com,,,QR Scan,4.12.3,EntranceD1,Day 1 Registration & Entry,
28-Apr-2026 08:46:06,4zcrhyqnrm31s,Arjun,Colombo,Enterprise Software,arjun.colombo@microsoft.com,Microsoft,"Account Executive, Enterprise",US,Check-In,"Main Entrance, Level 1",Check History,iPad-Registration-01,registration@techforwardsummit.com,,,QR Scan,4.12.3,EntranceD1,Day 1 Registration & Entry,
28-Apr-2026 08:46:06,4zcrhyqnrm31s,Arjun,Colombo,Enterprise Software,arjun.colombo@microsoft.com,Microsoft,"Account Executive, Enterprise",US,Print,"Main Entrance, Level 1",Check History,iPad-Registration-01,registration@techforwardsummit.com,,,QR Scan,4.12.3,EntranceD1,Day 1 Registration & Entry,
28-Apr-2026 08:46:12,049enulqjidkn,Ingrid,Zhu,Cloud & Infrastructure,ingrid.zhu@akamai.com,Akamai Technologies,Developer Advocate,US,Check-In,"Main Entrance, Level 1",Check History,iPad-Registration-01,registration@techforwardsummit.com,,,QR Scan,4.12.3,EntranceD1,Day 1 Registration & Entry,
28-Apr-2026 08:46:12,049enulqjidkn,Ingrid,Zhu,Cloud & Infrastructure,ingrid.zhu@akamai.com,Akamai Technologies,Developer Advocate,US,Print,"Main Entrance, Level 1",Check History,iPad-Registration-01,registration@techforwardsummit.com,,,QR Scan,4.12.3,EntranceD1,Day 1 Registration & Entry,
28-Apr-2026 08:46:42,tb0515f9mz99z,Scott,Hall,Cloud & Infrastructure,scott.hall@supabase.com,Supabase,Developer Advocate,US,Check-In,"Main Entrance, Level 1",Check History,iPad-Registration-01,registration@techforwardsummit.com,,,QR Scan,4.12.3,EntranceD1,Day 1 Registration & Entry,
28-Apr-2026 08:46:42,tb0515f9mz99z,Scott,Hall,Cloud & Infrastructure,scott.hall@supabase.com,Supabase,Developer Advocate,US,Print,"Main Entrance, Level 1",Check History,iPad-Registration-01,registration@techforwardsummit.com,,,QR Scan,4.12.3,EntranceD1,Day 1 Registration & Entry,
28-Apr-2026 08:46:58,svbcq7g4asmzx,Nomsa,Jeong,Media/Press,nomsa.jeong@technologyreview.com,MIT Technology Review,Tech Reporter,US,Check-In,"Main Entrance, Level 1",Check History,iPad-Registration-01,registration@techforwardsummit.com,,,QR Scan,4.12.3,EntranceD1,Day 1 Registration & Entry,
28-Apr-2026 08:46:58,svbcq7g4asmzx,Nomsa,Jeong,Media/Press,nomsa.jeong@technologyreview.com,MIT Technology Review,Tech Reporter,US,Print,"Main Entrance, Level 1",Check History,iPad-Registration-01,registration@techforwardsummit.com,,,QR Scan,4.12.3,EntranceD1,Day 1 Registration & Entry,
28-Apr-2026 08:47:03,nbs5xrga3l710,Ethan,King,Hardware & Semiconductors,ethan.king@amd.com,AMD,Principal VLSI Engineer,US,Check-In,"Main Entrance, Level 1",Check History,iPad-Registration-01,registration@techforwardsummit.com,,,QR Scan,4.12.3,EntranceD1,Day 1 Registration & Entry,
28-Apr-2026 08:47:03,nbs5xrga3l710,Ethan,King,Hardware & Semiconductors,ethan.king@amd.com,AMD,Principal VLSI Engineer,US,Print,"Main Entrance, Level 1",Check History,iPad-Registration-01,registration@techforwardsummit.com,,,QR Scan,4.12.3,EntranceD1,Day 1 Registration & Entry,
28-Apr-2026 08:47:09,ig5xixgsplti8,Scott,Peterson,VIP,scott.peterson@nvidia.com,NVIDIA,Chief Product Officer,US,Check-In,"Main Entrance, Level 1",Check History,iPad-Registration-01,registration@techforwardsummit.com,,,QR Scan,4.12.3,EntranceD1,Day 1 Registration & Entry,
28-Apr-2026 08:47:09,ig5xixgsplti8,Scott,Peterson,VIP,scott.peterson@nvidia.com,NVIDIA,Chief Product Officer,US,Print,"Main Entrance, Level 1",Check History,iPad-Registration-01,registration@techforwardsummit.com,,,QR Scan,4.12.3,EntranceD1,Day 1 Registration & Entry,
28-Apr-2026 08:47:11,k5r0pnf3vclho,Budi,Chua,Cloud & Infrastructure,budi.chua@hashicorp.com,HashiCorp,Principal Solutions Architect,US,Check-In,"Main Entrance, Level 1",Check History,iPad-Registration-01,registration@techforwardsummit.com,,,QR Scan,4.12.3,EntranceD1,Day 1 Registration & Entry,
28-Apr-2026 08:47:11,k5r0pnf3vclho,Budi,Chua,Cloud & Infrastructure,budi.chua@hashicorp.com,HashiCorp,Principal Solutions Architect,US,Print,"Main Entrance, Level 1",Check History,iPad-Registration-01,registration@techforwardsummit.com,,,QR Scan,4.12.3,EntranceD1,Day 1 Registration & Entry,
28-Apr-2026 08:47:21,a1i10pkap7wr1,Hana,Rahman,IT Consulting & SI,hana.rahman@mckinsey.com,McKinsey Digital,"Solution Architect, Digital",US,Check-In,"Main Entrance, Level 1",Check History,iPad-Registration-01,registration@techforwardsummit.com,,,QR Scan,4.12.3,EntranceD1,Day 1 Registration & Entry,
28-Apr-2026 08:47:21,a1i10pkap7wr1,Hana,Rahman,IT Consulting & SI,hana.rahman@mckinsey.com,McKinsey Digital,"Solution Architect, Digital",US,Print,"Main Entrance, Level 1",Check History,iPad-Registration-01,registration@techforwardsummit.com,,,QR Scan,4.12.3,EntranceD1,Day 1 Registration & Entry,
28-Apr-2026 08:47:42,i8yatye737fen,Ji-Won,Luo,Enterprise Software,jiwon.luo@zendesk.com,Zendesk,VP of Engineering,US,Check-In,"Main Entrance, Level 1",Check History,iPad-Registration-01,registration@techforwardsummit.com,,,QR Scan,4.12.3,EntranceD1,Day 1 Registration & Entry,
28-Apr-2026 08:47:42,i8yatye737fen,Ji-Won,Luo,Enterprise Software,jiwon.luo@zendesk.com,Zendesk,VP of Engineering,US,Print,"Main Entrance, Level 1",Check History,iPad-Registration-01,registration@techforwardsummit.com,,,QR Scan,4.12.3,EntranceD1,Day 1 Registration & Entry,
28-Apr-2026 08:48:16,orac8cynl63ga,Melissa,Hidayat,IT Consulting & SI,melissa.hidayat@cognizant.com,Cognizant,Cloud Migration Specialist,US,Check-In,"Main Entrance, Level 1",Check History,iPad-Registration-01,registration@techforwardsummit.com,,,QR Scan,4.12.3,EntranceD1,Day 1 Registration & Entry,
28-Apr-2026 08:48:16,orac8cynl63ga,Melissa,Hidayat,IT Consulting & SI,melissa.hidayat@cognizant.com,Cognizant,Cloud Migration Specialist,US,Print,"Main Entrance, Level 1",Check History,iPad-Registration-01,registration@techforwardsummit.com,,,QR Scan,4.12.3,EntranceD1,Day 1 Registration & Entry,
28-Apr-2026 08:48:26,lei6wgl8i9akf,Matthew,Flores,IT Consulting & SI,matthew.flores@wipro.com,Wipro,Associate Director,IN,Check-In,"Main Entrance, Level 1",Check History,iPad-Registration-01,registration@techforwardsummit.com,,,QR Scan,4.12.3,EntranceD1,Day 1 Registration & Entry,
28-Apr-2026 08:48:26,lei6wgl8i9akf,Matthew,Flores,IT Consulting & SI,matthew.flores@wipro.com,Wipro,Associate Director,IN,Print,"Main Entrance, Level 1",Check History,iPad-Registration-01,registration@techforwardsummit.com,,,QR Scan,4.12.3,EntranceD1,Day 1 Registration & Entry,
28-Apr-2026 08:48:31,9leokqjuwxu2h,Patrick,Reddy,Cybersecurity,patrick.reddy@paloaltonetworks.com,Palo Alto Networks,CISO,US,Check-In,"Main Entrance, Level 1",Check History,iPad-Registration-01,registration@techforwardsummit.com,,,QR Scan,4.12.3,EntranceD1,Day 1 Registration & Entry,
28-Apr-2026 08:48:31,9leokqjuwxu2h,Patrick,Reddy,Cybersecurity,patrick.reddy@paloaltonetworks.com,Palo Alto Networks,CISO,US,Print,"Main Entrance, Level 1",Check History,iPad-Registration-01,registration@techforwardsummit.com,,,QR Scan,4.12.3,EntranceD1,Day 1 Registration & Entry,
28-Apr-2026 08:48:32,dji6sow4yif5d,Ren,Becker,IT Consulting & SI,ren.becker@ibm.com,IBM Consulting,Director of Technology,US,Check-In,"Main Entrance, Level 1",Check History,iPad-Registration-01,registration@techforwardsummit.com,,,QR Scan,4.12.3,EntranceD1,Day 1 Registration & Entry,
28-Apr-2026 08:48:32,dji6sow4yif5d,Ren,Becker,IT Consulting & SI,ren.becker@ibm.com,IBM Consulting,Director of Technology,US,Print,"Main Entrance, Level 1",Check History,iPad-Registration-01,registration@techforwardsummit.com,,,QR Scan,4.12.3,EntranceD1,Day 1 Registration & Entry,
28-Apr-2026 08:48:38,jfp0n1k9yxcfe,James,Cox,Enterprise Software,james.cox@monday.com,monday.com,Director of Engineering,IL,Check-In,"Main Entrance, Level 1",Check History,iPad-Registration-01,registration@techforwardsummit.com,,,QR Scan,4.12.3,EntranceD1,Day 1 Registration & Entry,
28-Apr-2026 08:48:38,jfp0n1k9yxcfe,James,Cox,Enterprise Software,james.cox@monday.com,monday.com,Director of Engineering,IL,Print,"Main Entrance, Level 1",Check History,iPad-Registration-01,registration@techforwardsummit.com,,,QR Scan,4.12.3,EntranceD1,Day 1 Registration & Entry,
28-Apr-2026 08:48:45,niblwbv2izsfw,George,Trivedi,AI & Data,george.trivedi@nvidia.com,NVIDIA,Senior Data Scientist,US,Check-In,"Main Entrance, Level 1",Check History,iPad-Registration-01,registration@techforwardsummit.com,,,QR Scan,4.12.3,EntranceD1,Day 1 Registration & Entry,
28-Apr-2026 08:48:45,c50i32buhbcpl,Emma,Johnson,Dev Tools & Platforms,emma.johnson@launchdarkly.com,LaunchDarkly,Chief Revenue Officer,US,Check-In,"Main Entrance, Level 1",Check History,iPad-Registration-01,registration@techforwardsummit.com,,,QR Scan,4.12.3,EntranceD1,Day 1 Registration & Entry,
28-Apr-2026 08:48:45,niblwbv2izsfw,George,Trivedi,AI & Data,george.trivedi@nvidia.com,NVIDIA,Senior Data Scientist,US,Print,"Main Entrance, Level 1",Check History,iPad-Registration-01,registration@techforwardsummit.com,,,QR Scan,4.12.3,EntranceD1,Day 1 Registration & Entry,
28-Apr-2026 08:48:45,c50i32buhbcpl,Emma,Johnson,Dev Tools & Platforms,emma.johnson@launchdarkly.com,LaunchDarkly,Chief Revenue Officer,US,Print,"Main Entrance, Level 1",Check History,iPad-Registration-01,registration@techforwardsummit.com,,,QR Scan,4.12.3,EntranceD1,Day 1 Registration & Entry,
28-Apr-2026 08:48:58,b8ohl1zumkvgg,Valentina,Phillips,Enterprise Software,valentina.phillips@servicenow.com,ServiceNow,Engineering Manager,US,Check-In,"Main Entrance, Level 1",Check History,iPad-Registration-01,registration@techforwardsummit.com,,,QR Scan,4.12.3,EntranceD1,Day 1 Registration & Entry,
28-Apr-2026 08:48:58,b8ohl1zumkvgg,Valentina,Phillips,Enterprise Software,valentina.phillips@servicenow.com,ServiceNow,Engineering Manager,US,Print,"Main Entrance, Level 1",Check History,iPad-Registration-01,registration@techforwardsummit.com,,,QR Scan,4.12.3,EntranceD1,Day 1 Registration & Entry,
28-Apr-2026 08:49:07,xomi8co2xzdir,Sharon,Deng,Cybersecurity,sharon.deng@cyberark.com,CyberArk,Head of Information Security,IL,Check-In,"Main Entrance, Level 1",Check History,iPad-Registration-01,registration@techforwardsummit.com,,,QR Scan,4.12.3,EntranceD1,Day 1 Registration & Entry,
28-Apr-2026 08:49:07,xomi8co2xzdir,Sharon,Deng,Cybersecurity,sharon.deng@cyberark.com,CyberArk,Head of Information Security,IL,Print,"Main Entrance, Level 1",Check History,iPad-Registration-01,registration@techforwardsummit.com,,,QR Scan,4.12.3,EntranceD1,Day 1 Registration & Entry,
28-Apr-2026 08:49:14,imt8545yrwvtk,Patrick,King,IT Consulting & SI,patrick.king@deloitte.com,Deloitte Technology,"Solution Architect, Digital",US,Check-In,"Main Entrance, Level 1",Check History,iPad-Registration-01,registration@techforwardsummit.com,,,QR Scan,4.12.3,EntranceD1,Day 1 Registration & Entry,
28-Apr-2026 08:49:14,imt8545yrwvtk,Patrick,King,IT Consulting & SI,patrick.king@deloitte.com,Deloitte Technology,"Solution Architect, Digital",US,Print,"Main Entrance, Level 1",Check History,iPad-Registration-01,registration@techforwardsummit.com,,,QR Scan,4.12.3,EntranceD1,Day 1 Registration & Entry,
28-Apr-2026 08:49:30,xv8wobiry8xny,Charlotte,Abdullah,Media/Press,charlotte.abdullah@wired.com,Wired,Tech Reporter,US,Check-In,"Main Entrance, Level 1",Check History,iPad-Registration-01,registration@techforwardsummit.com,,,QR Scan,4.12.3,EntranceD1,Day 1 Registration & Entry,
28-Apr-2026 08:49:30,xv8wobiry8xny,Charlotte,Abdullah,Media/Press,charlotte.abdullah@wired.com,Wired,Tech Reporter,US,Print,"Main Entrance, Level 1",Check History,iPad-Registration-01,registration@techforwardsummit.com,,,QR Scan,4.12.3,EntranceD1,Day 1 Registration & Entry,
28-Apr-2026 08:49:32,dqy89fiq0fcuz,Kavita,Thompson,Cloud & Infrastructure,kavita.thompson@akamai.com,Akamai Technologies,Chief Technology Officer,US,Check-In,"Main Entrance, Level 1",Check History,iPad-Registration-01,registration@techforwardsummit.com,,,QR Scan,4.12.3,EntranceD1,Day 1 Registration & Entry,
28-Apr-2026 08:49:32,dqy89fiq0fcuz,Kavita,Thompson,Cloud & Infrastructure,kavita.thompson@akamai.com,Akamai Technologies,Chief Technology Officer,US,Print,"Main Entrance, Level 1",Check History,iPad-Registration-01,registration@techforwardsummit.com,,,QR Scan,4.12.3,EntranceD1,Day 1 Registration & Entry,
28-Apr-2026 08:49:35,hgfb2flurmw3u,Shan,Morgan,IT Consulting & SI,shan.morgan@tcs.com,TCS,Managing Consultant,IN,Check-In,"Main Entrance, Level 1",Check History,iPad-Registration-01,registration@techforwardsummit.com,,,QR Scan,4.12.3,EntranceD1,Day 1 Registration & Entry,
28-Apr-2026 08:49:35,hgfb2flurmw3u,Shan,Morgan,IT Consulting & SI,shan.morgan@tcs.com,TCS,Managing Consultant,IN,Print,"Main Entrance, Level 1",Check History,iPad-Registration-01,registration@techforwardsummit.com,,,QR Scan,4.12.3,EntranceD1,Day 1 Registration & Entry,
28-Apr-2026 08:49:43,875trjib739sy,Judith,Gao,Enterprise Software,judith.gao@atlassian.com,Atlassian,Customer Success Manager,AU,Check-In,"Main Entrance, Level 1",Check History,iPad-Registration-01,registration@techforwardsummit.com,,,QR Scan,4.12.3,EntranceD1,Day 1 Registration & Entry,
28-Apr-2026 08:49:43,875trjib739sy,Judith,Gao,Enterprise Software,judith.gao@atlassian.com,Atlassian,Customer Success Manager,AU,Print,"Main Entrance, Level 1",Check History,iPad-Registration-01,registration@techforwardsummit.com,,,QR Scan,4.12.3,EntranceD1,Day 1 Registration & Entry,
28-Apr-2026 08:49:50,56j0je3mkr4l2,Valentina,Lim,Cybersecurity,valentina.lim@cyberark.com,CyberArk,Security Sales Engineer,IL,Check-In,"Main Entrance, Level 1",Check History,iPad-Registration-01,registration@techforwardsummit.com,,,QR Scan,4.12.3,EntranceD1,Day 1 Registration & Entry,
28-Apr-2026 08:49:50,56j0je3mkr4l2,Valentina,Lim,Cybersecurity,valentina.lim@cyberark.com,CyberArk,Security Sales Engineer,IL,Print,"Main Entrance, Level 1",Check History,iPad-Registration-01,registration@techforwardsummit.com,,,QR Scan,4.12.3,EntranceD1,Day 1 Registration & Entry,
28-Apr-2026 08:50:01,nrhzn4kgeuidj,Eric,Choi,Enterprise Software,eric.choi@servicenow.com,ServiceNow,Solutions Architect,US,Check-In,"Main Entrance, Level 1",Check History,iPad-Registration-01,registration@techforwardsummit.com,,,QR Scan,4.12.3,EntranceD1,Day 1 Registration & Entry,
28-Apr-2026 08:50:01,nrhzn4kgeuidj,Eric,Choi,Enterprise Software,eric.choi@servicenow.com,ServiceNow,Solutions Architect,US,Print,"Main Entrance, Level 1",Check History,iPad-Registration-01,registration@techforwardsummit.com,,,QR Scan,4.12.3,EntranceD1,Day 1 Registration & Entry,
28-Apr-2026 08:50:08,mvw0nhjla9a1n,Kwame,Sato,Cybersecurity,kwame.sato@tenable.com,Tenable,SOC Analyst,US,Check-In,"Main Entrance, Level 1",Check History,iPad-Registration-01,registration@techforwardsummit.com,,,QR Scan,4.12.3,EntranceD1,Day 1 Registration & Entry,
28-Apr-2026 08:50:08,mvw0nhjla9a1n,Kwame,Sato,Cybersecurity,kwame.sato@tenable.com,Tenable,SOC Analyst,US,Print,"Main Entrance, Level 1",Check History,iPad-Registration-01,registration@techforwardsummit.com,,,QR Scan,4.12.3,EntranceD1,Day 1 Registration & Entry,
28-Apr-2026 08:50:21,4ebc94e6nkar1,Cynthia,Gao,IT Consulting & SI,cynthia.gao@capgemini.com,Capgemini,Technology Consultant,FR,Check-In,"Main Entrance, Level 1",Check History,iPad-Registration-01,registration@techforwardsummit.com,,,QR Scan,4.12.3,EntranceD1,Day 1 Registration & Entry,
28-Apr-2026 08:50:21,jfm03tdv0iqf1,Jacob,Ito,IT Consulting & SI,jacob.ito@deloitte.com,Deloitte Technology,Managing Consultant,US,Check-In,"Main Entrance, Level 1",Check History,iPad-Registration-01,registration@techforwardsummit.com,,,QR Scan,4.12.3,EntranceD1,Day 1 Registration & Entry,
28-Apr-2026 08:50:21,4ebc94e6nkar1,Cynthia,Gao,IT Consulting & SI,cynthia.gao@capgemini.com,Capgemini,Technology Consultant,FR,Print,"Main Entrance, Level 1",Check History,iPad-Registration-01,registration@techforwardsummit.com,,,QR Scan,4.12.3,EntranceD1,Day 1 Registration & Entry,
28-Apr-2026 08:50:21,jfm03tdv0iqf1,Jacob,Ito,IT Consulting & SI,jacob.ito@deloitte.com,Deloitte Technology,Managing Consultant,US,Print,"Main Entrance, Level 1",Check History,iPad-Registration-01,registration@techforwardsummit.com,,,QR Scan,4.12.3,EntranceD1,Day 1 Registration & Entry,
28-Apr-2026 08:50:28,ltemrqp94na46,Wei,Esposito,Cybersecurity,wei.esposito@rapid7.com,Rapid7,VP of Security,US,Check-In,"Main Entrance, Level 1",Check History,iPad-Registration-01,registration@techforwardsummit.com,,,QR Scan,4.12.3,EntranceD1,Day 1 Registration & Entry,
28-Apr-2026 08:50:28,ltemrqp94na46,Wei,Esposito,Cybersecurity,wei.esposito@rapid7.com,Rapid7,VP of Security,US,Print,"Main Entrance, Level 1",Check History,iPad-Registration-01,registration@techforwardsummit.com,,,QR Scan,4.12.3,EntranceD1,Day 1 Registration & Entry,
28-Apr-2026 08:50:32,twd1xmxb9yo18,Feng,Young,Enterprise Software,feng.young@sprinklr.com,Sprinklr,Principal Product Manager,US,Check-In,"Main Entrance, Level 1",Check History,iPad-Registration-01,registration@techforwardsummit.com,,,QR Scan,4.12.3,EntranceD1,Day 1 Registration & Entry,
28-Apr-2026 08:50:32,twd1xmxb9yo18,Feng,Young,Enterprise Software,feng.young@sprinklr.com,Sprinklr,Principal Product Manager,US,Print,"Main Entrance, Level 1",Check History,iPad-Registration-01,registration@techforwardsummit.com,,,QR Scan,4.12.3,EntranceD1,Day 1 Registration & Entry,
28-Apr-2026 08:50:39,8osaq3eq8dh9p,Hyun,Torres,AI & Data,hyun.torres@palantir.com,Palantir Technologies,Data Engineer,US,Check-In,"Main Entrance, Level 1",Check History,iPad-Registration-01,registration@techforwardsummit.com,,,QR Scan,4.12.3,EntranceD1,Day 1 Registration & Entry,
28-Apr-2026 08:50:39,8osaq3eq8dh9p,Hyun,Torres,AI & Data,hyun.torres@palantir.com,Palantir Technologies,Data Engineer,US,Print,"Main Entrance, Level 1",Check History,iPad-Registration-01,registration@techforwardsummit.com,,,QR Scan,4.12.3,EntranceD1,Day 1 Registration & Entry,
28-Apr-2026 08:50:48,25485hcqxcs1x,Sota,Chen,AI & Data,sota.chen@palantir.com,Palantir Technologies,Principal ML Engineer,US,Check-In,"Main Entrance, Level 1",Check History,iPad-Registration-01,registration@techforwardsummit.com,,,QR Scan,4.12.3,EntranceD1,Day 1 Registration & Entry,
28-Apr-2026 08:50:48,25485hcqxcs1x,Sota,Chen,AI & Data,sota.chen@palantir.com,Palantir Technologies,Principal ML Engineer,US,Print,"Main Entrance, Level 1",Check History,iPad-Registration-01,registration@techforwardsummit.com,,,QR Scan,4.12.3,EntranceD1,Day 1 Registration & Entry,
28-Apr-2026 08:51:04,lcack9d643j2x,Catherine,Johnson,IT Consulting & SI,catherine.johnson@cognizant.com,Cognizant,"Solution Architect, Digital",US,Check-In,"Main Entrance, Level 1",Check History,iPad-Registration-01,registration@techforwardsummit.com,,,QR Scan,4.12.3,EntranceD1,Day 1 Registration & Entry,
28-Apr-2026 08:51:04,lcack9d643j2x,Catherine,Johnson,IT Consulting & SI,catherine.johnson@cognizant.com,Cognizant,"Solution Architect, Digital",US,Print,"Main Entrance, Level 1",Check History,iPad-Registration-01,registration@techforwardsummit.com,,,QR Scan,4.12.3,EntranceD1,Day 1 Registration & Entry,
28-Apr-2026 08:51:13,3ucr68nixc6od,Akiko,Tran,Enterprise Software,akiko.tran@workday.com,Workday,Senior Product Manager,US,Check-In,"Main Entrance, Level 1",Check History,iPad-Registration-01,registration@techforwardsummit.com,,,QR Scan,4.12.3,EntranceD1,Day 1 Registration & Entry,
28-Apr-2026 08:51:13,3ucr68nixc6od,Akiko,Tran,Enterprise Software,akiko.tran@workday.com,Workday,Senior Product Manager,US,Print,"Main Entrance, Level 1",Check History,iPad-Registration-01,registration@techforwardsummit.com,,,QR Scan,4.12.3,EntranceD1,Day 1 Registration & Entry,
28-Apr-2026 08:51:26,eh5e5rwsf5pae,Raj,Simon,VC & Private Equity,raj.simon@bvp.com,Bessemer Venture Partners,Investment Director,US,Check-In,"Main Entrance, Level 1",Check History,iPad-Registration-01,registration@techforwardsummit.com,,,QR Scan,4.12.3,EntranceD1,Day 1 Registration & Entry,
28-Apr-2026 08:51:26,eh5e5rwsf5pae,Raj,Simon,VC & Private Equity,raj.simon@bvp.com,Bessemer Venture Partners,Investment Director,US,Print,"Main Entrance, Level 1",Check History,iPad-Registration-01,registration@techforwardsummit.com,,,QR Scan,4.12.3,EntranceD1,Day 1 Registration & Entry,
28-Apr-2026 08:51:27,5dfi25i67zsoo,Seo-Yeon,Trivedi,AI & Data,seoyeon.trivedi@datarobot.com,DataRobot,Senior Data Scientist,US,Check-In,"Main Entrance, Level 1",Check History,iPad-Registration-01,registration@techforwardsummit.com,,,QR Scan,4.12.3,EntranceD1,Day 1 Registration & Entry,
28-Apr-2026 08:51:27,5dfi25i67zsoo,Seo-Yeon,Trivedi,AI & Data,seoyeon.trivedi@datarobot.com,DataRobot,Senior Data Scientist,US,Print,"Main Entrance, Level 1",Check History,iPad-Registration-01,registration@techforwardsummit.com,,,QR Scan,4.12.3,EntranceD1,Day 1 Registration & Entry,
28-Apr-2026 08:51:37,7s7o4yc3s0dpj,Benjamin,Wagner,Board Member,benjamin.wagner@microsoft.com,Microsoft,Board Director,US,Check-In,"Main Entrance, Level 1",Check History,iPad-Registration-01,registration@techforwardsummit.com,,,QR Scan,4.12.3,EntranceD1,Day 1 Registration & Entry,
28-Apr-2026 08:51:37,7s7o4yc3s0dpj,Benjamin,Wagner,Board Member,benjamin.wagner@microsoft.com,Microsoft,Board Director,US,Print,"Main Entrance, Level 1",Check History,iPad-Registration-01,registration@techforwardsummit.com,,,QR Scan,4.12.3,EntranceD1,Day 1 Registration & Entry,
28-Apr-2026 08:51:42,ifm5ci7hbvpxn,Lin,Park,IT Consulting & SI,lin.park@wipro.com,Wipro,"Partner, Technology Practice",IN,Check-In,"Main Entrance, Level 1",Check History,iPad-Registration-01,registration@techforwardsummit.com,,,QR Scan,4.12.3,EntranceD1,Day 1 Registration & Entry,
28-Apr-2026 08:51:42,ifm5ci7hbvpxn,Lin,Park,IT Consulting & SI,lin.park@wipro.com,Wipro,"Partner, Technology Practice",IN,Print,"Main Entrance, Level 1",Check History,iPad-Registration-01,registration@techforwardsummit.com,,,QR Scan,4.12.3,EntranceD1,Day 1 Registration & Entry,
28-Apr-2026 08:52:09,pab05dwjate4v,Dewi,Lopez,AI & Data,dewi.lopez@pinecone.io,Pinecone,Head of Data Science,US,Check-In,"Main Entrance, Level 1",Check History,iPad-Registration-01,registration@techforwardsummit.com,,,QR Scan,4.12.3,EntranceD1,Day 1 Registration & Entry,
28-Apr-2026 08:52:09,pab05dwjate4v,Dewi,Lopez,AI & Data,dewi.lopez@pinecone.io,Pinecone,Head of Data Science,US,Print,"Main Entrance, Level 1",Check History,iPad-Registration-01,registration@techforwardsummit.com,,,QR Scan,4.12.3,EntranceD1,Day 1 Registration & Entry,
28-Apr-2026 08:52:11,1a6xvaj2k8xpn,Neha,Tang,Cloud & Infrastructure,neha.tang@cloudflare.com,Cloudflare,Staff Infrastructure Engineer,US,Check-In,"Main Entrance, Level 1",Check History,iPad-Registration-01,registration@techforwardsummit.com,,,QR Scan,4.12.3,EntranceD1,Day 1 Registration & Entry,
28-Apr-2026 08:52:11,1a6xvaj2k8xpn,Neha,Tang,Cloud & Infrastructure,neha.tang@cloudflare.com,Cloudflare,Staff Infrastructure Engineer,US,Print,"Main Entrance, Level 1",Check History,iPad-Registration-01,registration@techforwardsummit.com,,,QR Scan,4.12.3,EntranceD1,Day 1 Registration & Entry,
28-Apr-2026 08:52:36,7ht2ibtrvxoi4,Yusuf,Arora,Cybersecurity,yusuf.arora@fortinet.com,Fortinet,Director of Cybersecurity,US,Check-In,"Main Entrance, Level 1",Check History,iPad-Registration-01,registration@techforwardsummit.com,,,QR Scan,4.12.3,EntranceD1,Day 1 Registration & Entry,
28-Apr-2026 08:52:36,7ht2ibtrvxoi4,Yusuf,Arora,Cybersecurity,yusuf.arora@fortinet.com,Fortinet,Director of Cybersecurity,US,Print,"Main Entrance, Level 1",Check History,iPad-Registration-01,registration@techforwardsummit.com,,,QR Scan,4.12.3,EntranceD1,Day 1 Registration & Entry,
28-Apr-2026 08:52:41,kzcrnq0y4io9p,Diego,Garcia,Hardware & Semiconductors,diego.garcia@tsmc.com,TSMC,Principal VLSI Engineer,TW,Check-In,"Main Entrance, Level 1",Check History,iPad-Registration-01,registration@techforwardsummit.com,,,QR Scan,4.12.3,EntranceD1,Day 1 Registration & Entry,
28-Apr-2026 08:52:41,kzcrnq0y4io9p,Diego,Garcia,Hardware & Semiconductors,diego.garcia@tsmc.com,TSMC,Principal VLSI Engineer,TW,Print,"Main Entrance, Level 1",Check History,iPad-Registration-01,registration@techforwardsummit.com,,,QR Scan,4.12.3,EntranceD1,Day 1 Registration & Entry,
28-Apr-2026 08:52:51,6975j2d8clw3j,Jessica,Baker,Cybersecurity,jessica.baker@wiz.io,Wiz,Security Consultant,US,Check-In,"Main Entrance, Level 1",Check History,iPad-Registration-01,registration@techforwardsummit.com,,,QR Scan,4.12.3,EntranceD1,Day 1 Registration & Entry,
28-Apr-2026 08:52:51,6975j2d8clw3j,Jessica,Baker,Cybersecurity,jessica.baker@wiz.io,Wiz,Security Consultant,US,Print,"Main Entrance, Level 1",Check History,iPad-Registration-01,registration@techforwardsummit.com,,,QR Scan,4.12.3,EntranceD1,Day 1 Registration & Entry,
28-Apr-2026 08:52:52,4m7pp0pnnlo0h,Cynthia,Moreau,IT Consulting & SI,cynthia.moreau@tcs.com,TCS,Director of Technology,IN,Check-In,"Main Entrance, Level 1",Check History,iPad-Registration-01,registration@techforwardsummit.com,,,QR Scan,4.12.3,EntranceD1,Day 1 Registration & Entry,
28-Apr-2026 08:52:52,4m7pp0pnnlo0h,Cynthia,Moreau,IT Consulting & SI,cynthia.moreau@tcs.com,TCS,Director of Technology,IN,Print,"Main Entrance, Level 1",Check History,iPad-Registration-01,registration@techforwardsummit.com,,,QR Scan,4.12.3,EntranceD1,Day 1 Registration & Entry,
28-Apr-2026 08:53:28,6u2llh22be4n2,Jing,Tran,Cloud & Infrastructure,jing.tran@datadoghq.com,Datadog,Platform Engineer,US,Check-In,"Main Entrance, Level 1",Check History,iPad-Registration-01,registration@techforwardsummit.com,,,QR Scan,4.12.3,EntranceD1,Day 1 Registration & Entry,
28-Apr-2026 08:53:28,6u2llh22be4n2,Jing,Tran,Cloud & Infrastructure,jing.tran@datadoghq.com,Datadog,Platform Engineer,US,Print,"Main Entrance, Level 1",Check History,iPad-Registration-01,registration@techforwardsummit.com,,,QR Scan,4.12.3,EntranceD1,Day 1 Registration & Entry,
28-Apr-2026 08:53:38,127exvda4l3kh,Elena,Xie,IT Consulting & SI,elena.xie@infosys.com,Infosys,Technology Consultant,IN,Check-In,"Main Entrance, Level 1",Check History,iPad-Registration-01,registration@techforwardsummit.com,,,QR Scan,4.12.3,EntranceD1,Day 1 Registration & Entry,
28-Apr-2026 08:53:38,127exvda4l3kh,Elena,Xie,IT Consulting & SI,elena.xie@infosys.com,Infosys,Technology Consultant,IN,Print,"Main Entrance, Level 1",Check History,iPad-Registration-01,registration@techforwardsummit.com,,,QR Scan,4.12.3,EntranceD1,Day 1 Registration & Entry,
28-Apr-2026 08:53:55,b4u33k2w1i5ki,Angela,Ng,Dev Tools & Platforms,angela.ng@twilio.com,Twilio,Developer Success Manager,US,Check-In,"Main Entrance, Level 1",Check History,iPad-Registration-01,registration@techforwardsummit.com,,,QR Scan,4.12.3,EntranceD1,Day 1 Registration & Entry,
28-Apr-2026 08:53:55,b4u33k2w1i5ki,Angela,Ng,Dev Tools & Platforms,angela.ng@twilio.com,Twilio,Developer Success Manager,US,Print,"Main Entrance, Level 1",Check History,iPad-Registration-01,registration@techforwardsummit.com,,,QR Scan,4.12.3,EntranceD1,Day 1 Registration & Entry,
28-Apr-2026 08:54:34,gxbrytivr40dm,Lucas,Richardson,VC & Private Equity,lucas.richardson@bvp.com,Bessemer Venture Partners,Venture Associate,US,Check-In,"Main Entrance, Level 1",Check History,iPad-Registration-01,registration@techforwardsummit.com,,,QR Scan,4.12.3,EntranceD1,Day 1 Registration & Entry,
28-Apr-2026 08:54:34,gxbrytivr40dm,Lucas,Richardson,VC & Private Equity,lucas.richardson@bvp.com,Bessemer Venture Partners,Venture Associate,US,Print,"Main Entrance, Level 1",Check History,iPad-Registration-01,registration@techforwardsummit.com,,,QR Scan,4.12.3,EntranceD1,Day 1 Registration & Entry,
28-Apr-2026 08:54:40,ouwzk4ie86db5,Akiko,Zhang,Enterprise Software,akiko.zhang@oracle.com,Oracle,"Account Executive, Enterprise",US,Check-In,"Main Entrance, Level 1",Check History,iPad-Registration-01,registration@techforwardsummit.com,,,QR Scan,4.12.3,EntranceD1,Day 1 Registration & Entry,
28-Apr-2026 08:54:40,ouwzk4ie86db5,Akiko,Zhang,Enterprise Software,akiko.zhang@oracle.com,Oracle,"Account Executive, Enterprise",US,Print,"Main Entrance, Level 1",Check History,iPad-Registration-01,registration@techforwardsummit.com,,,QR Scan,4.12.3,EntranceD1,Day 1 Registration & Entry,
28-Apr-2026 08:55:07,7p0rnpm6jqfww,Greta,Verma,IT Consulting & SI,greta.verma@tcs.com,TCS,Technology Consultant,IN,Check-In,"Main Entrance, Level 1",Check History,iPad-Registration-01,registration@techforwardsummit.com,,,QR Scan,4.12.3,EntranceD1,Day 1 Registration & Entry,
28-Apr-2026 08:55:07,adi5uujzr0fcy,Lisa,Taylor,Enterprise Software,lisa.taylor@salesforce.com,Salesforce,Engineering Manager,US,Check-In,"Main Entrance, Level 1",Check History,iPad-Registration-01,registration@techforwardsummit.com,,,QR Scan,4.12.3,EntranceD1,Day 1 Registration & Entry,
28-Apr-2026 08:55:07,7p0rnpm6jqfww,Greta,Verma,IT Consulting & SI,greta.verma@tcs.com,TCS,Technology Consultant,IN,Print,"Main Entrance, Level 1",Check History,iPad-Registration-01,registration@techforwardsummit.com,,,QR Scan,4.12.3,EntranceD1,Day 1 Registration & Entry,
28-Apr-2026 08:55:07,adi5uujzr0fcy,Lisa,Taylor,Enterprise Software,lisa.taylor@salesforce.com,Salesforce,Engineering Manager,US,Print,"Main Entrance, Level 1",Check History,iPad-Registration-01,registration@techforwardsummit.com,,,QR Scan,4.12.3,EntranceD1,Day 1 Registration & Entry,
28-Apr-2026 08:55:08,1otkzh4oe1u24,Lucia,Nair,Enterprise Software,lucia.nair@servicenow.com,ServiceNow,Engineering Manager,US,Check-In,"Main Entrance, Level 1",Check History,iPad-Registration-01,registration@techforwardsummit.com,,,QR Scan,4.12.3,EntranceD1,Day 1 Registration & Entry,
28-Apr-2026 08:55:08,1otkzh4oe1u24,Lucia,Nair,Enterprise Software,lucia.nair@servicenow.com,ServiceNow,Engineering Manager,US,Print,"Main Entrance, Level 1",Check History,iPad-Registration-01,registration@techforwardsummit.com,,,QR Scan,4.12.3,EntranceD1,Day 1 Registration & Entry,
28-Apr-2026 08:55:22,iviss8jltcbw6,David,Patel,Staff,david.patel@fielddrive.com,FieldDrive Events,Technical Support Specialist,BE,Check-In,"Main Entrance, Level 1",Check History,iPad-Registration-01,registration@techforwardsummit.com,,,QR Scan,4.12.3,EntranceD1,Day 1 Registration & Entry,
28-Apr-2026 08:55:22,iviss8jltcbw6,David,Patel,Staff,david.patel@fielddrive.com,FieldDrive Events,Technical Support Specialist,BE,Print,"Main Entrance, Level 1",Check History,iPad-Registration-01,registration@techforwardsummit.com,,,QR Scan,4.12.3,EntranceD1,Day 1 Registration & Entry,
28-Apr-2026 08:55:30,ozg7fbv2i6oeu,Benjamin,Zhou,Enterprise Software,benjamin.zhou@workday.com,Workday,Engineering Manager,US,Check-In,"Main Entrance, Level 1",Check History,iPad-Registration-01,registration@techforwardsummit.com,,,QR Scan,4.12.3,EntranceD1,Day 1 Registration & Entry,
28-Apr-2026 08:55:30,ozg7fbv2i6oeu,Benjamin,Zhou,Enterprise Software,benjamin.zhou@workday.com,Workday,Engineering Manager,US,Print,"Main Entrance, Level 1",Check History,iPad-Registration-01,registration@techforwardsummit.com,,,QR Scan,4.12.3,EntranceD1,Day 1 Registration & Entry,
28-Apr-2026 08:55:38,ypofkjw6nyqae,Sanjay,Becker,AI & Data,sanjay.becker@scale.com,Scale AI,Data Engineer,US,Check-In,"Main Entrance, Level 1",Check History,iPad-Registration-01,registration@techforwardsummit.com,,,QR Scan,4.12.3,EntranceD1,Day 1 Registration & Entry,
28-Apr-2026 08:55:38,ypofkjw6nyqae,Sanjay,Becker,AI & Data,sanjay.becker@scale.com,Scale AI,Data Engineer,US,Print,"Main Entrance, Level 1",Check History,iPad-Registration-01,registration@techforwardsummit.com,,,QR Scan,4.12.3,EntranceD1,Day 1 Registration & Entry,
28-Apr-2026 08:55:43,sj3l0xzamkygv,Hans,Wu,Hardware & Semiconductors,hans.wu@sambanova.ai,SambaNova Systems,Senior Chip Design Engineer,US,Check-In,"Main Entrance, Level 1",Check History,iPad-Registration-01,registration@techforwardsummit.com,,,QR Scan,4.12.3,EntranceD1,Day 1 Registration & Entry,
28-Apr-2026 08:55:43,sj3l0xzamkygv,Hans,Wu,Hardware & Semiconductors,hans.wu@sambanova.ai,SambaNova Systems,Senior Chip Design Engineer,US,Print,"Main Entrance, Level 1",Check History,iPad-Registration-01,registration@techforwardsummit.com,,,QR Scan,4.12.3,EntranceD1,Day 1 Registration & Entry,
28-Apr-2026 08:55:51,kvpjrmeyy1em3,Nadia,Nguyen,Enterprise Software,nadia.nguyen@freshworks.com,Freshworks,Chief Technology Officer,IN,Check-In,"Main Entrance, Level 1",Check History,iPad-Registration-01,registration@techforwardsummit.com,,,QR Scan,4.12.3,EntranceD1,Day 1 Registration & Entry,
28-Apr-2026 08:55:51,kvpjrmeyy1em3,Nadia,Nguyen,Enterprise Software,nadia.nguyen@freshworks.com,Freshworks,Chief Technology Officer,IN,Print,"Main Entrance, Level 1",Check History,iPad-Registration-01,registration@techforwardsummit.com,,,QR Scan,4.12.3,EntranceD1,Day 1 Registration & Entry,
28-Apr-2026 08:56:13,6dut076g5g79o,Ren,Edwards,Cloud & Infrastructure,ren.edwards@snowflake.com,Snowflake,Developer Advocate,US,Check-In,"Main Entrance, Level 1",Check History,iPad-Registration-01,registration@techforwardsummit.com,,,QR Scan,4.12.3,EntranceD1,Day 1 Registration & Entry,
28-Apr-2026 08:56:13,6dut076g5g79o,Ren,Edwards,Cloud & Infrastructure,ren.edwards@snowflake.com,Snowflake,Developer Advocate,US,Print,"Main Entrance, Level 1",Check History,iPad-Registration-01,registration@techforwardsummit.com,,,QR Scan,4.12.3,EntranceD1,Day 1 Registration & Entry,
28-Apr-2026 08:56:34,nzy47quusfn07,Sandra,Brown,Enterprise Software,sandra.brown@servicenow.com,ServiceNow,Staff Software Engineer,US,Check-In,"Main Entrance, Level 1",Check History,iPad-Registration-01,registration@techforwardsummit.com,,,QR Scan,4.12.3,EntranceD1,Day 1 Registration & Entry,
28-Apr-2026 08:56:34,nzy47quusfn07,Sandra,Brown,Enterprise Software,sandra.brown@servicenow.com,ServiceNow,Staff Software Engineer,US,Print,"Main Entrance, Level 1",Check History,iPad-Registration-01,registration@techforwardsummit.com,,,QR Scan,4.12.3,EntranceD1,Day 1 Registration & Entry,
28-Apr-2026 08:57:00,ppnl6rnkwxzwl,Dylan,He,IT Consulting & SI,dylan.he@capgemini.com,Capgemini,Senior Technology Consultant,FR,Check-In,"Main Entrance, Level 1",Check History,iPad-Registration-01,registration@techforwardsummit.com,,,QR Scan,4.12.3,EntranceD1,Day 1 Registration & Entry,
28-Apr-2026 08:57:00,ppnl6rnkwxzwl,Dylan,He,IT Consulting & SI,dylan.he@capgemini.com,Capgemini,Senior Technology Consultant,FR,Print,"Main Entrance, Level 1",Check History,iPad-Registration-01,registration@techforwardsummit.com,,,QR Scan,4.12.3,EntranceD1,Day 1 Registration & Entry,
28-Apr-2026 08:57:05,z8ftmjn8b3uma,Amit,Kato,Enterprise Software,amit.kato@workday.com,Workday,Senior Product Manager,US,Check-In,"Main Entrance, Level 1",Check History,iPad-Registration-01,registration@techforwardsummit.com,,,QR Scan,4.12.3,EntranceD1,Day 1 Registration & Entry,
28-Apr-2026 08:57:05,z8ftmjn8b3uma,Amit,Kato,Enterprise Software,amit.kato@workday.com,Workday,Senior Product Manager,US,Print,"Main Entrance, Level 1",Check History,iPad-Registration-01,registration@techforwardsummit.com,,,QR Scan,4.12.3,EntranceD1,Day 1 Registration & Entry,
28-Apr-2026 08:57:18,3aofc9lgytlcq,Jason,Garcia,AI & Data,jason.garcia@weaviate.io,Weaviate,Research Scientist,NL,Check-In,"Main Entrance, Level 1",Check History,iPad-Registration-01,registration@techforwardsummit.com,,,QR Scan,4.12.3,EntranceD1,Day 1 Registration & Entry,
28-Apr-2026 08:57:18,3aofc9lgytlcq,Jason,Garcia,AI & Data,jason.garcia@weaviate.io,Weaviate,Research Scientist,NL,Print,"Main Entrance, Level 1",Check History,iPad-Registration-01,registration@techforwardsummit.com,,,QR Scan,4.12.3,EntranceD1,Day 1 Registration & Entry,
28-Apr-2026 08:57:25,ehwhg0u43qlx3,Jeffrey,White,Dev Tools & Platforms,jeffrey.white@temporal.io,Temporal,Community Manager,US,Check-In,"Main Entrance, Level 1",Check History,iPad-Registration-01,registration@techforwardsummit.com,,,QR Scan,4.12.3,EntranceD1,Day 1 Registration & Entry,
28-Apr-2026 08:57:25,ehwhg0u43qlx3,Jeffrey,White,Dev Tools & Platforms,jeffrey.white@temporal.io,Temporal,Community Manager,US,Print,"Main Entrance, Level 1",Check History,iPad-Registration-01,registration@techforwardsummit.com,,,QR Scan,4.12.3,EntranceD1,Day 1 Registration & Entry,
28-Apr-2026 08:57:31,mlquh50opf060,Hao,Baker,AI & Data,hao.baker@palantir.com,Palantir Technologies,Research Scientist,US,Check-In,"Main Entrance, Level 1",Check History,iPad-Registration-01,registration@techforwardsummit.com,,,QR Scan,4.12.3,EntranceD1,Day 1 Registration & Entry,
28-Apr-2026 08:57:31,mlquh50opf060,Hao,Baker,AI & Data,hao.baker@palantir.com,Palantir Technologies,Research Scientist,US,Print,"Main Entrance, Level 1",Check History,iPad-Registration-01,registration@techforwardsummit.com,,,QR Scan,4.12.3,EntranceD1,Day 1 Registration & Entry,
28-Apr-2026 08:57:41,s96kw0pn524ks,Vikram,Yap,Cloud & Infrastructure,vikram.yap@akamai.com,Akamai Technologies,Cloud Architect,US,Check-In,"Main Entrance, Level 1",Check History,iPad-Registration-01,registration@techforwardsummit.com,,,QR Scan,4.12.3,EntranceD1,Day 1 Registration & Entry,
28-Apr-2026 08:57:41,s96kw0pn524ks,Vikram,Yap,Cloud & Infrastructure,vikram.yap@akamai.com,Akamai Technologies,Cloud Architect,US,Print,"Main Entrance, Level 1",Check History,iPad-Registration-01,registration@techforwardsummit.com,,,QR Scan,4.12.3,EntranceD1,Day 1 Registration & Entry,
28-Apr-2026 08:57:45,ir41g20dfxuj5,Fang,Dey,Cybersecurity,fang.dey@wiz.io,Wiz,Head of Information Security,US,Check-In,"Main Entrance, Level 1",Check History,iPad-Registration-01,registration@techforwardsummit.com,,,QR Scan,4.12.3,EntranceD1,Day 1 Registration & Entry,
28-Apr-2026 08:57:45,ir41g20dfxuj5,Fang,Dey,Cybersecurity,fang.dey@wiz.io,Wiz,Head of Information Security,US,Print,"Main Entrance, Level 1",Check History,iPad-Registration-01,registration@techforwardsummit.com,,,QR Scan,4.12.3,EntranceD1,Day 1 Registration & Entry,
28-Apr-2026 08:58:11,mxd6lqga3qupo,Sipho,Howard,Enterprise Software,sipho.howard@servicenow.com,ServiceNow,Engineering Manager,US,Check-In,"Main Entrance, Level 1",Check History,iPad-Registration-01,registration@techforwardsummit.com,,,QR Scan,4.12.3,EntranceD1,Day 1 Registration & Entry,
28-Apr-2026 08:58:11,mxd6lqga3qupo,Sipho,Howard,Enterprise Software,sipho.howard@servicenow.com,ServiceNow,Engineering Manager,US,Print,"Main Entrance, Level 1",Check History,iPad-Registration-01,registration@techforwardsummit.com,,,QR Scan,4.12.3,EntranceD1,Day 1 Registration & Entry,
28-Apr-2026 08:58:16,bzug0it26ys44,Min-Soo,Evans,Cloud & Infrastructure,minsoo.evans@digitalocean.com,DigitalOcean,Platform Engineer,US,Check-In,"Main Entrance, Level 1",Check History,iPad-Registration-01,registration@techforwardsummit.com,,,QR Scan,4.12.3,EntranceD1,Day 1 Registration & Entry,
28-Apr-2026 08:58:16,bzug0it26ys44,Min-Soo,Evans,Cloud & Infrastructure,minsoo.evans@digitalocean.com,DigitalOcean,Platform Engineer,US,Print,"Main Entrance, Level 1",Check History,iPad-Registration-01,registration@techforwardsummit.com,,,QR Scan,4.12.3,EntranceD1,Day 1 Registration & Entry,
28-Apr-2026 08:58:17,4z4ur2yupmanq,Luca,Arora,AI & Data,luca.arora@wandb.ai,Weights & Biases,Senior Data Scientist,US,Check-In,"Main Entrance, Level 1",Check History,iPad-Registration-01,registration@techforwardsummit.com,,,QR Scan,4.12.3,EntranceD1,Day 1 Registration & Entry,
28-Apr-2026 08:58:17,ffy71knckonrh,Cynthia,Smith,Enterprise Software,cynthia.smith@microsoft.com,Microsoft,Senior Product Manager,US,Check-In,"Main Entrance, Level 1",Check History,iPad-Registration-01,registration@techforwardsummit.com,,,QR Scan,4.12.3,EntranceD1,Day 1 Registration & Entry,
28-Apr-2026 08:58:17,4z4ur2yupmanq,Luca,Arora,AI & Data,luca.arora@wandb.ai,Weights & Biases,Senior Data Scientist,US,Print,"Main Entrance, Level 1",Check History,iPad-Registration-01,registration@techforwardsummit.com,,,QR Scan,4.12.3,EntranceD1,Day 1 Registration & Entry,
28-Apr-2026 08:58:17,ffy71knckonrh,Cynthia,Smith,Enterprise Software,cynthia.smith@microsoft.com,Microsoft,Senior Product Manager,US,Print,"Main Entrance, Level 1",Check History,iPad-Registration-01,registration@techforwardsummit.com,,,QR Scan,4.12.3,EntranceD1,Day 1 Registration & Entry,
28-Apr-2026 08:58:18,d2xg770xdhj5s,Mark,Goh,Enterprise Software,mark.goh@oracle.com,Oracle,Staff Software Engineer,US,Check-In,"Main Entrance, Level 1",Check History,iPad-Registration-01,registration@techforwardsummit.com,,,QR Scan,4.12.3,EntranceD1,Day 1 Registration & Entry,
28-Apr-2026 08:58:18,d2xg770xdhj5s,Mark,Goh,Enterprise Software,mark.goh@oracle.com,Oracle,Staff Software Engineer,US,Print,"Main Entrance, Level 1",Check History,iPad-Registration-01,registration@techforwardsummit.com,,,QR Scan,4.12.3,EntranceD1,Day 1 Registration & Entry,
28-Apr-2026 08:58:26,meosfr5hgqgp1,Mohammed,Xu,Cybersecurity,mohammed.xu@qualys.com,Qualys,VP of Security,US,Check-In,"Main Entrance, Level 1",Check History,iPad-Registration-01,registration@techforwardsummit.com,,,QR Scan,4.12.3,EntranceD1,Day 1 Registration & Entry,
28-Apr-2026 08:58:26,meosfr5hgqgp1,Mohammed,Xu,Cybersecurity,mohammed.xu@qualys.com,Qualys,VP of Security,US,Print,"Main Entrance, Level 1",Check History,iPad-Registration-01,registration@techforwardsummit.com,,,QR Scan,4.12.3,EntranceD1,Day 1 Registration & Entry,
28-Apr-2026 08:58:28,24rv3nsxof6t6,Henrik,Ho,IT Consulting & SI,henrik.ho@slalom.com,Slalom,Managing Consultant,US,Check-In,"Main Entrance, Level 1",Check History,iPad-Registration-01,registration@techforwardsummit.com,,,QR Scan,4.12.3,EntranceD1,Day 1 Registration & Entry,
28-Apr-2026 08:58:28,24rv3nsxof6t6,Henrik,Ho,IT Consulting & SI,henrik.ho@slalom.com,Slalom,Managing Consultant,US,Print,"Main Entrance, Level 1",Check History,iPad-Registration-01,registration@techforwardsummit.com,,,QR Scan,4.12.3,EntranceD1,Day 1 Registration & Entry,
28-Apr-2026 08:58:45,sug5hcbbmhnqo,Margaret,Weber,Dev Tools & Platforms,margaret.weber@github.com,GitHub,Developer Success Manager,US,Check-In,"Main Entrance, Level 1",Check History,iPad-Registration-01,registration@techforwardsummit.com,,,QR Scan,4.12.3,EntranceD1,Day 1 Registration & Entry,
28-Apr-2026 08:58:45,sug5hcbbmhnqo,Margaret,Weber,Dev Tools & Platforms,margaret.weber@github.com,GitHub,Developer Success Manager,US,Print,"Main Entrance, Level 1",Check History,iPad-Registration-01,registration@techforwardsummit.com,,,QR Scan,4.12.3,EntranceD1,Day 1 Registration & Entry,
28-Apr-2026 08:58:51,da37e1j7v2a2t,Ama,Srivastava,Cybersecurity,ama.srivastava@lacework.com,Lacework,Senior Security Engineer,US,Check-In,"Main Entrance, Level 1",Check History,iPad-Registration-01,registration@techforwardsummit.com,,,QR Scan,4.12.3,EntranceD1,Day 1 Registration & Entry,
28-Apr-2026 08:58:51,da37e1j7v2a2t,Ama,Srivastava,Cybersecurity,ama.srivastava@lacework.com,Lacework,Senior Security Engineer,US,Print,"Main Entrance, Level 1",Check History,iPad-Registration-01,registration@techforwardsummit.com,,,QR Scan,4.12.3,EntranceD1,Day 1 Registration & Entry,
28-Apr-2026 08:58:52,tp8ak8s2xquzs,Kunal,Koh,IT Consulting & SI,kunal.koh@deloitte.com,Deloitte Technology,Associate Director,US,Check-In,"Main Entrance, Level 1",Check History,iPad-Registration-01,registration@techforwardsummit.com,,,QR Scan,4.12.3,EntranceD1,Day 1 Registration & Entry,
28-Apr-2026 08:58:52,tp8ak8s2xquzs,Kunal,Koh,IT Consulting & SI,kunal.koh@deloitte.com,Deloitte Technology,Associate Director,US,Print,"Main Entrance, Level 1",Check History,iPad-Registration-01,registration@techforwardsummit.com,,,QR Scan,4.12.3,EntranceD1,Day 1 Registration & Entry,
28-Apr-2026 08:58:53,qlcaudf9m13ot,Timothy,Smith,IT Consulting & SI,timothy.smith@accenture.com,Accenture,Technology Consultant,IE,Check-In,"Main Entrance, Level 1",Check History,iPad-Registration-01,registration@techforwardsummit.com,,,QR Scan,4.12.3,EntranceD1,Day 1 Registration & Entry,
28-Apr-2026 08:58:53,qlcaudf9m13ot,Timothy,Smith,IT Consulting & SI,timothy.smith@accenture.com,Accenture,Technology Consultant,IE,Print,"Main Entrance, Level 1",Check History,iPad-Registration-01,registration@techforwardsummit.com,,,QR Scan,4.12.3,EntranceD1,Day 1 Registration & Entry,
28-Apr-2026 08:59:02,24bozl01q3m73,Peter,Edwards,Dev Tools & Platforms,peter.edwards@gitlab.com,GitLab,Community Manager,US,Check-In,"Main Entrance, Level 1",Check History,iPad-Registration-01,registration@techforwardsummit.com,,,QR Scan,4.12.3,EntranceD1,Day 1 Registration & Entry,
28-Apr-2026 08:59:02,24bozl01q3m73,Peter,Edwards,Dev Tools & Platforms,peter.edwards@gitlab.com,GitLab,Community Manager,US,Print,"Main Entrance, Level 1",Check History,iPad-Registration-01,registration@techforwardsummit.com,,,QR Scan,4.12.3,EntranceD1,Day 1 Registration & Entry,
28-Apr-2026 08:59:08,eoubxxq6mf5qa,Jason,Dey,Cloud & Infrastructure,jason.dey@aws.amazon.com,Amazon Web Services,Developer Advocate,US,Check-In,"Main Entrance, Level 1",Check History,iPad-Registration-01,registration@techforwardsummit.com,,,QR Scan,4.12.3,EntranceD1,Day 1 Registration & Entry,
28-Apr-2026 08:59:08,eoubxxq6mf5qa,Jason,Dey,Cloud & Infrastructure,jason.dey@aws.amazon.com,Amazon Web Services,Developer Advocate,US,Print,"Main Entrance, Level 1",Check History,iPad-Registration-01,registration@techforwardsummit.com,,,QR Scan,4.12.3,EntranceD1,Day 1 Registration & Entry,
28-Apr-2026 08:59:09,fqpii49h5vn28,Peter,Andersen,IT Consulting & SI,peter.andersen@infosys.com,Infosys,Technology Consultant,IN,Check-In,"Main Entrance, Level 1",Check History,iPad-Registration-01,registration@techforwardsummit.com,,,QR Scan,4.12.3,EntranceD1,Day 1 Registration & Entry,
28-Apr-2026 08:59:09,fqpii49h5vn28,Peter,Andersen,IT Consulting & SI,peter.andersen@infosys.com,Infosys,Technology Consultant,IN,Print,"Main Entrance, Level 1",Check History,iPad-Registration-01,registration@techforwardsummit.com,,,QR Scan,4.12.3,EntranceD1,Day 1 Registration & Entry,
28-Apr-2026 08:59:13,c8clrki72oalf,Brigitte,Iyer,IT Consulting & SI,brigitte.iyer@mckinsey.com,McKinsey Digital,Technology Consultant,US,Check-In,"Main Entrance, Level 1",Check History,iPad-Registration-01,registration@techforwardsummit.com,,,QR Scan,4.12.3,EntranceD1,Day 1 Registration & Entry,
28-Apr-2026 08:59:13,c8clrki72oalf,Brigitte,Iyer,IT Consulting & SI,brigitte.iyer@mckinsey.com,McKinsey Digital,Technology Consultant,US,Print,"Main Entrance, Level 1",Check History,iPad-Registration-01,registration@techforwardsummit.com,,,QR Scan,4.12.3,EntranceD1,Day 1 Registration & Entry,
28-Apr-2026 08:59:15,i3l0q4ejhxptu,Steven,Pham,VIP,steven.pham@sap.com,SAP,Chief Executive Officer,DE,Check-In,"Main Entrance, Level 1",Check History,iPad-Registration-01,registration@techforwardsummit.com,,,QR Scan,4.12.3,EntranceD1,Day 1 Registration & Entry,
28-Apr-2026 08:59:15,i3l0q4ejhxptu,Steven,Pham,VIP,steven.pham@sap.com,SAP,Chief Executive Officer,DE,Print,"Main Entrance, Level 1",Check History,iPad-Registration-01,registration@techforwardsummit.com,,,QR Scan,4.12.3,EntranceD1,Day 1 Registration & Entry,
28-Apr-2026 08:59:31,utiymr0az0znz,Ngozi,Zhao,Cybersecurity,ngozi.zhao@qualys.com,Qualys,Security Architect,US,Check-In,"Main Entrance, Level 1",Check History,iPad-Registration-01,registration@techforwardsummit.com,,,QR Scan,4.12.3,EntranceD1,Day 1 Registration & Entry,
28-Apr-2026 08:59:31,utiymr0az0znz,Ngozi,Zhao,Cybersecurity,ngozi.zhao@qualys.com,Qualys,Security Architect,US,Print,"Main Entrance, Level 1",Check History,iPad-Registration-01,registration@techforwardsummit.com,,,QR Scan,4.12.3,EntranceD1,Day 1 Registration & Entry,
28-Apr-2026 08:59:56,bggrmqdzpjl9r,Sipho,Gupta,IT Consulting & SI,sipho.gupta@accenture.com,Accenture,"Partner, Technology Practice",IE,Check-In,"Main Entrance, Level 1",Check History,iPad-Registration-01,registration@techforwardsummit.com,,,QR Scan,4.12.3,EntranceD1,Day 1 Registration & Entry,
28-Apr-2026 08:59:56,bggrmqdzpjl9r,Sipho,Gupta,IT Consulting & SI,sipho.gupta@accenture.com,Accenture,"Partner, Technology Practice",IE,Print,"Main Entrance, Level 1",Check History,iPad-Registration-01,registration@techforwardsummit.com,,,QR Scan,4.12.3,EntranceD1,Day 1 Registration & Entry,
28-Apr-2026 09:00:02,o1i3msdn1mxf1,Tao,Pham,IT Consulting & SI,tao.pham@ltimindtree.com,LTIMindtree,Senior Technology Consultant,IN,Check-In,"Main Entrance, Level 1",Check History,iPad-Registration-01,registration@techforwardsummit.com,,,QR Scan,4.12.3,EntranceD1,Day 1 Registration & Entry,
28-Apr-2026 09:00:02,o1i3msdn1mxf1,Tao,Pham,IT Consulting & SI,tao.pham@ltimindtree.com,LTIMindtree,Senior Technology Consultant,IN,Print,"Main Entrance, Level 1",Check History,iPad-Registration-01,registration@techforwardsummit.com,,,QR Scan,4.12.3,EntranceD1,Day 1 Registration & Entry,
28-Apr-2026 09:00:16,1aatn209qvwas,Seo-Yeon,Lee,Dev Tools & Platforms,seoyeon.lee@konghq.com,Kong,Staff Software Engineer,US,Session scan In,Main Auditorium,Session Scan,iPad-Auditorium-01,auditorium.ops@techforwardsummit.com,,,QR Scan,4.12.3,S01_OpenKeynote,Opening Keynote: The AI-Native Enterprise,
28-Apr-2026 09:00:37,7amkoh109zdo0,Patricia,Hughes,Cloud & Infrastructure,patricia.hughes@mongodb.com,MongoDB,Principal Solutions Architect,US,Session scan In,Main Auditorium,Session Scan,iPad-Auditorium-01,auditorium.ops@techforwardsummit.com,,,QR Scan,4.12.3,S01_OpenKeynote,Opening Keynote: The AI-Native Enterprise,
28-Apr-2026 09:00:38,j3s6ogq4ivn2q,Liang,Campbell,VC & Private Equity,liang.campbell@tigerglobal.com,Tiger Global,General Partner,US,Check-In,"Main Entrance, Level 1",Check History,iPad-Registration-01,registration@techforwardsummit.com,,,QR Scan,4.12.3,EntranceD1,Day 1 Registration & Entry,
28-Apr-2026 09:00:38,j3s6ogq4ivn2q,Liang,Campbell,VC & Private Equity,liang.campbell@tigerglobal.com,Tiger Global,General Partner,US,Print,"Main Entrance, Level 1",Check History,iPad-Registration-01,registration@techforwardsummit.com,,,QR Scan,4.12.3,EntranceD1,Day 1 Registration & Entry,
28-Apr-2026 09:00:45,hvchrm3wp8djk,Sunita,Campbell,IT Consulting & SI,sunita.campbell@wipro.com,Wipro,Managing Consultant,IN,Check-In,"Main Entrance, Level 1",Check History,iPad-Registration-01,registration@techforwardsummit.com,,,QR Scan,4.12.3,EntranceD1,Day 1 Registration & Entry,
28-Apr-2026 09:00:45,hvchrm3wp8djk,Sunita,Campbell,IT Consulting & SI,sunita.campbell@wipro.com,Wipro,Managing Consultant,IN,Print,"Main Entrance, Level 1",Check History,iPad-Registration-01,registration@techforwardsummit.com,,,QR Scan,4.12.3,EntranceD1,Day 1 Registration & Entry,
28-Apr-2026 09:00:48,1s9ryllwb7sjw,Benjamin,Banerjee,Enterprise Software,benjamin.banerjee@salesforce.com,Salesforce,Staff Software Engineer,US,Session scan In,Main Auditorium,Session Scan,iPad-Auditorium-01,auditorium.ops@techforwardsummit.com,,,QR Scan,4.12.3,S01_OpenKeynote,Opening Keynote: The AI-Native Enterprise,
28-Apr-2026 09:00:58,yjnxz6ytipa87,Philip,Nair,Cybersecurity,philip.nair@sentinelone.com,SentinelOne,SOC Analyst,US,Session scan In,Main Auditorium,Session Scan,iPad-Auditorium-01,auditorium.ops@techforwardsummit.com,,,QR Scan,4.12.3,S01_OpenKeynote,Opening Keynote: The AI-Native Enterprise,
28-Apr-2026 09:00:59,qcootnjlcqnt3,Helen,Patel,Enterprise Software,helen.patel@oracle.com,Oracle,Solutions Architect,US,Check-In,"Main Entrance, Level 1",Check History,iPad-Registration-01,registration@techforwardsummit.com,,,QR Scan,4.12.3,EntranceD1,Day 1 Registration & Entry,
28-Apr-2026 09:00:59,qcootnjlcqnt3,Helen,Patel,Enterprise Software,helen.patel@oracle.com,Oracle,Solutions Architect,US,Print,"Main Entrance, Level 1",Check History,iPad-Registration-01,registration@techforwardsummit.com,,,QR Scan,4.12.3,EntranceD1,Day 1 Registration & Entry,
28-Apr-2026 09:01:04,8llrb7dfixlbo,Mei,Wright,IT Consulting & SI,mei.wright@ey.com,EY Technology,Data & AI Practice Lead,GB,Check-In,"Main Entrance, Level 1",Check History,iPad-Registration-01,registration@techforwardsummit.com,,,QR Scan,4.12.3,EntranceD1,Day 1 Registration & Entry,
28-Apr-2026 09:01:04,8llrb7dfixlbo,Mei,Wright,IT Consulting & SI,mei.wright@ey.com,EY Technology,Data & AI Practice Lead,GB,Print,"Main Entrance, Level 1",Check History,iPad-Registration-01,registration@techforwardsummit.com,,,QR Scan,4.12.3,EntranceD1,Day 1 Registration & Entry,
28-Apr-2026 09:01:06,oej81o082sfr2,Abena,Kobayashi,Dev Tools & Platforms,abena.kobayashi@postman.com,Postman,Senior Developer Advocate,US,Check-In,"Main Entrance, Level 1",Check History,iPad-Registration-01,registration@techforwardsummit.com,,,QR Scan,4.12.3,EntranceD1,Day 1 Registration & Entry,
28-Apr-2026 09:01:06,oej81o082sfr2,Abena,Kobayashi,Dev Tools & Platforms,abena.kobayashi@postman.com,Postman,Senior Developer Advocate,US,Print,"Main Entrance, Level 1",Check History,iPad-Registration-01,registration@techforwardsummit.com,,,QR Scan,4.12.3,EntranceD1,Day 1 Registration & Entry,
28-Apr-2026 09:01:11,yapdswzp6swk2,Aoi,Morris,Enterprise Software,aoi.morris@sap.com,SAP,Senior Solutions Engineer,DE,Check-In,"Main Entrance, Level 1",Check History,iPad-Registration-01,registration@techforwardsummit.com,,,QR Scan,4.12.3,EntranceD1,Day 1 Registration & Entry,
28-Apr-2026 09:01:11,yapdswzp6swk2,Aoi,Morris,Enterprise Software,aoi.morris@sap.com,SAP,Senior Solutions Engineer,DE,Print,"Main Entrance, Level 1",Check History,iPad-Registration-01,registration@techforwardsummit.com,,,QR Scan,4.12.3,EntranceD1,Day 1 Registration & Entry,
28-Apr-2026 09:01:20,xzf0dzwdz09wf,Ji-Won,Zhang,Cloud & Infrastructure,jiwon.zhang@confluent.io,Confluent,Cloud Architect,US,Check-In,"Main Entrance, Level 1",Check History,iPad-Registration-01,registration@techforwardsummit.com,,,QR Scan,4.12.3,EntranceD1,Day 1 Registration & Entry,
28-Apr-2026 09:01:20,4vchrhbkgk9jq,Ji-Won,Koh,Media/Press,jiwon.koh@techcrunch.com,TechCrunch,Tech Reporter,US,Check-In,"Main Entrance, Level 1",Check History,iPad-Registration-01,registration@techforwardsummit.com,,,QR Scan,4.12.3,EntranceD1,Day 1 Registration & Entry,
28-Apr-2026 09:01:20,xzf0dzwdz09wf,Ji-Won,Zhang,Cloud & Infrastructure,jiwon.zhang@confluent.io,Confluent,Cloud Architect,US,Print,"Main Entrance, Level 1",Check History,iPad-Registration-01,registration@techforwardsummit.com,,,QR Scan,4.12.3,EntranceD1,Day 1 Registration & Entry,
28-Apr-2026 09:01:20,4vchrhbkgk9jq,Ji-Won,Koh,Media/Press,jiwon.koh@techcrunch.com,TechCrunch,Tech Reporter,US,Print,"Main Entrance, Level 1",Check History,iPad-Registration-01,registration@techforwardsummit.com,,,QR Scan,4.12.3,EntranceD1,Day 1 Registration & Entry,
28-Apr-2026 09:01:24,9r3vp8lim06et,Rachel,Luo,Cloud & Infrastructure,rachel.luo@cloudflare.com,Cloudflare,Staff Infrastructure Engineer,US,Session scan In,Main Auditorium,Session Scan,iPad-Auditorium-01,auditorium.ops@techforwardsummit.com,,,QR Scan,4.12.3,S01_OpenKeynote,Opening Keynote: The AI-Native Enterprise,
28-Apr-2026 09:01:30,opmpnbn7gggjv,Daiki,He,Cybersecurity,daiki.he@tenable.com,Tenable,Security Consultant,US,Check-In,"Main Entrance, Level 1",Check History,iPad-Registration-01,registration@techforwardsummit.com,,,QR Scan,4.12.3,EntranceD1,Day 1 Registration & Entry,
28-Apr-2026 09:01:30,opmpnbn7gggjv,Daiki,He,Cybersecurity,daiki.he@tenable.com,Tenable,Security Consultant,US,Print,"Main Entrance, Level 1",Check History,iPad-Registration-01,registration@techforwardsummit.com,,,QR Scan,4.12.3,EntranceD1,Day 1 Registration & Entry,
28-Apr-2026 09:01:32,dvo342p0kqd8u,Ming,Joshi,Enterprise Software,ming.joshi@zendesk.com,Zendesk,Staff Software Engineer,US,Check-In,"Main Entrance, Level 1",Check History,iPad-Registration-01,registration@techforwardsummit.com,,,QR Scan,4.12.3,EntranceD1,Day 1 Registration & Entry,
28-Apr-2026 09:01:32,dvo342p0kqd8u,Ming,Joshi,Enterprise Software,ming.joshi@zendesk.com,Zendesk,Staff Software Engineer,US,Print,"Main Entrance, Level 1",Check History,iPad-Registration-01,registration@techforwardsummit.com,,,QR Scan,4.12.3,EntranceD1,Day 1 Registration & Entry,
28-Apr-2026 09:01:37,54rjsxfoh9mbu,Juan,He,Enterprise Software,juan.he@atlassian.com,Atlassian,Senior Solutions Engineer,AU,Session scan In,Main Auditorium,Session Scan,iPad-Auditorium-01,auditorium.ops@techforwardsummit.com,,,QR Scan,4.12.3,S01_OpenKeynote,Opening Keynote: The AI-Native Enterprise,
28-Apr-2026 09:01:43,hqzbc5f9e0kll,Rebecca,Petit,VC & Private Equity,rebecca.petit@softbank.com,SoftBank Vision Fund,Venture Associate,JP,Check-In,"Main Entrance, Level 1",Check History,iPad-Registration-01,registration@techforwardsummit.com,,,QR Scan,4.12.3,EntranceD1,Day 1 Registration & Entry,
28-Apr-2026 09:01:43,hqzbc5f9e0kll,Rebecca,Petit,VC & Private Equity,rebecca.petit@softbank.com,SoftBank Vision Fund,Venture Associate,JP,Print,"Main Entrance, Level 1",Check History,iPad-Registration-01,registration@techforwardsummit.com,,,QR Scan,4.12.3,EntranceD1,Day 1 Registration & Entry,
28-Apr-2026 09:01:48,a2g76rwr3s18w,Arthur,Oliveira,Dev Tools & Platforms,arthur.oliveira@sentry.io,Sentry,Platform Product Manager,US,Check-In,"Main Entrance, Level 1",Check History,iPad-Registration-01,registration@techforwardsummit.com,,,QR Scan,4.12.3,EntranceD1,Day 1 Registration & Entry,
28-Apr-2026 09:01:48,a2g76rwr3s18w,Arthur,Oliveira,Dev Tools & Platforms,arthur.oliveira@sentry.io,Sentry,Platform Product Manager,US,Print,"Main Entrance, Level 1",Check History,iPad-Registration-01,registration@techforwardsummit.com,,,QR Scan,4.12.3,EntranceD1,Day 1 Registration & Entry,
28-Apr-2026 09:01:51,ctdsdjt3br4f2,Juan,Sim,Cloud & Infrastructure,juan.sim@cloudflare.com,Cloudflare,Principal Solutions Architect,US,Check-In,"Main Entrance, Level 1",Check History,iPad-Registration-01,registration@techforwardsummit.com,,,QR Scan,4.12.3,EntranceD1,Day 1 Registration & Entry,
28-Apr-2026 09:01:51,ctdsdjt3br4f2,Juan,Sim,Cloud & Infrastructure,juan.sim@cloudflare.com,Cloudflare,Principal Solutions Architect,US,Print,"Main Entrance, Level 1",Check History,iPad-Registration-01,registration@techforwardsummit.com,,,QR Scan,4.12.3,EntranceD1,Day 1 Registration & Entry,
28-Apr-2026 09:01:52,69phwn8ddinz2,Nicholas,Rossi,VC & Private Equity,nicholas.rossi@accel.com,Accel,Partner,US,Session scan In,Main Auditorium,Session Scan,iPad-Auditorium-01,auditorium.ops@techforwardsummit.com,,,QR Scan,4.12.3,S01_OpenKeynote,Opening Keynote: The AI-Native Enterprise,
28-Apr-2026 09:02:08,8tre9qdi3g13i,Ingrid,Malhotra,Staff,ingrid.malhotra@techforwardsummit.com,TechForward Organising Committee,Event Operations Manager,SG,Check-In,"Main Entrance, Level 1",Check History,iPad-Registration-01,registration@techforwardsummit.com,,,QR Scan,4.12.3,EntranceD1,Day 1 Registration & Entry,
28-Apr-2026 09:02:08,8tre9qdi3g13i,Ingrid,Malhotra,Staff,ingrid.malhotra@techforwardsummit.com,TechForward Organising Committee,Event Operations Manager,SG,Print,"Main Entrance, Level 1",Check History,iPad-Registration-01,registration@techforwardsummit.com,,,QR Scan,4.12.3,EntranceD1,Day 1 Registration & Entry,
28-Apr-2026 09:02:08,4k9i14yn6zjuy,Abena,Song,Dev Tools & Platforms,abena.song@twilio.com,Twilio,Senior Developer Advocate,US,Session scan In,Main Auditorium,Session Scan,iPad-Auditorium-01,auditorium.ops@techforwardsummit.com,,,QR Scan,4.12.3,S01_OpenKeynote,Opening Keynote: The AI-Native Enterprise,
28-Apr-2026 09:02:10,e5u9in7ofhepn,Kwame,Han,Enterprise Software,kwame.han@sprinklr.com,Sprinklr,Principal Product Manager,US,Session scan In,Main Auditorium,Session Scan,iPad-Auditorium-01,auditorium.ops@techforwardsummit.com,,,QR Scan,4.12.3,S01_OpenKeynote,Opening Keynote: The AI-Native Enterprise,
28-Apr-2026 09:02:15,b68rervt997e4,Seo-Yeon,Zhu,Staff,seoyeon.zhu@fielddrive.com,FieldDrive Events,Conference Coordinator,BE,Session scan In,Main Auditorium,Session Scan,iPad-Auditorium-01,auditorium.ops@techforwardsummit.com,,,QR Scan,4.12.3,S01_OpenKeynote,Opening Keynote: The AI-Native Enterprise,
28-Apr-2026 09:02:16,yv3lxchfu131x,Shan,Nakamura,IT Consulting & SI,shan.nakamura@wipro.com,Wipro,VP of Digital Transformation,IN,Session scan In,Main Auditorium,Session Scan,iPad-Auditorium-01,auditorium.ops@techforwardsummit.com,,,QR Scan,4.12.3,S01_OpenKeynote,Opening Keynote: The AI-Native Enterprise,
28-Apr-2026 09:02:20,1e32witpbd7x9,Juan,Gray,Speaker,juan.gray@nus.edu.sg,NUS School of Computing,Chief Technology Officer,SG,Check-In,"Main Entrance, Level 1",Check History,iPad-Registration-01,registration@techforwardsummit.com,,,QR Scan,4.12.3,EntranceD1,Day 1 Registration & Entry,
28-Apr-2026 09:02:20,1e32witpbd7x9,Juan,Gray,Speaker,juan.gray@nus.edu.sg,NUS School of Computing,Chief Technology Officer,SG,Print,"Main Entrance, Level 1",Check History,iPad-Registration-01,registration@techforwardsummit.com,,,QR Scan,4.12.3,EntranceD1,Day 1 Registration & Entry,
28-Apr-2026 09:02:23,lmwa6tj3kps04,Scott,Wee,Cybersecurity,scott.wee@cyberark.com,CyberArk,Head of Information Security,IL,Check-In,"Main Entrance, Level 1",Check History,iPad-Registration-01,registration@techforwardsummit.com,,,QR Scan,4.12.3,EntranceD1,Day 1 Registration & Entry,
28-Apr-2026 09:02:23,lmwa6tj3kps04,Scott,Wee,Cybersecurity,scott.wee@cyberark.com,CyberArk,Head of Information Security,IL,Print,"Main Entrance, Level 1",Check History,iPad-Registration-01,registration@techforwardsummit.com,,,QR Scan,4.12.3,EntranceD1,Day 1 Registration & Entry,
28-Apr-2026 09:02:24,8lxsol15m9gqj,Sarah,White,Dev Tools & Platforms,sarah.white@pagerduty.com,PagerDuty,Head of Developer Relations,US,Session scan In,Main Auditorium,Session Scan,iPad-Auditorium-01,auditorium.ops@techforwardsummit.com,,,QR Scan,4.12.3,S01_OpenKeynote,Opening Keynote: The AI-Native Enterprise,
28-Apr-2026 09:02:25,62vl1tku04vpw,Pablo,Mishra,Dev Tools & Platforms,pablo.mishra@mulesoft.com,MuleSoft,Solutions Engineer,US,Check-In,"Main Entrance, Level 1",Check History,iPad-Registration-01,registration@techforwardsummit.com,,,QR Scan,4.12.3,EntranceD1,Day 1 Registration & Entry,
28-Apr-2026 09:02:25,62vl1tku04vpw,Pablo,Mishra,Dev Tools & Platforms,pablo.mishra@mulesoft.com,MuleSoft,Solutions Engineer,US,Print,"Main Entrance, Level 1",Check History,iPad-Registration-01,registration@techforwardsummit.com,,,QR Scan,4.12.3,EntranceD1,Day 1 Registration & Entry,
28-Apr-2026 09:02:27,6dut076g5g79o,Ren,Edwards,Cloud & Infrastructure,ren.edwards@snowflake.com,Snowflake,Developer Advocate,US,Session scan In,Main Auditorium,Session Scan,iPad-Auditorium-01,auditorium.ops@techforwardsummit.com,,,QR Scan,4.12.3,S01_OpenKeynote,Opening Keynote: The AI-Native Enterprise,
28-Apr-2026 09:02:34,cnkfhb7v80lkx,Sara,Anderson,AI & Data,sara.anderson@pinecone.io,Pinecone,Data Engineer,US,Check-In,"Main Entrance, Level 1",Check History,iPad-Registration-01,registration@techforwardsummit.com,,,QR Scan,4.12.3,EntranceD1,Day 1 Registration & Entry,
28-Apr-2026 09:02:34,cnkfhb7v80lkx,Sara,Anderson,AI & Data,sara.anderson@pinecone.io,Pinecone,Data Engineer,US,Print,"Main Entrance, Level 1",Check History,iPad-Registration-01,registration@techforwardsummit.com,,,QR Scan,4.12.3,EntranceD1,Day 1 Registration & Entry,
28-Apr-2026 09:02:35,rzpx9v1uitdj4,Henrik,Okonkwo,AI & Data,henrik.okonkwo@palantir.com,Palantir Technologies,Chief AI Officer,US,Check-In,"Main Entrance, Level 1",Check History,iPad-Registration-01,registration@techforwardsummit.com,,,QR Scan,4.12.3,EntranceD1,Day 1 Registration & Entry,
28-Apr-2026 09:02:35,rzpx9v1uitdj4,Henrik,Okonkwo,AI & Data,henrik.okonkwo@palantir.com,Palantir Technologies,Chief AI Officer,US,Print,"Main Entrance, Level 1",Check History,iPad-Registration-01,registration@techforwardsummit.com,,,QR Scan,4.12.3,EntranceD1,Day 1 Registration & Entry,
28-Apr-2026 09:02:35,7p0rnpm6jqfww,Greta,Verma,IT Consulting & SI,greta.verma@tcs.com,TCS,Technology Consultant,IN,Session scan In,Main Auditorium,Session Scan,iPad-Auditorium-01,auditorium.ops@techforwardsummit.com,,,QR Scan,4.12.3,S01_OpenKeynote,Opening Keynote: The AI-Native Enterprise,
28-Apr-2026 09:02:38,utiymr0az0znz,Ngozi,Zhao,Cybersecurity,ngozi.zhao@qualys.com,Qualys,Security Architect,US,Session scan In,Main Auditorium,Session Scan,iPad-Auditorium-01,auditorium.ops@techforwardsummit.com,,,QR Scan,4.12.3,S01_OpenKeynote,Opening Keynote: The AI-Native Enterprise,
28-Apr-2026 09:02:43,25q30zx815g5f,Adam,Ma,Hardware & Semiconductors,adam.ma@intel.com,Intel,AI Hardware Architect,US,Session scan In,Main Auditorium,Session Scan,iPad-Auditorium-01,auditorium.ops@techforwardsummit.com,,,QR Scan,4.12.3,S01_OpenKeynote,Opening Keynote: The AI-Native Enterprise,
28-Apr-2026 09:02:44,0wtgxy7in1r6x,Robert,Mueller,Hardware & Semiconductors,robert.mueller@mediatek.com,MediaTek,AI Hardware Architect,TW,Session scan In,Main Auditorium,Session Scan,iPad-Auditorium-01,auditorium.ops@techforwardsummit.com,,,QR Scan,4.12.3,S01_OpenKeynote,Opening Keynote: The AI-Native Enterprise,
28-Apr-2026 09:02:49,h2odpvjtuw9oh,Sung,Tran,IT Consulting & SI,sung.tran@bcg.com,BCG X,Data & AI Practice Lead,US,Check-In,"Main Entrance, Level 1",Check History,iPad-Registration-01,registration@techforwardsummit.com,,,QR Scan,4.12.3,EntranceD1,Day 1 Registration & Entry,
28-Apr-2026 09:02:49,h2odpvjtuw9oh,Sung,Tran,IT Consulting & SI,sung.tran@bcg.com,BCG X,Data & AI Practice Lead,US,Print,"Main Entrance, Level 1",Check History,iPad-Registration-01,registration@techforwardsummit.com,,,QR Scan,4.12.3,EntranceD1,Day 1 Registration & Entry,
28-Apr-2026 09:02:56,9io3m25a5pisk,Kevin,Edwards,Cybersecurity,kevin.edwards@qualys.com,Qualys,CISO,US,Check-In,"Main Entrance, Level 1",Check History,iPad-Registration-01,registration@techforwardsummit.com,,,QR Scan,4.12.3,EntranceD1,Day 1 Registration & Entry,
28-Apr-2026 09:02:56,9io3m25a5pisk,Kevin,Edwards,Cybersecurity,kevin.edwards@qualys.com,Qualys,CISO,US,Print,"Main Entrance, Level 1",Check History,iPad-Registration-01,registration@techforwardsummit.com,,,QR Scan,4.12.3,EntranceD1,Day 1 Registration & Entry,
28-Apr-2026 09:02:59,y7uiko4busu9f,Ibrahim,Luo,Enterprise Software,ibrahim.luo@sap.com,SAP,Chief Product Officer,DE,Session scan In,Main Auditorium,Session Scan,iPad-Auditorium-01,auditorium.ops@techforwardsummit.com,,,QR Scan,4.12.3,S01_OpenKeynote,Opening Keynote: The AI-Native Enterprise,
28-Apr-2026 09:03:24,nwg3zrzq0v4ps,Daniel,Parker,IT Consulting & SI,daniel.parker@mckinsey.com,McKinsey Digital,Managing Consultant,US,Session scan In,Main Auditorium,Session Scan,iPad-Auditorium-01,auditorium.ops@techforwardsummit.com,,,QR Scan,4.12.3,S01_OpenKeynote,Opening Keynote: The AI-Native Enterprise,
28-Apr-2026 09:03:31,54rjsxfoh9mbu,Juan,He,Enterprise Software,juan.he@atlassian.com,Atlassian,Senior Solutions Engineer,AU,Check-In,"Main Entrance, Level 1",Check History,iPad-Registration-01,registration@techforwardsummit.com,,,QR Scan,4.12.3,EntranceD1,Day 1 Registration & Entry,
28-Apr-2026 09:03:31,54rjsxfoh9mbu,Juan,He,Enterprise Software,juan.he@atlassian.com,Atlassian,Senior Solutions Engineer,AU,Print,"Main Entrance, Level 1",Check History,iPad-Registration-01,registration@techforwardsummit.com,,,QR Scan,4.12.3,EntranceD1,Day 1 Registration & Entry,
28-Apr-2026 09:03:41,kn9ntwjipo86k,Charlotte,Liu,AI & Data,charlotte.liu@databricks.com,Databricks,Head of Data Science,US,Check-In,"Main Entrance, Level 1",Check History,iPad-Registration-01,registration@techforwardsummit.com,,,QR Scan,4.12.3,EntranceD1,Day 1 Registration & Entry,
28-Apr-2026 09:03:41,kn9ntwjipo86k,Charlotte,Liu,AI & Data,charlotte.liu@databricks.com,Databricks,Head of Data Science,US,Print,"Main Entrance, Level 1",Check History,iPad-Registration-01,registration@techforwardsummit.com,,,QR Scan,4.12.3,EntranceD1,Day 1 Registration & Entry,
28-Apr-2026 09:03:45,wqheyto5f9m96,Hong,Gonzalez,Dev Tools & Platforms,hong.gonzalez@stripe.com,Stripe,Senior Developer Advocate,US,Check-In,"Main Entrance, Level 1",Check History,iPad-Registration-01,registration@techforwardsummit.com,,,QR Scan,4.12.3,EntranceD1,Day 1 Registration & Entry,
28-Apr-2026 09:03:45,wqheyto5f9m96,Hong,Gonzalez,Dev Tools & Platforms,hong.gonzalez@stripe.com,Stripe,Senior Developer Advocate,US,Print,"Main Entrance, Level 1",Check History,iPad-Registration-01,registration@techforwardsummit.com,,,QR Scan,4.12.3,EntranceD1,Day 1 Registration & Entry,
28-Apr-2026 09:03:52,4vchrhbkgk9jq,Ji-Won,Koh,Media/Press,jiwon.koh@techcrunch.com,TechCrunch,Tech Reporter,US,Session scan In,Main Auditorium,Session Scan,iPad-Auditorium-01,auditorium.ops@techforwardsummit.com,,,QR Scan,4.12.3,S01_OpenKeynote,Opening Keynote: The AI-Native Enterprise,
28-Apr-2026 09:04:00,gnqgmjmbukdqp,Sara,Khanna,IT Consulting & SI,sara.khanna@ltimindtree.com,LTIMindtree,Managing Consultant,IN,Session scan In,Main Auditorium,Session Scan,iPad-Auditorium-01,auditorium.ops@techforwardsummit.com,,,QR Scan,4.12.3,S01_OpenKeynote,Opening Keynote: The AI-Native Enterprise,
28-Apr-2026 09:04:07,spaqaluldryhr,Abena,Sanchez,Speaker,abena.sanchez@ethz.ch,ETH Zurich,Professor of Computer Science,CH,Session scan In,Main Auditorium,Session Scan,iPad-Auditorium-01,auditorium.ops@techforwardsummit.com,,,QR Scan,4.12.3,S01_OpenKeynote,Opening Keynote: The AI-Native Enterprise,
28-Apr-2026 09:04:08,0o158j8h19yx6,Sofia,Simon,Enterprise Software,sofia.simon@adobe.com,Adobe,Engineering Manager,US,Check-In,"Main Entrance, Level 1",Check History,iPad-Registration-01,registration@techforwardsummit.com,,,QR Scan,4.12.3,EntranceD1,Day 1 Registration & Entry,
28-Apr-2026 09:04:08,0o158j8h19yx6,Sofia,Simon,Enterprise Software,sofia.simon@adobe.com,Adobe,Engineering Manager,US,Print,"Main Entrance, Level 1",Check History,iPad-Registration-01,registration@techforwardsummit.com,,,QR Scan,4.12.3,EntranceD1,Day 1 Registration & Entry,
28-Apr-2026 09:04:16,pg739zobzoujj,Babatunde,Cook,IT Consulting & SI,babatunde.cook@ey.com,EY Technology,Associate Director,GB,Check-In,"Main Entrance, Level 1",Check History,iPad-Registration-01,registration@techforwardsummit.com,,,QR Scan,4.12.3,EntranceD1,Day 1 Registration & Entry,
28-Apr-2026 09:04:16,pg739zobzoujj,Babatunde,Cook,IT Consulting & SI,babatunde.cook@ey.com,EY Technology,Associate Director,GB,Print,"Main Entrance, Level 1",Check History,iPad-Registration-01,registration@techforwardsummit.com,,,QR Scan,4.12.3,EntranceD1,Day 1 Registration & Entry,
28-Apr-2026 09:04:22,orac8cynl63ga,Melissa,Hidayat,IT Consulting & SI,melissa.hidayat@cognizant.com,Cognizant,Cloud Migration Specialist,US,Session scan In,Main Auditorium,Session Scan,iPad-Auditorium-01,auditorium.ops@techforwardsummit.com,,,QR Scan,4.12.3,S01_OpenKeynote,Opening Keynote: The AI-Native Enterprise,
28-Apr-2026 09:04:27,049enulqjidkn,Ingrid,Zhu,Cloud & Infrastructure,ingrid.zhu@akamai.com,Akamai Technologies,Developer Advocate,US,Session scan In,Main Auditorium,Session Scan,iPad-Auditorium-01,auditorium.ops@techforwardsummit.com,,,QR Scan,4.12.3,S01_OpenKeynote,Opening Keynote: The AI-Native Enterprise,
28-Apr-2026 09:04:42,56j0je3mkr4l2,Valentina,Lim,Cybersecurity,valentina.lim@cyberark.com,CyberArk,Security Sales Engineer,IL,Session scan In,Main Auditorium,Session Scan,iPad-Auditorium-01,auditorium.ops@techforwardsummit.com,,,QR Scan,4.12.3,S01_OpenKeynote,Opening Keynote: The AI-Native Enterprise,
28-Apr-2026 09:04:49,dg680iuga4feg,Marco,Chaudhary,IT Consulting & SI,marco.chaudhary@cognizant.com,Cognizant,Cloud Migration Specialist,US,Session scan In,Main Auditorium,Session Scan,iPad-Auditorium-01,auditorium.ops@techforwardsummit.com,,,QR Scan,4.12.3,S01_OpenKeynote,Opening Keynote: The AI-Native Enterprise,
28-Apr-2026 09:04:59,ak32oouxqs1fo,George,Laurent,Board Member,george.laurent@nvidia.com,NVIDIA,Independent Director,US,Check-In,"Main Entrance, Level 1",Check History,iPad-Registration-01,registration@techforwardsummit.com,,,QR Scan,4.12.3,EntranceD1,Day 1 Registration & Entry,
28-Apr-2026 09:04:59,ak32oouxqs1fo,George,Laurent,Board Member,george.laurent@nvidia.com,NVIDIA,Independent Director,US,Print,"Main Entrance, Level 1",Check History,iPad-Registration-01,registration@techforwardsummit.com,,,QR Scan,4.12.3,EntranceD1,Day 1 Registration & Entry,
28-Apr-2026 09:05:05,qw5dsk7n8la10,Ali,Tang,Dev Tools & Platforms,ali.tang@temporal.io,Temporal,Senior Developer Advocate,US,Check-In,"Main Entrance, Level 1",Check History,iPad-Registration-01,registration@techforwardsummit.com,,,QR Scan,4.12.3,EntranceD1,Day 1 Registration & Entry,
28-Apr-2026 09:05:05,qw5dsk7n8la10,Ali,Tang,Dev Tools & Platforms,ali.tang@temporal.io,Temporal,Senior Developer Advocate,US,Print,"Main Entrance, Level 1",Check History,iPad-Registration-01,registration@techforwardsummit.com,,,QR Scan,4.12.3,EntranceD1,Day 1 Registration & Entry,
28-Apr-2026 09:05:12,40oeytl8hbgcj,Ibrahim,Ma,Media/Press,ibrahim.ma@venturebeat.com,VentureBeat,Contributing Writer,US,Session scan In,Main Auditorium,Session Scan,iPad-Auditorium-01,auditorium.ops@techforwardsummit.com,,,QR Scan,4.12.3,S01_OpenKeynote,Opening Keynote: The AI-Native Enterprise,
28-Apr-2026 09:05:17,1aatn209qvwas,Seo-Yeon,Lee,Dev Tools & Platforms,seoyeon.lee@konghq.com,Kong,Staff Software Engineer,US,Check-In,"Main Entrance, Level 1",Check History,iPad-Registration-01,registration@techforwardsummit.com,,,QR Scan,4.12.3,EntranceD1,Day 1 Registration & Entry,
28-Apr-2026 09:05:17,1aatn209qvwas,Seo-Yeon,Lee,Dev Tools & Platforms,seoyeon.lee@konghq.com,Kong,Staff Software Engineer,US,Print,"Main Entrance, Level 1",Check History,iPad-Registration-01,registration@techforwardsummit.com,,,QR Scan,4.12.3,EntranceD1,Day 1 Registration & Entry,
28-Apr-2026 09:05:19,qtylu58ftylav,Mohammed,Ricci,VC & Private Equity,mohammed.ricci@accel.com,Accel,Principal,US,Session scan In,Main Auditorium,Session Scan,iPad-Auditorium-01,auditorium.ops@techforwardsummit.com,,,QR Scan,4.12.3,S01_OpenKeynote,Opening Keynote: The AI-Native Enterprise,
28-Apr-2026 09:05:39,tp8ak8s2xquzs,Kunal,Koh,IT Consulting & SI,kunal.koh@deloitte.com,Deloitte Technology,Associate Director,US,Session scan In,Main Auditorium,Session Scan,iPad-Auditorium-01,auditorium.ops@techforwardsummit.com,,,QR Scan,4.12.3,S01_OpenKeynote,Opening Keynote: The AI-Native Enterprise,
28-Apr-2026 09:06:01,n18bypknxmfh5,Charles,Baker,VC & Private Equity,charles.baker@a16z.com,Andreessen Horowitz,Partner,US,Check-In,"Main Entrance, Level 1",Check History,iPad-Registration-01,registration@techforwardsummit.com,,,QR Scan,4.12.3,EntranceD1,Day 1 Registration & Entry,
28-Apr-2026 09:06:01,n18bypknxmfh5,Charles,Baker,VC & Private Equity,charles.baker@a16z.com,Andreessen Horowitz,Partner,US,Print,"Main Entrance, Level 1",Check History,iPad-Registration-01,registration@techforwardsummit.com,,,QR Scan,4.12.3,EntranceD1,Day 1 Registration & Entry,
28-Apr-2026 09:06:08,6qgbfv9xomigc,Kwame,Peterson,Cybersecurity,kwame.peterson@sentinelone.com,SentinelOne,Senior Security Engineer,US,Session scan In,Main Auditorium,Session Scan,iPad-Auditorium-01,auditorium.ops@techforwardsummit.com,,,QR Scan,4.12.3,S01_OpenKeynote,Opening Keynote: The AI-Native Enterprise,
28-Apr-2026 09:06:12,nk1qbcdqcsenj,Pierre,Zeng,AI & Data,pierre.zeng@datarobot.com,DataRobot,Research Scientist,US,Check-In,"Main Entrance, Level 1",Check History,iPad-Registration-01,registration@techforwardsummit.com,,,QR Scan,4.12.3,EntranceD1,Day 1 Registration & Entry,
28-Apr-2026 09:06:12,nk1qbcdqcsenj,Pierre,Zeng,AI & Data,pierre.zeng@datarobot.com,DataRobot,Research Scientist,US,Print,"Main Entrance, Level 1",Check History,iPad-Registration-01,registration@techforwardsummit.com,,,QR Scan,4.12.3,EntranceD1,Day 1 Registration & Entry,
28-Apr-2026 09:06:16,gnqgmjmbukdqp,Sara,Khanna,IT Consulting & SI,sara.khanna@ltimindtree.com,LTIMindtree,Managing Consultant,IN,Check-In,"Main Entrance, Level 1",Check History,iPad-Registration-01,registration@techforwardsummit.com,,,QR Scan,4.12.3,EntranceD1,Day 1 Registration & Entry,
28-Apr-2026 09:06:16,gnqgmjmbukdqp,Sara,Khanna,IT Consulting & SI,sara.khanna@ltimindtree.com,LTIMindtree,Managing Consultant,IN,Print,"Main Entrance, Level 1",Check History,iPad-Registration-01,registration@techforwardsummit.com,,,QR Scan,4.12.3,EntranceD1,Day 1 Registration & Entry,
28-Apr-2026 09:06:24,c62g3aut3rsvz,Ethan,Santoso,Cloud & Infrastructure,ethan.santoso@akamai.com,Akamai Technologies,Platform Engineer,US,Session scan In,Main Auditorium,Session Scan,iPad-Auditorium-01,auditorium.ops@techforwardsummit.com,,,QR Scan,4.12.3,S01_OpenKeynote,Opening Keynote: The AI-Native Enterprise,
28-Apr-2026 09:06:27,q7w7jp61lfc1n,Pooja,Martin,Enterprise Software,pooja.martin@salesforce.com,Salesforce,Senior Product Manager,US,Check-In,"Main Entrance, Level 1",Check History,iPad-Registration-01,registration@techforwardsummit.com,,,QR Scan,4.12.3,EntranceD1,Day 1 Registration & Entry,
28-Apr-2026 09:06:27,q7w7jp61lfc1n,Pooja,Martin,Enterprise Software,pooja.martin@salesforce.com,Salesforce,Senior Product Manager,US,Print,"Main Entrance, Level 1",Check History,iPad-Registration-01,registration@techforwardsummit.com,,,QR Scan,4.12.3,EntranceD1,Day 1 Registration & Entry,
28-Apr-2026 09:06:34,8tre9qdi3g13i,Ingrid,Malhotra,Staff,ingrid.malhotra@techforwardsummit.com,TechForward Organising Committee,Event Operations Manager,SG,Session scan In,Main Auditorium,Session Scan,iPad-Auditorium-01,auditorium.ops@techforwardsummit.com,,,QR Scan,4.12.3,S01_OpenKeynote,Opening Keynote: The AI-Native Enterprise,
28-Apr-2026 09:06:35,k7yyz6r9i8kcm,Swati,Rodriguez,VC & Private Equity,swati.rodriguez@ggvc.com,GGV Capital,General Partner,US,Check-In,"Main Entrance, Level 1",Check History,iPad-Registration-01,registration@techforwardsummit.com,,,QR Scan,4.12.3,EntranceD1,Day 1 Registration & Entry,
28-Apr-2026 09:06:35,k7yyz6r9i8kcm,Swati,Rodriguez,VC & Private Equity,swati.rodriguez@ggvc.com,GGV Capital,General Partner,US,Print,"Main Entrance, Level 1",Check History,iPad-Registration-01,registration@techforwardsummit.com,,,QR Scan,4.12.3,EntranceD1,Day 1 Registration & Entry,
28-Apr-2026 09:06:37,10m1v395zdhz6,Divya,Edwards,Dev Tools & Platforms,divya.edwards@postman.com,Postman,Staff Software Engineer,US,Session scan In,Main Auditorium,Session Scan,iPad-Auditorium-01,auditorium.ops@techforwardsummit.com,,,QR Scan,4.12.3,S01_OpenKeynote,Opening Keynote: The AI-Native Enterprise,
28-Apr-2026 09:06:42,xslhu6l29il9y,Mei,Rossi,Cybersecurity,mei.rossi@orca.security,Orca Security,Security Architect,US,Check-In,"Main Entrance, Level 1",Check History,iPad-Registration-01,registration@techforwardsummit.com,,,QR Scan,4.12.3,EntranceD1,Day 1 Registration & Entry,
28-Apr-2026 09:06:42,xslhu6l29il9y,Mei,Rossi,Cybersecurity,mei.rossi@orca.security,Orca Security,Security Architect,US,Print,"Main Entrance, Level 1",Check History,iPad-Registration-01,registration@techforwardsummit.com,,,QR Scan,4.12.3,EntranceD1,Day 1 Registration & Entry,
28-Apr-2026 09:06:45,7s7o4yc3s0dpj,Benjamin,Wagner,Board Member,benjamin.wagner@microsoft.com,Microsoft,Board Director,US,Session scan In,Main Auditorium,Session Scan,iPad-Auditorium-01,auditorium.ops@techforwardsummit.com,,,QR Scan,4.12.3,S01_OpenKeynote,Opening Keynote: The AI-Native Enterprise,
28-Apr-2026 09:06:58,imt8545yrwvtk,Patrick,King,IT Consulting & SI,patrick.king@deloitte.com,Deloitte Technology,"Solution Architect, Digital",US,Session scan In,Main Auditorium,Session Scan,iPad-Auditorium-01,auditorium.ops@techforwardsummit.com,,,QR Scan,4.12.3,S01_OpenKeynote,Opening Keynote: The AI-Native Enterprise,
28-Apr-2026 09:07:01,svbcq7g4asmzx,Nomsa,Jeong,Media/Press,nomsa.jeong@technologyreview.com,MIT Technology Review,Tech Reporter,US,Session scan In,Main Auditorium,Session Scan,iPad-Auditorium-01,auditorium.ops@techforwardsummit.com,,,QR Scan,4.12.3,S01_OpenKeynote,Opening Keynote: The AI-Native Enterprise,
28-Apr-2026 09:07:02,0anik5j42oi6o,Emma,Miller,AI & Data,emma.miller@databricks.com,Databricks,Senior Data Scientist,US,Check-In,"Main Entrance, Level 1",Check History,iPad-Registration-01,registration@techforwardsummit.com,,,QR Scan,4.12.3,EntranceD1,Day 1 Registration & Entry,
28-Apr-2026 09:07:02,0anik5j42oi6o,Emma,Miller,AI & Data,emma.miller@databricks.com,Databricks,Senior Data Scientist,US,Print,"Main Entrance, Level 1",Check History,iPad-Registration-01,registration@techforwardsummit.com,,,QR Scan,4.12.3,EntranceD1,Day 1 Registration & Entry,
28-Apr-2026 09:07:04,twd1xmxb9yo18,Feng,Young,Enterprise Software,feng.young@sprinklr.com,Sprinklr,Principal Product Manager,US,Session scan In,Main Auditorium,Session Scan,iPad-Auditorium-01,auditorium.ops@techforwardsummit.com,,,QR Scan,4.12.3,S01_OpenKeynote,Opening Keynote: The AI-Native Enterprise,
28-Apr-2026 09:07:12,r0i2fkxwexkg6,Greta,Howard,Cybersecurity,greta.howard@crowdstrike.com,CrowdStrike,Director of Cybersecurity,US,Check-In,"Main Entrance, Level 1",Check History,iPad-Registration-01,registration@techforwardsummit.com,,,QR Scan,4.12.3,EntranceD1,Day 1 Registration & Entry,
28-Apr-2026 09:07:12,r0i2fkxwexkg6,Greta,Howard,Cybersecurity,greta.howard@crowdstrike.com,CrowdStrike,Director of Cybersecurity,US,Print,"Main Entrance, Level 1",Check History,iPad-Registration-01,registration@techforwardsummit.com,,,QR Scan,4.12.3,EntranceD1,Day 1 Registration & Entry,
28-Apr-2026 09:07:15,zx70ib3wyzxjq,Elena,Nelson,Dev Tools & Platforms,elena.nelson@mulesoft.com,MuleSoft,Staff Software Engineer,US,Check-In,"Main Entrance, Level 1",Check History,iPad-Registration-01,registration@techforwardsummit.com,,,QR Scan,4.12.3,EntranceD1,Day 1 Registration & Entry,
28-Apr-2026 09:07:15,zx70ib3wyzxjq,Elena,Nelson,Dev Tools & Platforms,elena.nelson@mulesoft.com,MuleSoft,Staff Software Engineer,US,Print,"Main Entrance, Level 1",Check History,iPad-Registration-01,registration@techforwardsummit.com,,,QR Scan,4.12.3,EntranceD1,Day 1 Registration & Entry,
28-Apr-2026 09:07:15,hnnk8fwrpk0zf,Priya,Santos,IT Consulting & SI,priya.santos@nttdata.com,NTT Data,Director of Technology,JP,Session scan In,Main Auditorium,Session Scan,iPad-Auditorium-01,auditorium.ops@techforwardsummit.com,,,QR Scan,4.12.3,S01_OpenKeynote,Opening Keynote: The AI-Native Enterprise,
28-Apr-2026 09:07:24,31nyc7h81jmbp,Ji-Won,Evans,AI & Data,jiwon.evans@datarobot.com,DataRobot,Senior Data Scientist,US,Session scan In,Main Auditorium,Session Scan,iPad-Auditorium-01,auditorium.ops@techforwardsummit.com,,,QR Scan,4.12.3,S01_OpenKeynote,Opening Keynote: The AI-Native Enterprise,
28-Apr-2026 09:07:32,1a6xvaj2k8xpn,Neha,Tang,Cloud & Infrastructure,neha.tang@cloudflare.com,Cloudflare,Staff Infrastructure Engineer,US,Session scan In,Main Auditorium,Session Scan,iPad-Auditorium-01,auditorium.ops@techforwardsummit.com,,,QR Scan,4.12.3,S01_OpenKeynote,Opening Keynote: The AI-Native Enterprise,
28-Apr-2026 09:07:33,d7rina0vlrrba,Sandra,Clark,Enterprise Software,sandra.clark@box.com,Box,Solutions Architect,US,Check-In,"Main Entrance, Level 1",Check History,iPad-Registration-01,registration@techforwardsummit.com,,,QR Scan,4.12.3,EntranceD1,Day 1 Registration & Entry,
28-Apr-2026 09:07:33,d7rina0vlrrba,Sandra,Clark,Enterprise Software,sandra.clark@box.com,Box,Solutions Architect,US,Print,"Main Entrance, Level 1",Check History,iPad-Registration-01,registration@techforwardsummit.com,,,QR Scan,4.12.3,EntranceD1,Day 1 Registration & Entry,
28-Apr-2026 09:07:42,fwp9k1uoaa2qy,Aoi,Peterson,Staff,aoi.peterson@techforwardsummit.com,TechForward Organising Committee,Venue Operations Staff,SG,Session scan In,Main Auditorium,Session Scan,iPad-Auditorium-01,auditorium.ops@techforwardsummit.com,,,QR Scan,4.12.3,S01_OpenKeynote,Opening Keynote: The AI-Native Enterprise,
28-Apr-2026 09:07:46,v1j308ipuv58o,Cynthia,Ho,Hardware & Semiconductors,cynthia.ho@intel.com,Intel,"Research Scientist, Silicon",US,Session scan In,Main Auditorium,Session Scan,iPad-Auditorium-01,auditorium.ops@techforwardsummit.com,,,QR Scan,4.12.3,S01_OpenKeynote,Opening Keynote: The AI-Native Enterprise,
28-Apr-2026 09:08:03,lbnqandtqypic,Arjun,Yap,Dev Tools & Platforms,arjun.yap@twilio.com,Twilio,Head of Developer Relations,US,Session scan In,Main Auditorium,Session Scan,iPad-Auditorium-01,auditorium.ops@techforwardsummit.com,,,QR Scan,4.12.3,S01_OpenKeynote,Opening Keynote: The AI-Native Enterprise,
28-Apr-2026 09:08:10,xp323c9nu985l,Soo-Jin,Clarke,Dev Tools & Platforms,soojin.clarke@github.com,GitHub,Platform Product Manager,US,Check-In,"Main Entrance, Level 1",Check History,iPad-Registration-01,registration@techforwardsummit.com,,,QR Scan,4.12.3,EntranceD1,Day 1 Registration & Entry,
28-Apr-2026 09:08:10,xp323c9nu985l,Soo-Jin,Clarke,Dev Tools & Platforms,soojin.clarke@github.com,GitHub,Platform Product Manager,US,Print,"Main Entrance, Level 1",Check History,iPad-Registration-01,registration@techforwardsummit.com,,,QR Scan,4.12.3,EntranceD1,Day 1 Registration & Entry,
28-Apr-2026 09:08:11,x6ta7ypp5zp7r,Dylan,Zhang,IT Consulting & SI,dylan.zhang@wipro.com,Wipro,Technology Consultant,IN,Check-In,"Main Entrance, Level 1",Check History,iPad-Registration-01,registration@techforwardsummit.com,,,QR Scan,4.12.3,EntranceD1,Day 1 Registration & Entry,
28-Apr-2026 09:08:11,x6ta7ypp5zp7r,Dylan,Zhang,IT Consulting & SI,dylan.zhang@wipro.com,Wipro,Technology Consultant,IN,Print,"Main Entrance, Level 1",Check History,iPad-Registration-01,registration@techforwardsummit.com,,,QR Scan,4.12.3,EntranceD1,Day 1 Registration & Entry,
28-Apr-2026 09:08:30,a9czv7pqovvi1,Andrea,Davis,Cybersecurity,andrea.davis@wiz.io,Wiz,Threat Intelligence Analyst,US,Check-In,"Main Entrance, Level 1",Check History,iPad-Registration-01,registration@techforwardsummit.com,,,QR Scan,4.12.3,EntranceD1,Day 1 Registration & Entry,
28-Apr-2026 09:08:30,a9czv7pqovvi1,Andrea,Davis,Cybersecurity,andrea.davis@wiz.io,Wiz,Threat Intelligence Analyst,US,Print,"Main Entrance, Level 1",Check History,iPad-Registration-01,registration@techforwardsummit.com,,,QR Scan,4.12.3,EntranceD1,Day 1 Registration & Entry,
28-Apr-2026 09:08:37,objlzy1uu9yms,Ana,Toh,Media/Press,ana.toh@protocol.com,Protocol,"Editor, Technology",US,Check-In,"Main Entrance, Level 1",Check History,iPad-Registration-01,registration@techforwardsummit.com,,,QR Scan,4.12.3,EntranceD1,Day 1 Registration & Entry,
28-Apr-2026 09:08:37,objlzy1uu9yms,Ana,Toh,Media/Press,ana.toh@protocol.com,Protocol,"Editor, Technology",US,Print,"Main Entrance, Level 1",Check History,iPad-Registration-01,registration@techforwardsummit.com,,,QR Scan,4.12.3,EntranceD1,Day 1 Registration & Entry,
28-Apr-2026 09:08:42,xp323c9nu985l,Soo-Jin,Clarke,Dev Tools & Platforms,soojin.clarke@github.com,GitHub,Platform Product Manager,US,Session scan In,Main Auditorium,Session Scan,iPad-Auditorium-01,auditorium.ops@techforwardsummit.com,,,QR Scan,4.12.3,S01_OpenKeynote,Opening Keynote: The AI-Native Enterprise,
28-Apr-2026 09:08:47,v9dt94g8v9zy9,Carmen,Adams,AI & Data,carmen.adams@mistral.ai,Mistral AI,Research Scientist,FR,Check-In,"Main Entrance, Level 1",Check History,iPad-Registration-01,registration@techforwardsummit.com,,,QR Scan,4.12.3,EntranceD1,Day 1 Registration & Entry,
28-Apr-2026 09:08:47,v9dt94g8v9zy9,Carmen,Adams,AI & Data,carmen.adams@mistral.ai,Mistral AI,Research Scientist,FR,Print,"Main Entrance, Level 1",Check History,iPad-Registration-01,registration@techforwardsummit.com,,,QR Scan,4.12.3,EntranceD1,Day 1 Registration & Entry,
28-Apr-2026 09:08:50,lgqe6xb1z337c,Wei,Bhatt,AI & Data,wei.bhatt@h2o.ai,H2O.ai,AI/ML Platform Lead,US,Check-In,"Main Entrance, Level 1",Check History,iPad-Registration-01,registration@techforwardsummit.com,,,QR Scan,4.12.3,EntranceD1,Day 1 Registration & Entry,
28-Apr-2026 09:08:50,lgqe6xb1z337c,Wei,Bhatt,AI & Data,wei.bhatt@h2o.ai,H2O.ai,AI/ML Platform Lead,US,Print,"Main Entrance, Level 1",Check History,iPad-Registration-01,registration@techforwardsummit.com,,,QR Scan,4.12.3,EntranceD1,Day 1 Registration & Entry,
28-Apr-2026 09:08:57,xloyeyqe6836h,Angela,Wilson,Enterprise Software,angela.wilson@workday.com,Workday,"Account Executive, Enterprise",US,Session scan In,Main Auditorium,Session Scan,iPad-Auditorium-01,auditorium.ops@techforwardsummit.com,,,QR Scan,4.12.3,S01_OpenKeynote,Opening Keynote: The AI-Native Enterprise,
28-Apr-2026 09:09:06,v1j308ipuv58o,Cynthia,Ho,Hardware & Semiconductors,cynthia.ho@intel.com,Intel,"Research Scientist, Silicon",US,Check-In,"Main Entrance, Level 1",Check History,iPad-Registration-01,registration@techforwardsummit.com,,,QR Scan,4.12.3,EntranceD1,Day 1 Registration & Entry,
28-Apr-2026 09:09:06,v1j308ipuv58o,Cynthia,Ho,Hardware & Semiconductors,cynthia.ho@intel.com,Intel,"Research Scientist, Silicon",US,Print,"Main Entrance, Level 1",Check History,iPad-Registration-01,registration@techforwardsummit.com,,,QR Scan,4.12.3,EntranceD1,Day 1 Registration & Entry,
28-Apr-2026 09:09:08,w0vqpvtruml3f,Camila,Bianchi,AI & Data,camila.bianchi@langchain.com,LangChain,Applied Research Scientist,US,Check-In,"Main Entrance, Level 1",Check History,iPad-Registration-01,registration@techforwardsummit.com,,,QR Scan,4.12.3,EntranceD1,Day 1 Registration & Entry,
28-Apr-2026 09:09:08,w0vqpvtruml3f,Camila,Bianchi,AI & Data,camila.bianchi@langchain.com,LangChain,Applied Research Scientist,US,Print,"Main Entrance, Level 1",Check History,iPad-Registration-01,registration@techforwardsummit.com,,,QR Scan,4.12.3,EntranceD1,Day 1 Registration & Entry,
28-Apr-2026 09:09:40,rhrlnf6nv5xu6,Divya,Seah,Hardware & Semiconductors,divya.seah@tsmc.com,TSMC,Senior Chip Design Engineer,TW,Check-In,"Main Entrance, Level 1",Check History,iPad-Registration-01,registration@techforwardsummit.com,,,QR Scan,4.12.3,EntranceD1,Day 1 Registration & Entry,
28-Apr-2026 09:09:40,rhrlnf6nv5xu6,Divya,Seah,Hardware & Semiconductors,divya.seah@tsmc.com,TSMC,Senior Chip Design Engineer,TW,Print,"Main Entrance, Level 1",Check History,iPad-Registration-01,registration@techforwardsummit.com,,,QR Scan,4.12.3,EntranceD1,Day 1 Registration & Entry,
28-Apr-2026 09:09:40,k09ntn8eohdk5,Dylan,Nguyen,Hardware & Semiconductors,dylan.nguyen@qualcomm.com,Qualcomm,Senior Chip Design Engineer,US,Session scan In,Main Auditorium,Session Scan,iPad-Auditorium-01,auditorium.ops@techforwardsummit.com,,,QR Scan,4.12.3,S01_OpenKeynote,Opening Keynote: The AI-Native Enterprise,
28-Apr-2026 09:09:46,zduckqviifrch,Carmen,Ng,IT Consulting & SI,carmen.ng@publicissapient.com,Publicis Sapient,Data & AI Practice Lead,FR,Check-In,"Main Entrance, Level 1",Check History,iPad-Registration-01,registration@techforwardsummit.com,,,QR Scan,4.12.3,EntranceD1,Day 1 Registration & Entry,
28-Apr-2026 09:09:46,zduckqviifrch,Carmen,Ng,IT Consulting & SI,carmen.ng@publicissapient.com,Publicis Sapient,Data & AI Practice Lead,FR,Print,"Main Entrance, Level 1",Check History,iPad-Registration-01,registration@techforwardsummit.com,,,QR Scan,4.12.3,EntranceD1,Day 1 Registration & Entry,
28-Apr-2026 09:09:48,zu9sh7n1bqg3d,Rachel,Tang,AI & Data,rachel.tang@palantir.com,Palantir Technologies,Head of Data Science,US,Session scan In,Main Auditorium,Session Scan,iPad-Auditorium-01,auditorium.ops@techforwardsummit.com,,,QR Scan,4.12.3,S01_OpenKeynote,Opening Keynote: The AI-Native Enterprise,
28-Apr-2026 09:10:09,mfbuvldd9fkxz,Nurul,Pham,IT Consulting & SI,nurul.pham@nttdata.com,NTT Data,Senior Technology Consultant,JP,Session scan In,Main Auditorium,Session Scan,iPad-Auditorium-01,auditorium.ops@techforwardsummit.com,,,QR Scan,4.12.3,S01_OpenKeynote,Opening Keynote: The AI-Native Enterprise,
28-Apr-2026 09:10:21,ydz0b545k5q5g,Shu,Adams,Cybersecurity,shu.adams@fortinet.com,Fortinet,Threat Intelligence Analyst,US,Session scan In,Main Auditorium,Session Scan,iPad-Auditorium-01,auditorium.ops@techforwardsummit.com,,,QR Scan,4.12.3,S01_OpenKeynote,Opening Keynote: The AI-Native Enterprise,
28-Apr-2026 09:10:33,malwvmb0idd0w,Feng,Kumar,Cybersecurity,feng.kumar@tenable.com,Tenable,Senior Security Engineer,US,Check-In,"Main Entrance, Level 1",Check History,iPad-Registration-01,registration@techforwardsummit.com,,,QR Scan,4.12.3,EntranceD1,Day 1 Registration & Entry,
28-Apr-2026 09:10:33,malwvmb0idd0w,Feng,Kumar,Cybersecurity,feng.kumar@tenable.com,Tenable,Senior Security Engineer,US,Print,"Main Entrance, Level 1",Check History,iPad-Registration-01,registration@techforwardsummit.com,,,QR Scan,4.12.3,EntranceD1,Day 1 Registration & Entry,
28-Apr-2026 09:10:39,3odf76img7zd3,Hiroshi,Bell,Enterprise Software,hiroshi.bell@servicenow.com,ServiceNow,Head of Growth,US,Session scan In,Main Auditorium,Session Scan,iPad-Auditorium-01,auditorium.ops@techforwardsummit.com,,,QR Scan,4.12.3,S01_OpenKeynote,Opening Keynote: The AI-Native Enterprise,
28-Apr-2026 09:10:46,r43ur4mfjhoja,Kavita,Anderson,AI & Data,kavita.anderson@h2o.ai,H2O.ai,Head of Data Science,US,Session scan In,Main Auditorium,Session Scan,iPad-Auditorium-01,auditorium.ops@techforwardsummit.com,,,QR Scan,4.12.3,S01_OpenKeynote,Opening Keynote: The AI-Native Enterprise,
28-Apr-2026 09:10:49,wrpmehrtvce3s,Arthur,Foo,Cloud & Infrastructure,arthur.foo@snowflake.com,Snowflake,Platform Engineer,US,Session scan In,Main Auditorium,Session Scan,iPad-Auditorium-01,auditorium.ops@techforwardsummit.com,,,QR Scan,4.12.3,S01_OpenKeynote,Opening Keynote: The AI-Native Enterprise,
28-Apr-2026 09:11:10,69phwn8ddinz2,Nicholas,Rossi,VC & Private Equity,nicholas.rossi@accel.com,Accel,Partner,US,Check-In,"Main Entrance, Level 1",Check History,iPad-Registration-01,registration@techforwardsummit.com,,,QR Scan,4.12.3,EntranceD1,Day 1 Registration & Entry,
28-Apr-2026 09:11:10,69phwn8ddinz2,Nicholas,Rossi,VC & Private Equity,nicholas.rossi@accel.com,Accel,Partner,US,Print,"Main Entrance, Level 1",Check History,iPad-Registration-01,registration@techforwardsummit.com,,,QR Scan,4.12.3,EntranceD1,Day 1 Registration & Entry,
28-Apr-2026 09:11:28,hpcocwmij5rno,Lin,Evans,Dev Tools & Platforms,lin.evans@stripe.com,Stripe,Platform Product Manager,US,Check-In,"Main Entrance, Level 1",Check History,iPad-Registration-01,registration@techforwardsummit.com,,,QR Scan,4.12.3,EntranceD1,Day 1 Registration & Entry,
28-Apr-2026 09:11:28,hpcocwmij5rno,Lin,Evans,Dev Tools & Platforms,lin.evans@stripe.com,Stripe,Platform Product Manager,US,Print,"Main Entrance, Level 1",Check History,iPad-Registration-01,registration@techforwardsummit.com,,,QR Scan,4.12.3,EntranceD1,Day 1 Registration & Entry,
28-Apr-2026 09:11:49,c3jr7t3spj9wr,Barbara,Deng,IT Consulting & SI,barbara.deng@mckinsey.com,McKinsey Digital,Agile Delivery Lead,US,Check-In,"Main Entrance, Level 1",Check History,iPad-Registration-01,registration@techforwardsummit.com,,,QR Scan,4.12.3,EntranceD1,Day 1 Registration & Entry,
28-Apr-2026 09:11:49,c3jr7t3spj9wr,Barbara,Deng,IT Consulting & SI,barbara.deng@mckinsey.com,McKinsey Digital,Agile Delivery Lead,US,Print,"Main Entrance, Level 1",Check History,iPad-Registration-01,registration@techforwardsummit.com,,,QR Scan,4.12.3,EntranceD1,Day 1 Registration & Entry,
28-Apr-2026 09:12:01,s96kw0pn524ks,Vikram,Yap,Cloud & Infrastructure,vikram.yap@akamai.com,Akamai Technologies,Cloud Architect,US,Session scan In,Main Auditorium,Session Scan,iPad-Auditorium-01,auditorium.ops@techforwardsummit.com,,,QR Scan,4.12.3,S01_OpenKeynote,Opening Keynote: The AI-Native Enterprise,
28-Apr-2026 09:12:13,d8spw0s1nkk0g,Lars,Adams,Hardware & Semiconductors,lars.adams@sambanova.ai,SambaNova Systems,"Research Scientist, Silicon",US,Session scan In,Main Auditorium,Session Scan,iPad-Auditorium-01,auditorium.ops@techforwardsummit.com,,,QR Scan,4.12.3,S01_OpenKeynote,Opening Keynote: The AI-Native Enterprise,
28-Apr-2026 09:12:19,tmik5z9rvkmcx,Lucas,Foo,AI & Data,lucas.foo@h2o.ai,H2O.ai,Chief AI Officer,US,Check-In,"Main Entrance, Level 1",Check History,iPad-Registration-01,registration@techforwardsummit.com,,,QR Scan,4.12.3,EntranceD1,Day 1 Registration & Entry,
28-Apr-2026 09:12:19,tmik5z9rvkmcx,Lucas,Foo,AI & Data,lucas.foo@h2o.ai,H2O.ai,Chief AI Officer,US,Print,"Main Entrance, Level 1",Check History,iPad-Registration-01,registration@techforwardsummit.com,,,QR Scan,4.12.3,EntranceD1,Day 1 Registration & Entry,
28-Apr-2026 09:12:33,q2vcieopts2q4,Sandra,Rogers,Dev Tools & Platforms,sandra.rogers@launchdarkly.com,LaunchDarkly,Head of Developer Relations,US,Session scan In,Main Auditorium,Session Scan,iPad-Auditorium-01,auditorium.ops@techforwardsummit.com,,,QR Scan,4.12.3,S01_OpenKeynote,Opening Keynote: The AI-Native Enterprise,
28-Apr-2026 09:12:56,t3f2f3hycpesb,Anthony,Lim,IT Consulting & SI,anthony.lim@infosys.com,Infosys,Associate Director,IN,Session scan In,Main Auditorium,Session Scan,iPad-Auditorium-01,auditorium.ops@techforwardsummit.com,,,QR Scan,4.12.3,S01_OpenKeynote,Opening Keynote: The AI-Native Enterprise,
28-Apr-2026 09:13:16,yv3lxchfu131x,Shan,Nakamura,IT Consulting & SI,shan.nakamura@wipro.com,Wipro,VP of Digital Transformation,IN,Check-In,"Main Entrance, Level 1",Check History,iPad-Registration-01,registration@techforwardsummit.com,,,QR Scan,4.12.3,EntranceD1,Day 1 Registration & Entry,
28-Apr-2026 09:13:16,yv3lxchfu131x,Shan,Nakamura,IT Consulting & SI,shan.nakamura@wipro.com,Wipro,VP of Digital Transformation,IN,Print,"Main Entrance, Level 1",Check History,iPad-Registration-01,registration@techforwardsummit.com,,,QR Scan,4.12.3,EntranceD1,Day 1 Registration & Entry,
28-Apr-2026 09:13:29,neftz53c5dwum,Adam,Jones,IT Consulting & SI,adam.jones@cognizant.com,Cognizant,VP of Digital Transformation,US,Check-In,"Main Entrance, Level 1",Check History,iPad-Registration-01,registration@techforwardsummit.com,,,QR Scan,4.12.3,EntranceD1,Day 1 Registration & Entry,
28-Apr-2026 09:13:29,neftz53c5dwum,Adam,Jones,IT Consulting & SI,adam.jones@cognizant.com,Cognizant,VP of Digital Transformation,US,Print,"Main Entrance, Level 1",Check History,iPad-Registration-01,registration@techforwardsummit.com,,,QR Scan,4.12.3,EntranceD1,Day 1 Registration & Entry,
28-Apr-2026 09:13:34,6h95d9y8y0awr,Stephanie,Chua,Cloud & Infrastructure,stephanie.chua@elastic.co,Elastic,Staff Infrastructure Engineer,NL,Check-In,"Main Entrance, Level 1",Check History,iPad-Registration-01,registration@techforwardsummit.com,,,QR Scan,4.12.3,EntranceD1,Day 1 Registration & Entry,
28-Apr-2026 09:13:34,6h95d9y8y0awr,Stephanie,Chua,Cloud & Infrastructure,stephanie.chua@elastic.co,Elastic,Staff Infrastructure Engineer,NL,Print,"Main Entrance, Level 1",Check History,iPad-Registration-01,registration@techforwardsummit.com,,,QR Scan,4.12.3,EntranceD1,Day 1 Registration & Entry,
28-Apr-2026 09:14:01,mk99jcjn9978i,Divya,Yang,Speaker,divya.yang@stanford.edu,Stanford School of Engineering,Distinguished Engineer,US,Session scan In,Main Auditorium,Session Scan,iPad-Auditorium-01,auditorium.ops@techforwardsummit.com,,,QR Scan,4.12.3,S01_OpenKeynote,Opening Keynote: The AI-Native Enterprise,
28-Apr-2026 09:14:26,7r1z4c9vf6rgs,Arun,Iyer,VC & Private Equity,arun.iyer@tigerglobal.com,Tiger Global,Principal,US,Check-In,"Main Entrance, Level 1",Check History,iPad-Registration-01,registration@techforwardsummit.com,,,QR Scan,4.12.3,EntranceD1,Day 1 Registration & Entry,
28-Apr-2026 09:14:26,7r1z4c9vf6rgs,Arun,Iyer,VC & Private Equity,arun.iyer@tigerglobal.com,Tiger Global,Principal,US,Print,"Main Entrance, Level 1",Check History,iPad-Registration-01,registration@techforwardsummit.com,,,QR Scan,4.12.3,EntranceD1,Day 1 Registration & Entry,
28-Apr-2026 09:14:55,hlozesjncrbvx,Vikram,Hansen,IT Consulting & SI,vikram.hansen@mckinsey.com,McKinsey Digital,Cloud Migration Specialist,US,Session scan In,Main Auditorium,Session Scan,iPad-Auditorium-01,auditorium.ops@techforwardsummit.com,,,QR Scan,4.12.3,S01_OpenKeynote,Opening Keynote: The AI-Native Enterprise,
28-Apr-2026 09:15:07,ol5rkh87cyamn,Dennis,Zhu,Enterprise Software,dennis.zhu@salesforce.com,Salesforce,Principal Product Manager,US,Check-In,"Main Entrance, Level 1",Check History,iPad-Registration-01,registration@techforwardsummit.com,,,QR Scan,4.12.3,EntranceD1,Day 1 Registration & Entry,
28-Apr-2026 09:15:07,ol5rkh87cyamn,Dennis,Zhu,Enterprise Software,dennis.zhu@salesforce.com,Salesforce,Principal Product Manager,US,Print,"Main Entrance, Level 1",Check History,iPad-Registration-01,registration@techforwardsummit.com,,,QR Scan,4.12.3,EntranceD1,Day 1 Registration & Entry,
28-Apr-2026 09:15:12,rxjpt2zl15s74,Hui,Green,AI & Data,hui.green@databricks.com,Databricks,Data Engineer,US,Check-In,"Main Entrance, Level 1",Check History,iPad-Registration-01,registration@techforwardsummit.com,,,QR Scan,4.12.3,EntranceD1,Day 1 Registration & Entry,
28-Apr-2026 09:15:12,rxjpt2zl15s74,Hui,Green,AI & Data,hui.green@databricks.com,Databricks,Data Engineer,US,Print,"Main Entrance, Level 1",Check History,iPad-Registration-01,registration@techforwardsummit.com,,,QR Scan,4.12.3,EntranceD1,Day 1 Registration & Entry,
28-Apr-2026 09:15:17,99u26uon8cnrl,Shan,Ho,VC & Private Equity,shan.ho@sequoiacap.com,Sequoia Capital,Principal,US,Session scan In,Main Auditorium,Session Scan,iPad-Auditorium-01,auditorium.ops@techforwardsummit.com,,,QR Scan,4.12.3,S01_OpenKeynote,Opening Keynote: The AI-Native Enterprise,
28-Apr-2026 09:15:47,ltemrqp94na46,Wei,Esposito,Cybersecurity,wei.esposito@rapid7.com,Rapid7,VP of Security,US,Session scan In,Main Auditorium,Session Scan,iPad-Auditorium-01,auditorium.ops@techforwardsummit.com,,,QR Scan,4.12.3,S01_OpenKeynote,Opening Keynote: The AI-Native Enterprise,
28-Apr-2026 09:15:48,r3yqs5pyyz5ym,Eric,Ho,Cybersecurity,eric.ho@tenable.com,Tenable,CISO,US,Check-In,"Main Entrance, Level 1",Check History,iPad-Registration-01,registration@techforwardsummit.com,,,QR Scan,4.12.3,EntranceD1,Day 1 Registration & Entry,
28-Apr-2026 09:15:48,r3yqs5pyyz5ym,Eric,Ho,Cybersecurity,eric.ho@tenable.com,Tenable,CISO,US,Print,"Main Entrance, Level 1",Check History,iPad-Registration-01,registration@techforwardsummit.com,,,QR Scan,4.12.3,EntranceD1,Day 1 Registration & Entry,
28-Apr-2026 09:15:57,4bju8oxm9f4oh,Steven,Sim,Staff,steven.sim@techforwardsummit.com,TechForward Organising Committee,Registration & Badging Lead,SG,Check-In,"Main Entrance, Level 1",Check History,iPad-Registration-01,registration@techforwardsummit.com,,,QR Scan,4.12.3,EntranceD1,Day 1 Registration & Entry,
28-Apr-2026 09:15:57,4bju8oxm9f4oh,Steven,Sim,Staff,steven.sim@techforwardsummit.com,TechForward Organising Committee,Registration & Badging Lead,SG,Print,"Main Entrance, Level 1",Check History,iPad-Registration-01,registration@techforwardsummit.com,,,QR Scan,4.12.3,EntranceD1,Day 1 Registration & Entry,
28-Apr-2026 09:16:43,f9i71a57e8a54,Sharon,Zhang,IT Consulting & SI,sharon.zhang@infosys.com,Infosys,Technology Consultant,IN,Check-In,"Main Entrance, Level 1",Check History,iPad-Registration-01,registration@techforwardsummit.com,,,QR Scan,4.12.3,EntranceD1,Day 1 Registration & Entry,
28-Apr-2026 09:16:43,f9i71a57e8a54,Sharon,Zhang,IT Consulting & SI,sharon.zhang@infosys.com,Infosys,Technology Consultant,IN,Print,"Main Entrance, Level 1",Check History,iPad-Registration-01,registration@techforwardsummit.com,,,QR Scan,4.12.3,EntranceD1,Day 1 Registration & Entry,
28-Apr-2026 09:16:51,amhv1f070vk32,Akiko,Evans,Enterprise Software,akiko.evans@atlassian.com,Atlassian,Senior Product Manager,AU,Check-In,"Main Entrance, Level 1",Check History,iPad-Registration-01,registration@techforwardsummit.com,,,QR Scan,4.12.3,EntranceD1,Day 1 Registration & Entry,
28-Apr-2026 09:16:51,amhv1f070vk32,Akiko,Evans,Enterprise Software,akiko.evans@atlassian.com,Atlassian,Senior Product Manager,AU,Print,"Main Entrance, Level 1",Check History,iPad-Registration-01,registration@techforwardsummit.com,,,QR Scan,4.12.3,EntranceD1,Day 1 Registration & Entry,
28-Apr-2026 09:16:57,q5f7uxke4qwl6,Juan,Robinson,IT Consulting & SI,juan.robinson@publicissapient.com,Publicis Sapient,Associate Director,FR,Check-In,"Main Entrance, Level 1",Check History,iPad-Registration-01,registration@techforwardsummit.com,,,QR Scan,4.12.3,EntranceD1,Day 1 Registration & Entry,
28-Apr-2026 09:16:57,q5f7uxke4qwl6,Juan,Robinson,IT Consulting & SI,juan.robinson@publicissapient.com,Publicis Sapient,Associate Director,FR,Print,"Main Entrance, Level 1",Check History,iPad-Registration-01,registration@techforwardsummit.com,,,QR Scan,4.12.3,EntranceD1,Day 1 Registration & Entry,
28-Apr-2026 09:17:40,h8ea329hf1pw2,Timothy,Webb,IT Consulting & SI,timothy.webb@infosys.com,Infosys,Cloud Migration Specialist,IN,Check-In,"Main Entrance, Level 1",Check History,iPad-Registration-01,registration@techforwardsummit.com,,,QR Scan,4.12.3,EntranceD1,Day 1 Registration & Entry,
28-Apr-2026 09:17:40,h8ea329hf1pw2,Timothy,Webb,IT Consulting & SI,timothy.webb@infosys.com,Infosys,Cloud Migration Specialist,IN,Print,"Main Entrance, Level 1",Check History,iPad-Registration-01,registration@techforwardsummit.com,,,QR Scan,4.12.3,EntranceD1,Day 1 Registration & Entry,
28-Apr-2026 09:17:47,6hhwmf1gzvg04,Noah,Ward,Cloud & Infrastructure,noah.ward@fastly.com,Fastly,Senior Site Reliability Engineer,US,Check-In,"Main Entrance, Level 1",Check History,iPad-Registration-01,registration@techforwardsummit.com,,,QR Scan,4.12.3,EntranceD1,Day 1 Registration & Entry,
28-Apr-2026 09:17:47,6hhwmf1gzvg04,Noah,Ward,Cloud & Infrastructure,noah.ward@fastly.com,Fastly,Senior Site Reliability Engineer,US,Print,"Main Entrance, Level 1",Check History,iPad-Registration-01,registration@techforwardsummit.com,,,QR Scan,4.12.3,EntranceD1,Day 1 Registration & Entry,
28-Apr-2026 09:18:04,hs0lt59hhpzuy,Haruto,Dlamini,AI & Data,haruto.dlamini@cohere.com,Cohere,Head of Data Science,CA,Check-In,"Main Entrance, Level 1",Check History,iPad-Registration-01,registration@techforwardsummit.com,,,QR Scan,4.12.3,EntranceD1,Day 1 Registration & Entry,
28-Apr-2026 09:18:04,hs0lt59hhpzuy,Haruto,Dlamini,AI & Data,haruto.dlamini@cohere.com,Cohere,Head of Data Science,CA,Print,"Main Entrance, Level 1",Check History,iPad-Registration-01,registration@techforwardsummit.com,,,QR Scan,4.12.3,EntranceD1,Day 1 Registration & Entry,
28-Apr-2026 09:18:18,91jgjti2lswbb,Jeffrey,Feng,AI & Data,jeffrey.feng@databricks.com,Databricks,AI/ML Platform Lead,US,Check-In,"Main Entrance, Level 1",Check History,iPad-Registration-01,registration@techforwardsummit.com,,,QR Scan,4.12.3,EntranceD1,Day 1 Registration & Entry,
28-Apr-2026 09:18:18,91jgjti2lswbb,Jeffrey,Feng,AI & Data,jeffrey.feng@databricks.com,Databricks,AI/ML Platform Lead,US,Print,"Main Entrance, Level 1",Check History,iPad-Registration-01,registration@techforwardsummit.com,,,QR Scan,4.12.3,EntranceD1,Day 1 Registration & Entry,
28-Apr-2026 09:19:24,1d7xyljd2v57b,Swati,Ho,Cloud & Infrastructure,swati.ho@snowflake.com,Snowflake,Staff Infrastructure Engineer,US,Session scan In,Main Auditorium,Session Scan,iPad-Auditorium-01,auditorium.ops@techforwardsummit.com,,,QR Scan,4.12.3,S01_OpenKeynote,Opening Keynote: The AI-Native Enterprise,
28-Apr-2026 09:19:50,8pe74add0gn7r,Budi,Kumar,IT Consulting & SI,budi.kumar@tcs.com,TCS,Managing Consultant,IN,Check-In,"Main Entrance, Level 1",Check History,iPad-Registration-01,registration@techforwardsummit.com,,,QR Scan,4.12.3,EntranceD1,Day 1 Registration & Entry,
28-Apr-2026 09:19:50,8pe74add0gn7r,Budi,Kumar,IT Consulting & SI,budi.kumar@tcs.com,TCS,Managing Consultant,IN,Print,"Main Entrance, Level 1",Check History,iPad-Registration-01,registration@techforwardsummit.com,,,QR Scan,4.12.3,EntranceD1,Day 1 Registration & Entry,
28-Apr-2026 09:19:54,mk99jcjn9978i,Divya,Yang,Speaker,divya.yang@stanford.edu,Stanford School of Engineering,Distinguished Engineer,US,Check-In,"Main Entrance, Level 1",Check History,iPad-Registration-01,registration@techforwardsummit.com,,,QR Scan,4.12.3,EntranceD1,Day 1 Registration & Entry,
28-Apr-2026 09:19:54,mk99jcjn9978i,Divya,Yang,Speaker,divya.yang@stanford.edu,Stanford School of Engineering,Distinguished Engineer,US,Print,"Main Entrance, Level 1",Check History,iPad-Registration-01,registration@techforwardsummit.com,,,QR Scan,4.12.3,EntranceD1,Day 1 Registration & Entry,
28-Apr-2026 09:20:09,mwpq82k8ryqf8,Astrid,Choi,Hardware & Semiconductors,astrid.choi@arm.com,Arm Holdings,"Research Scientist, Silicon",GB,Check-In,"Main Entrance, Level 1",Check History,iPad-Registration-01,registration@techforwardsummit.com,,,QR Scan,4.12.3,EntranceD1,Day 1 Registration & Entry,
28-Apr-2026 09:20:09,mwpq82k8ryqf8,Astrid,Choi,Hardware & Semiconductors,astrid.choi@arm.com,Arm Holdings,"Research Scientist, Silicon",GB,Print,"Main Entrance, Level 1",Check History,iPad-Registration-01,registration@techforwardsummit.com,,,QR Scan,4.12.3,EntranceD1,Day 1 Registration & Entry,
28-Apr-2026 09:20:12,qeoz0kz4z7whw,Priya,Fischer,Cloud & Infrastructure,priya.fischer@digitalocean.com,DigitalOcean,Principal Solutions Architect,US,Check-In,"Main Entrance, Level 1",Check History,iPad-Registration-01,registration@techforwardsummit.com,,,QR Scan,4.12.3,EntranceD1,Day 1 Registration & Entry,
28-Apr-2026 09:20:12,qeoz0kz4z7whw,Priya,Fischer,Cloud & Infrastructure,priya.fischer@digitalocean.com,DigitalOcean,Principal Solutions Architect,US,Print,"Main Entrance, Level 1",Check History,iPad-Registration-01,registration@techforwardsummit.com,,,QR Scan,4.12.3,EntranceD1,Day 1 Registration & Entry,
28-Apr-2026 09:20:22,c0bogwhupof0h,Gregory,Singh,Speaker,gregory.singh@cmu.edu,Carnegie Mellon University,Distinguished Engineer,US,Check-In,"Main Entrance, Level 1",Check History,iPad-Registration-01,registration@techforwardsummit.com,,,QR Scan,4.12.3,EntranceD1,Day 1 Registration & Entry,
28-Apr-2026 09:20:22,c0bogwhupof0h,Gregory,Singh,Speaker,gregory.singh@cmu.edu,Carnegie Mellon University,Distinguished Engineer,US,Print,"Main Entrance, Level 1",Check History,iPad-Registration-01,registration@techforwardsummit.com,,,QR Scan,4.12.3,EntranceD1,Day 1 Registration & Entry,
28-Apr-2026 09:20:23,0riy4kl9aryea,Khairul,Lopez,IT Consulting & SI,khairul.lopez@infosys.com,Infosys,Associate Director,IN,Session scan In,Main Auditorium,Session Scan,iPad-Auditorium-01,auditorium.ops@techforwardsummit.com,,,QR Scan,4.12.3,S01_OpenKeynote,Opening Keynote: The AI-Native Enterprise,
28-Apr-2026 09:21:01,xfqj3hxj3apnu,Hassan,Rogers,AI & Data,hassan.rogers@wandb.ai,Weights & Biases,Applied Research Scientist,US,Check-In,"Main Entrance, Level 1",Check History,iPad-Registration-01,registration@techforwardsummit.com,,,QR Scan,4.12.3,EntranceD1,Day 1 Registration & Entry,
28-Apr-2026 09:21:01,xfqj3hxj3apnu,Hassan,Rogers,AI & Data,hassan.rogers@wandb.ai,Weights & Biases,Applied Research Scientist,US,Print,"Main Entrance, Level 1",Check History,iPad-Registration-01,registration@techforwardsummit.com,,,QR Scan,4.12.3,EntranceD1,Day 1 Registration & Entry,
28-Apr-2026 09:21:04,nwg3zrzq0v4ps,Daniel,Parker,IT Consulting & SI,daniel.parker@mckinsey.com,McKinsey Digital,Managing Consultant,US,Check-In,"Main Entrance, Level 1",Check History,iPad-Registration-01,registration@techforwardsummit.com,,,QR Scan,4.12.3,EntranceD1,Day 1 Registration & Entry,
28-Apr-2026 09:21:04,nwg3zrzq0v4ps,Daniel,Parker,IT Consulting & SI,daniel.parker@mckinsey.com,McKinsey Digital,Managing Consultant,US,Print,"Main Entrance, Level 1",Check History,iPad-Registration-01,registration@techforwardsummit.com,,,QR Scan,4.12.3,EntranceD1,Day 1 Registration & Entry,
28-Apr-2026 09:21:21,9y1ffuu5f07b1,Kathleen,Thompson,Enterprise Software,kathleen.thompson@zendesk.com,Zendesk,Director of Engineering,US,Check-In,"Main Entrance, Level 1",Check History,iPad-Registration-01,registration@techforwardsummit.com,,,QR Scan,4.12.3,EntranceD1,Day 1 Registration & Entry,
28-Apr-2026 09:21:21,9y1ffuu5f07b1,Kathleen,Thompson,Enterprise Software,kathleen.thompson@zendesk.com,Zendesk,Director of Engineering,US,Print,"Main Entrance, Level 1",Check History,iPad-Registration-01,registration@techforwardsummit.com,,,QR Scan,4.12.3,EntranceD1,Day 1 Registration & Entry,
28-Apr-2026 09:21:54,hvoxj0au1armx,Jae-Won,Schulz,Dev Tools & Platforms,jaewon.schulz@launchdarkly.com,LaunchDarkly,Solutions Engineer,US,Check-In,"Main Entrance, Level 1",Check History,iPad-Registration-01,registration@techforwardsummit.com,,,QR Scan,4.12.3,EntranceD1,Day 1 Registration & Entry,
28-Apr-2026 09:21:54,hvoxj0au1armx,Jae-Won,Schulz,Dev Tools & Platforms,jaewon.schulz@launchdarkly.com,LaunchDarkly,Solutions Engineer,US,Print,"Main Entrance, Level 1",Check History,iPad-Registration-01,registration@techforwardsummit.com,,,QR Scan,4.12.3,EntranceD1,Day 1 Registration & Entry,
28-Apr-2026 09:21:57,wa6m96m5u2tlu,Christine,Lewis,IT Consulting & SI,christine.lewis@nttdata.com,NTT Data,Associate Director,JP,Check-In,"Main Entrance, Level 1",Check History,iPad-Registration-01,registration@techforwardsummit.com,,,QR Scan,4.12.3,EntranceD1,Day 1 Registration & Entry,
28-Apr-2026 09:21:57,wa6m96m5u2tlu,Christine,Lewis,IT Consulting & SI,christine.lewis@nttdata.com,NTT Data,Associate Director,JP,Print,"Main Entrance, Level 1",Check History,iPad-Registration-01,registration@techforwardsummit.com,,,QR Scan,4.12.3,EntranceD1,Day 1 Registration & Entry,
28-Apr-2026 09:22:05,x1sknxd6zmbyt,Dennis,Hu,Cloud & Infrastructure,dennis.hu@aws.amazon.com,Amazon Web Services,Cloud Architect,US,Check-In,"Main Entrance, Level 1",Check History,iPad-Registration-01,registration@techforwardsummit.com,,,QR Scan,4.12.3,EntranceD1,Day 1 Registration & Entry,
28-Apr-2026 09:22:05,x1sknxd6zmbyt,Dennis,Hu,Cloud & Infrastructure,dennis.hu@aws.amazon.com,Amazon Web Services,Cloud Architect,US,Print,"Main Entrance, Level 1",Check History,iPad-Registration-01,registration@techforwardsummit.com,,,QR Scan,4.12.3,EntranceD1,Day 1 Registration & Entry,
28-Apr-2026 09:22:25,2tw1bytxza43h,Shu,Trivedi,Enterprise Software,shu.trivedi@monday.com,monday.com,Chief Technology Officer,IL,Session scan In,Main Auditorium,Session Scan,iPad-Auditorium-01,auditorium.ops@techforwardsummit.com,,,QR Scan,4.12.3,S01_OpenKeynote,Opening Keynote: The AI-Native Enterprise,
28-Apr-2026 09:22:32,2mvv4dc0fp672,Juan,Foo,Enterprise Software,juan.foo@box.com,Box,Director of Engineering,US,Session scan In,Main Auditorium,Session Scan,iPad-Auditorium-01,auditorium.ops@techforwardsummit.com,,,QR Scan,4.12.3,S01_OpenKeynote,Opening Keynote: The AI-Native Enterprise,
28-Apr-2026 09:22:51,dg680iuga4feg,Marco,Chaudhary,IT Consulting & SI,marco.chaudhary@cognizant.com,Cognizant,Cloud Migration Specialist,US,Check-In,"Main Entrance, Level 1",Check History,iPad-Registration-01,registration@techforwardsummit.com,,,QR Scan,4.12.3,EntranceD1,Day 1 Registration & Entry,
28-Apr-2026 09:22:51,dg680iuga4feg,Marco,Chaudhary,IT Consulting & SI,marco.chaudhary@cognizant.com,Cognizant,Cloud Migration Specialist,US,Print,"Main Entrance, Level 1",Check History,iPad-Registration-01,registration@techforwardsummit.com,,,QR Scan,4.12.3,EntranceD1,Day 1 Registration & Entry,
28-Apr-2026 09:23:18,wq0ywm9q7ftmf,Hans,Rossi,Enterprise Software,hans.rossi@freshworks.com,Freshworks,Chief Technology Officer,IN,Check-In,"Main Entrance, Level 1",Check History,iPad-Registration-01,registration@techforwardsummit.com,,,QR Scan,4.12.3,EntranceD1,Day 1 Registration & Entry,
28-Apr-2026 09:23:18,wq0ywm9q7ftmf,Hans,Rossi,Enterprise Software,hans.rossi@freshworks.com,Freshworks,Chief Technology Officer,IN,Print,"Main Entrance, Level 1",Check History,iPad-Registration-01,registration@techforwardsummit.com,,,QR Scan,4.12.3,EntranceD1,Day 1 Registration & Entry,
28-Apr-2026 09:23:35,gv1bbhg5zmtga,Mateus,Sharma,Hardware & Semiconductors,mateus.sharma@qualcomm.com,Qualcomm,"VP of Product, Silicon",US,Check-In,"Main Entrance, Level 1",Check History,iPad-Registration-01,registration@techforwardsummit.com,,,QR Scan,4.12.3,EntranceD1,Day 1 Registration & Entry,
28-Apr-2026 09:23:35,gv1bbhg5zmtga,Mateus,Sharma,Hardware & Semiconductors,mateus.sharma@qualcomm.com,Qualcomm,"VP of Product, Silicon",US,Print,"Main Entrance, Level 1",Check History,iPad-Registration-01,registration@techforwardsummit.com,,,QR Scan,4.12.3,EntranceD1,Day 1 Registration & Entry,
28-Apr-2026 09:23:51,jr8mtk0rsoggy,Ahmed,Gupta,Cybersecurity,ahmed.gupta@rapid7.com,Rapid7,Security Consultant,US,Check-In,"Main Entrance, Level 1",Check History,iPad-Registration-01,registration@techforwardsummit.com,,,QR Scan,4.12.3,EntranceD1,Day 1 Registration & Entry,
28-Apr-2026 09:23:51,jr8mtk0rsoggy,Ahmed,Gupta,Cybersecurity,ahmed.gupta@rapid7.com,Rapid7,Security Consultant,US,Print,"Main Entrance, Level 1",Check History,iPad-Registration-01,registration@techforwardsummit.com,,,QR Scan,4.12.3,EntranceD1,Day 1 Registration & Entry,
28-Apr-2026 09:24:00,ygo2ype4cwsjb,Alejandro,Thomas,Enterprise Software,alejandro.thomas@hubspot.com,HubSpot,Engineering Manager,US,Check-In,"Main Entrance, Level 1",Check History,iPad-Registration-01,registration@techforwardsummit.com,,,QR Scan,4.12.3,EntranceD1,Day 1 Registration & Entry,
28-Apr-2026 09:24:00,ygo2ype4cwsjb,Alejandro,Thomas,Enterprise Software,alejandro.thomas@hubspot.com,HubSpot,Engineering Manager,US,Print,"Main Entrance, Level 1",Check History,iPad-Registration-01,registration@techforwardsummit.com,,,QR Scan,4.12.3,EntranceD1,Day 1 Registration & Entry,
28-Apr-2026 09:24:45,95g5dog8cfeff,Nicholas,Sato,VIP,nicholas.sato@cloud.google.com,Google Cloud,Executive Vice President,US,Check-In,"Main Entrance, Level 1",Check History,iPad-Registration-01,registration@techforwardsummit.com,,,QR Scan,4.12.3,EntranceD1,Day 1 Registration & Entry,
28-Apr-2026 09:24:45,95g5dog8cfeff,Nicholas,Sato,VIP,nicholas.sato@cloud.google.com,Google Cloud,Executive Vice President,US,Print,"Main Entrance, Level 1",Check History,iPad-Registration-01,registration@techforwardsummit.com,,,QR Scan,4.12.3,EntranceD1,Day 1 Registration & Entry,
28-Apr-2026 09:24:58,t8hjk0xyspqtu,Liang,Jones,Dev Tools & Platforms,liang.jones@launchdarkly.com,LaunchDarkly,Senior Developer Advocate,US,Check-In,"Main Entrance, Level 1",Check History,iPad-Registration-01,registration@techforwardsummit.com,,,QR Scan,4.12.3,EntranceD1,Day 1 Registration & Entry,
28-Apr-2026 09:24:58,t8hjk0xyspqtu,Liang,Jones,Dev Tools & Platforms,liang.jones@launchdarkly.com,LaunchDarkly,Senior Developer Advocate,US,Print,"Main Entrance, Level 1",Check History,iPad-Registration-01,registration@techforwardsummit.com,,,QR Scan,4.12.3,EntranceD1,Day 1 Registration & Entry,
28-Apr-2026 09:25:03,94ozkfnotia41,Ryo,Allen,IT Consulting & SI,ryo.allen@capgemini.com,Capgemini,Director of Technology,FR,Check-In,"Main Entrance, Level 1",Check History,iPad-Registration-01,registration@techforwardsummit.com,,,QR Scan,4.12.3,EntranceD1,Day 1 Registration & Entry,
28-Apr-2026 09:25:03,94ozkfnotia41,Ryo,Allen,IT Consulting & SI,ryo.allen@capgemini.com,Capgemini,Director of Technology,FR,Print,"Main Entrance, Level 1",Check History,iPad-Registration-01,registration@techforwardsummit.com,,,QR Scan,4.12.3,EntranceD1,Day 1 Registration & Entry,
28-Apr-2026 09:25:05,zu9sh7n1bqg3d,Rachel,Tang,AI & Data,rachel.tang@palantir.com,Palantir Technologies,Head of Data Science,US,Check-In,"Main Entrance, Level 1",Check History,iPad-Registration-01,registration@techforwardsummit.com,,,QR Scan,4.12.3,EntranceD1,Day 1 Registration & Entry,
28-Apr-2026 09:25:05,zu9sh7n1bqg3d,Rachel,Tang,AI & Data,rachel.tang@palantir.com,Palantir Technologies,Head of Data Science,US,Print,"Main Entrance, Level 1",Check History,iPad-Registration-01,registration@techforwardsummit.com,,,QR Scan,4.12.3,EntranceD1,Day 1 Registration & Entry,
28-Apr-2026 09:25:20,8jov58toe3pgi,Cynthia,Hidayat,IT Consulting & SI,cynthia.hidayat@deloitte.com,Deloitte Technology,Cloud Migration Specialist,US,Check-In,"Main Entrance, Level 1",Check History,iPad-Registration-01,registration@techforwardsummit.com,,,QR Scan,4.12.3,EntranceD1,Day 1 Registration & Entry,
28-Apr-2026 09:25:20,8jov58toe3pgi,Cynthia,Hidayat,IT Consulting & SI,cynthia.hidayat@deloitte.com,Deloitte Technology,Cloud Migration Specialist,US,Print,"Main Entrance, Level 1",Check History,iPad-Registration-01,registration@techforwardsummit.com,,,QR Scan,4.12.3,EntranceD1,Day 1 Registration & Entry,
28-Apr-2026 09:25:50,44mw04i3dzxlr,Christine,Ricci,Media/Press,christine.ricci@techcrunch.com,TechCrunch,Tech Reporter,US,Session scan In,Main Auditorium,Session Scan,iPad-Auditorium-01,auditorium.ops@techforwardsummit.com,,,QR Scan,4.12.3,S01_OpenKeynote,Opening Keynote: The AI-Native Enterprise,
28-Apr-2026 09:28:16,k3qmvifiit201,Patrick,Lim,Enterprise Software,patrick.lim@adobe.com,Adobe,VP of Engineering,US,Check-In,"Main Entrance, Level 1",Check History,iPad-Registration-01,registration@techforwardsummit.com,,,QR Scan,4.12.3,EntranceD1,Day 1 Registration & Entry,
28-Apr-2026 09:28:16,k3qmvifiit201,Patrick,Lim,Enterprise Software,patrick.lim@adobe.com,Adobe,VP of Engineering,US,Print,"Main Entrance, Level 1",Check History,iPad-Registration-01,registration@techforwardsummit.com,,,QR Scan,4.12.3,EntranceD1,Day 1 Registration & Entry,
28-Apr-2026 09:29:33,hz3zsg9vwieb9,Michelle,Guo,Cloud & Infrastructure,michelle.guo@snowflake.com,Snowflake,Staff Infrastructure Engineer,US,Check-In,"Main Entrance, Level 1",Check History,iPad-Registration-01,registration@techforwardsummit.com,,,QR Scan,4.12.3,EntranceD1,Day 1 Registration & Entry,
28-Apr-2026 09:29:33,hz3zsg9vwieb9,Michelle,Guo,Cloud & Infrastructure,michelle.guo@snowflake.com,Snowflake,Staff Infrastructure Engineer,US,Print,"Main Entrance, Level 1",Check History,iPad-Registration-01,registration@techforwardsummit.com,,,QR Scan,4.12.3,EntranceD1,Day 1 Registration & Entry,
28-Apr-2026 09:32:22,44mw04i3dzxlr,Christine,Ricci,Media/Press,christine.ricci@techcrunch.com,TechCrunch,Tech Reporter,US,Check-In,"Main Entrance, Level 1",Check History,iPad-Registration-01,registration@techforwardsummit.com,,,QR Scan,4.12.3,EntranceD1,Day 1 Registration & Entry,
28-Apr-2026 09:32:22,44mw04i3dzxlr,Christine,Ricci,Media/Press,christine.ricci@techcrunch.com,TechCrunch,Tech Reporter,US,Print,"Main Entrance, Level 1",Check History,iPad-Registration-01,registration@techforwardsummit.com,,,QR Scan,4.12.3,EntranceD1,Day 1 Registration & Entry,
28-Apr-2026 09:32:36,ia6ykfcr6c1py,Ahmed,Luo,IT Consulting & SI,ahmed.luo@accenture.com,Accenture,Associate Director,IE,Check-In,"Main Entrance, Level 1",Check History,iPad-Registration-01,registration@techforwardsummit.com,,,QR Scan,4.12.3,EntranceD1,Day 1 Registration & Entry,
28-Apr-2026 09:32:36,ia6ykfcr6c1py,Ahmed,Luo,IT Consulting & SI,ahmed.luo@accenture.com,Accenture,Associate Director,IE,Print,"Main Entrance, Level 1",Check History,iPad-Registration-01,registration@techforwardsummit.com,,,QR Scan,4.12.3,EntranceD1,Day 1 Registration & Entry,
28-Apr-2026 09:33:17,0gnh8s2gt30gc,Stephanie,Koh,Hardware & Semiconductors,stephanie.koh@amd.com,AMD,Senior Chip Design Engineer,US,Check-In,"Main Entrance, Level 1",Check History,iPad-Registration-01,registration@techforwardsummit.com,,,QR Scan,4.12.3,EntranceD1,Day 1 Registration & Entry,
28-Apr-2026 09:33:17,0gnh8s2gt30gc,Stephanie,Koh,Hardware & Semiconductors,stephanie.koh@amd.com,AMD,Senior Chip Design Engineer,US,Print,"Main Entrance, Level 1",Check History,iPad-Registration-01,registration@techforwardsummit.com,,,QR Scan,4.12.3,EntranceD1,Day 1 Registration & Entry,
28-Apr-2026 09:35:42,6qgbfv9xomigc,Kwame,Peterson,Cybersecurity,kwame.peterson@sentinelone.com,SentinelOne,Senior Security Engineer,US,Check-In,"Main Entrance, Level 1",Check History,iPad-Registration-01,registration@techforwardsummit.com,,,QR Scan,4.12.3,EntranceD1,Day 1 Registration & Entry,
28-Apr-2026 09:35:42,6qgbfv9xomigc,Kwame,Peterson,Cybersecurity,kwame.peterson@sentinelone.com,SentinelOne,Senior Security Engineer,US,Print,"Main Entrance, Level 1",Check History,iPad-Registration-01,registration@techforwardsummit.com,,,QR Scan,4.12.3,EntranceD1,Day 1 Registration & Entry,
28-Apr-2026 09:36:01,9dnzwss9v66dq,Jennifer,Rossi,IT Consulting & SI,jennifer.rossi@hcltech.com,HCL Technologies,Agile Delivery Lead,IN,Check-In,"Main Entrance, Level 1",Check History,iPad-Registration-01,registration@techforwardsummit.com,,,QR Scan,4.12.3,EntranceD1,Day 1 Registration & Entry,
28-Apr-2026 09:36:01,9dnzwss9v66dq,Jennifer,Rossi,IT Consulting & SI,jennifer.rossi@hcltech.com,HCL Technologies,Agile Delivery Lead,IN,Print,"Main Entrance, Level 1",Check History,iPad-Registration-01,registration@techforwardsummit.com,,,QR Scan,4.12.3,EntranceD1,Day 1 Registration & Entry,
28-Apr-2026 09:37:28,q2vcieopts2q4,Sandra,Rogers,Dev Tools & Platforms,sandra.rogers@launchdarkly.com,LaunchDarkly,Head of Developer Relations,US,Check-In,"Main Entrance, Level 1",Check History,iPad-Registration-01,registration@techforwardsummit.com,,,QR Scan,4.12.3,EntranceD1,Day 1 Registration & Entry,
28-Apr-2026 09:37:28,q2vcieopts2q4,Sandra,Rogers,Dev Tools & Platforms,sandra.rogers@launchdarkly.com,LaunchDarkly,Head of Developer Relations,US,Print,"Main Entrance, Level 1",Check History,iPad-Registration-01,registration@techforwardsummit.com,,,QR Scan,4.12.3,EntranceD1,Day 1 Registration & Entry,
28-Apr-2026 09:37:35,2tw1bytxza43h,Shu,Trivedi,Enterprise Software,shu.trivedi@monday.com,monday.com,Chief Technology Officer,IL,Check-In,"Main Entrance, Level 1",Check History,iPad-Registration-01,registration@techforwardsummit.com,,,QR Scan,4.12.3,EntranceD1,Day 1 Registration & Entry,
28-Apr-2026 09:37:35,2tw1bytxza43h,Shu,Trivedi,Enterprise Software,shu.trivedi@monday.com,monday.com,Chief Technology Officer,IL,Print,"Main Entrance, Level 1",Check History,iPad-Registration-01,registration@techforwardsummit.com,,,QR Scan,4.12.3,EntranceD1,Day 1 Registration & Entry,
28-Apr-2026 09:39:13,gelw8ivi3rqas,Matthew,Liu,Dev Tools & Platforms,matthew.liu@gitlab.com,GitLab,Platform Product Manager,US,Check-In,"Main Entrance, Level 1",Check History,iPad-Registration-01,registration@techforwardsummit.com,,,QR Scan,4.12.3,EntranceD1,Day 1 Registration & Entry,
28-Apr-2026 09:39:13,gelw8ivi3rqas,Matthew,Liu,Dev Tools & Platforms,matthew.liu@gitlab.com,GitLab,Platform Product Manager,US,Print,"Main Entrance, Level 1",Check History,iPad-Registration-01,registration@techforwardsummit.com,,,QR Scan,4.12.3,EntranceD1,Day 1 Registration & Entry,
28-Apr-2026 10:03:33,cqwb00n114py4,Jason,Deng,IT Consulting & SI,jason.deng@mckinsey.com,McKinsey Digital,Managing Consultant,US,Check-In,"Main Entrance, Level 1",Check History,iPad-Registration-01,registration@techforwardsummit.com,,,QR Scan,4.12.3,EntranceD1,Day 1 Registration & Entry,
28-Apr-2026 10:03:33,cqwb00n114py4,Jason,Deng,IT Consulting & SI,jason.deng@mckinsey.com,McKinsey Digital,Managing Consultant,US,Print,"Main Entrance, Level 1",Check History,iPad-Registration-01,registration@techforwardsummit.com,,,QR Scan,4.12.3,EntranceD1,Day 1 Registration & Entry,
28-Apr-2026 10:05:23,0ic1l7dypmlva,Deepak,Phillips,VC & Private Equity,deepak.phillips@lsvp.com,Lightspeed Venture Partners,General Partner,US,Check-In,"Main Entrance, Level 1",Check History,iPad-Registration-01,registration@techforwardsummit.com,,,QR Scan,4.12.3,EntranceD1,Day 1 Registration & Entry,
28-Apr-2026 10:05:23,0ic1l7dypmlva,Deepak,Phillips,VC & Private Equity,deepak.phillips@lsvp.com,Lightspeed Venture Partners,General Partner,US,Print,"Main Entrance, Level 1",Check History,iPad-Registration-01,registration@techforwardsummit.com,,,QR Scan,4.12.3,EntranceD1,Day 1 Registration & Entry,
28-Apr-2026 10:30:24,j3s6ogq4ivn2q,Liang,Campbell,VC & Private Equity,liang.campbell@tigerglobal.com,Tiger Global,General Partner,US,Session scan In,Hall A — Congress Level,Session Scan,iPad-HallA-01,halla.ops@techforwardsummit.com,,,QR Scan,4.12.3,S02_GenAI,Generative AI in Production: Scaling LLMs for the Enterprise,
28-Apr-2026 10:30:25,hqzbc5f9e0kll,Rebecca,Petit,VC & Private Equity,rebecca.petit@softbank.com,SoftBank Vision Fund,Venture Associate,JP,Session scan In,Hall A — Congress Level,Session Scan,iPad-HallA-01,halla.ops@techforwardsummit.com,,,QR Scan,4.12.3,S02_GenAI,Generative AI in Production: Scaling LLMs for the Enterprise,
28-Apr-2026 10:30:29,w0vqpvtruml3f,Camila,Bianchi,AI & Data,camila.bianchi@langchain.com,LangChain,Applied Research Scientist,US,Session scan In,Hall A — Congress Level,Session Scan,iPad-HallA-01,halla.ops@techforwardsummit.com,,,QR Scan,4.12.3,S02_GenAI,Generative AI in Production: Scaling LLMs for the Enterprise,
28-Apr-2026 10:30:36,k5r0pnf3vclho,Budi,Chua,Cloud & Infrastructure,budi.chua@hashicorp.com,HashiCorp,Principal Solutions Architect,US,Session scan In,Hall B — Congress Level,Session Scan,iPad-HallB-01,hallb.ops@techforwardsummit.com,,,QR Scan,4.12.3,S03_CloudNative,Cloud-Native & Platform Engineering at Scale,
28-Apr-2026 10:30:39,uuxk0arec2jwj,Philip,Brown,Media/Press,philip.brown@technologyreview.com,MIT Technology Review,Contributing Writer,US,Session scan In,Hall B — Congress Level,Session Scan,iPad-HallB-01,hallb.ops@techforwardsummit.com,,,QR Scan,4.12.3,S03_CloudNative,Cloud-Native & Platform Engineering at Scale,
28-Apr-2026 10:30:41,twd1xmxb9yo18,Feng,Young,Enterprise Software,feng.young@sprinklr.com,Sprinklr,Principal Product Manager,US,Session scan In,Hall A — Congress Level,Session Scan,iPad-HallA-01,halla.ops@techforwardsummit.com,,,QR Scan,4.12.3,S02_GenAI,Generative AI in Production: Scaling LLMs for the Enterprise,
28-Apr-2026 10:30:41,mxsnwer8zdxhy,Shu,Khanna,VIP,shu.khanna@servicenow.com,ServiceNow,Chief Executive Officer,US,Session scan In,Hall A — Congress Level,Session Scan,iPad-HallA-01,halla.ops@techforwardsummit.com,,,QR Scan,4.12.3,S02_GenAI,Generative AI in Production: Scaling LLMs for the Enterprise,
28-Apr-2026 10:30:41,4ebo2j3ayiuke,Hye-Jin,Chaudhary,IT Consulting & SI,hyejin.chaudhary@slalom.com,Slalom,Technology Consultant,US,Session scan In,Hall B — Congress Level,Session Scan,iPad-HallB-01,hallb.ops@techforwardsummit.com,,,QR Scan,4.12.3,S03_CloudNative,Cloud-Native & Platform Engineering at Scale,
28-Apr-2026 10:30:42,fflzm764jwtek,Kento,Lee,Enterprise Software,kento.lee@intuit.com,Intuit,Senior Solutions Engineer,US,Session scan In,Hall B — Congress Level,Session Scan,iPad-HallB-01,hallb.ops@techforwardsummit.com,,,QR Scan,4.12.3,S03_CloudNative,Cloud-Native & Platform Engineering at Scale,
28-Apr-2026 10:30:51,4k9i14yn6zjuy,Abena,Song,Dev Tools & Platforms,abena.song@twilio.com,Twilio,Senior Developer Advocate,US,Session scan In,Hall B — Congress Level,Session Scan,iPad-HallB-01,hallb.ops@techforwardsummit.com,,,QR Scan,4.12.3,S03_CloudNative,Cloud-Native & Platform Engineering at Scale,
28-Apr-2026 10:30:51,k09ntn8eohdk5,Dylan,Nguyen,Hardware & Semiconductors,dylan.nguyen@qualcomm.com,Qualcomm,Senior Chip Design Engineer,US,Session scan In,Hall B — Congress Level,Session Scan,iPad-HallB-01,hallb.ops@techforwardsummit.com,,,QR Scan,4.12.3,S03_CloudNative,Cloud-Native & Platform Engineering at Scale,
28-Apr-2026 10:30:53,1l1vj35yrg29d,Ella,Yap,VC & Private Equity,ella.yap@sequoiacap.com,Sequoia Capital,Partner,US,Session scan In,Hall A — Congress Level,Session Scan,iPad-HallA-01,halla.ops@techforwardsummit.com,,,QR Scan,4.12.3,S02_GenAI,Generative AI in Production: Scaling LLMs for the Enterprise,
28-Apr-2026 10:30:53,f9i71a57e8a54,Sharon,Zhang,IT Consulting & SI,sharon.zhang@infosys.com,Infosys,Technology Consultant,IN,Session scan In,Hall A — Congress Level,Session Scan,iPad-HallA-01,halla.ops@techforwardsummit.com,,,QR Scan,4.12.3,S02_GenAI,Generative AI in Production: Scaling LLMs for the Enterprise,
28-Apr-2026 10:30:57,2vqymhp9nymso,Sakura,Harris,IT Consulting & SI,sakura.harris@tcs.com,TCS,Cloud Migration Specialist,IN,Session scan In,Hall A — Congress Level,Session Scan,iPad-HallA-01,halla.ops@techforwardsummit.com,,,QR Scan,4.12.3,S02_GenAI,Generative AI in Production: Scaling LLMs for the Enterprise,
28-Apr-2026 10:31:02,b3pkbqy3ot760,Aoi,Hassan,Enterprise Software,aoi.hassan@oracle.com,Oracle,Engineering Manager,US,Session scan In,Hall A — Congress Level,Session Scan,iPad-HallA-01,halla.ops@techforwardsummit.com,,,QR Scan,4.12.3,S02_GenAI,Generative AI in Production: Scaling LLMs for the Enterprise,
28-Apr-2026 10:31:05,4fpuh7znjzhob,Deborah,White,Enterprise Software,deborah.white@servicenow.com,ServiceNow,Solutions Architect,US,Session scan In,Hall A — Congress Level,Session Scan,iPad-HallA-01,halla.ops@techforwardsummit.com,,,QR Scan,4.12.3,S02_GenAI,Generative AI in Production: Scaling LLMs for the Enterprise,
28-Apr-2026 10:31:08,k87n4unffqi1h,Richard,Toh,Cloud & Infrastructure,richard.toh@hashicorp.com,HashiCorp,Head of Developer Relations,US,Session scan In,Hall A — Congress Level,Session Scan,iPad-HallA-01,halla.ops@techforwardsummit.com,,,QR Scan,4.12.3,S02_GenAI,Generative AI in Production: Scaling LLMs for the Enterprise,
28-Apr-2026 10:31:10,sug5hcbbmhnqo,Margaret,Weber,Dev Tools & Platforms,margaret.weber@github.com,GitHub,Developer Success Manager,US,Session scan In,Hall B — Congress Level,Session Scan,iPad-HallB-01,hallb.ops@techforwardsummit.com,,,QR Scan,4.12.3,S03_CloudNative,Cloud-Native & Platform Engineering at Scale,
28-Apr-2026 10:31:13,ehwhg0u43qlx3,Jeffrey,White,Dev Tools & Platforms,jeffrey.white@temporal.io,Temporal,Community Manager,US,Session scan In,Hall A — Congress Level,Session Scan,iPad-HallA-01,halla.ops@techforwardsummit.com,,,QR Scan,4.12.3,S02_GenAI,Generative AI in Production: Scaling LLMs for the Enterprise,
28-Apr-2026 10:31:18,hnnk8fwrpk0zf,Priya,Santos,IT Consulting & SI,priya.santos@nttdata.com,NTT Data,Director of Technology,JP,Session scan In,Hall B — Congress Level,Session Scan,iPad-HallB-01,hallb.ops@techforwardsummit.com,,,QR Scan,4.12.3,S03_CloudNative,Cloud-Native & Platform Engineering at Scale,
28-Apr-2026 10:31:18,127exvda4l3kh,Elena,Xie,IT Consulting & SI,elena.xie@infosys.com,Infosys,Technology Consultant,IN,Session scan In,Hall B — Congress Level,Session Scan,iPad-HallB-01,hallb.ops@techforwardsummit.com,,,QR Scan,4.12.3,S03_CloudNative,Cloud-Native & Platform Engineering at Scale,
28-Apr-2026 10:31:24,d78prwy8zoi9h,Matthew,Phillips,Enterprise Software,matthew.phillips@microsoft.com,Microsoft,Director of Engineering,US,Session scan In,Hall B — Congress Level,Session Scan,iPad-HallB-01,hallb.ops@techforwardsummit.com,,,QR Scan,4.12.3,S03_CloudNative,Cloud-Native & Platform Engineering at Scale,
28-Apr-2026 10:31:27,v35xudkitmaf9,Deborah,Phillips,IT Consulting & SI,deborah.phillips@ibm.com,IBM Consulting,Technology Consultant,US,Session scan In,Hall A — Congress Level,Session Scan,iPad-HallA-01,halla.ops@techforwardsummit.com,,,QR Scan,4.12.3,S02_GenAI,Generative AI in Production: Scaling LLMs for the Enterprise,
28-Apr-2026 10:31:30,z2ads83gyziep,Hui,Ito,IT Consulting & SI,hui.ito@deloitte.com,Deloitte Technology,Senior Technology Consultant,US,Session scan In,Hall A — Congress Level,Session Scan,iPad-HallA-01,halla.ops@techforwardsummit.com,,,QR Scan,4.12.3,S02_GenAI,Generative AI in Production: Scaling LLMs for the Enterprise,
28-Apr-2026 10:31:34,sj3l0xzamkygv,Hans,Wu,Hardware & Semiconductors,hans.wu@sambanova.ai,SambaNova Systems,Senior Chip Design Engineer,US,Session scan In,Hall A — Congress Level,Session Scan,iPad-HallA-01,halla.ops@techforwardsummit.com,,,QR Scan,4.12.3,S02_GenAI,Generative AI in Production: Scaling LLMs for the Enterprise,
28-Apr-2026 10:31:38,ml12p5wpvi06b,Nicholas,Bose,AI & Data,nicholas.bose@databricks.com,Databricks,Head of Data Science,US,Session scan In,Hall A — Congress Level,Session Scan,iPad-HallA-01,halla.ops@techforwardsummit.com,,,QR Scan,4.12.3,S02_GenAI,Generative AI in Production: Scaling LLMs for the Enterprise,
28-Apr-2026 10:31:40,nwg3zrzq0v4ps,Daniel,Parker,IT Consulting & SI,daniel.parker@mckinsey.com,McKinsey Digital,Managing Consultant,US,Session scan In,Hall A — Congress Level,Session Scan,iPad-HallA-01,halla.ops@techforwardsummit.com,,,QR Scan,4.12.3,S02_GenAI,Generative AI in Production: Scaling LLMs for the Enterprise,
28-Apr-2026 10:31:44,8pe74add0gn7r,Budi,Kumar,IT Consulting & SI,budi.kumar@tcs.com,TCS,Managing Consultant,IN,Session scan In,Hall B — Congress Level,Session Scan,iPad-HallB-01,hallb.ops@techforwardsummit.com,,,QR Scan,4.12.3,S03_CloudNative,Cloud-Native & Platform Engineering at Scale,
28-Apr-2026 10:31:52,a3yjtu7fbmenu,Kathleen,Peterson,Dev Tools & Platforms,kathleen.peterson@jfrog.com,JFrog,Platform Product Manager,US,Session scan In,Hall B — Congress Level,Session Scan,iPad-HallB-01,hallb.ops@techforwardsummit.com,,,QR Scan,4.12.3,S03_CloudNative,Cloud-Native & Platform Engineering at Scale,
28-Apr-2026 10:32:08,fqt49qpeq6yf8,Sofia,Asante,Enterprise Software,sofia.asante@zendesk.com,Zendesk,"Account Executive, Enterprise",US,Session scan In,Hall B — Congress Level,Session Scan,iPad-HallB-01,hallb.ops@techforwardsummit.com,,,QR Scan,4.12.3,S03_CloudNative,Cloud-Native & Platform Engineering at Scale,
28-Apr-2026 10:32:15,lgqe6xb1z337c,Wei,Bhatt,AI & Data,wei.bhatt@h2o.ai,H2O.ai,AI/ML Platform Lead,US,Session scan In,Hall A — Congress Level,Session Scan,iPad-HallA-01,halla.ops@techforwardsummit.com,,,QR Scan,4.12.3,S02_GenAI,Generative AI in Production: Scaling LLMs for the Enterprise,
28-Apr-2026 10:32:17,6ridlofas1ekt,Pablo,Clarke,AI & Data,pablo.clarke@together.ai,Together AI,Head of Data Science,US,Session scan In,Hall A — Congress Level,Session Scan,iPad-HallA-01,halla.ops@techforwardsummit.com,,,QR Scan,4.12.3,S02_GenAI,Generative AI in Production: Scaling LLMs for the Enterprise,
28-Apr-2026 10:32:23,a5cgwfhdv37ic,Omar,Cao,Dev Tools & Platforms,omar.cao@stripe.com,Stripe,Developer Success Manager,US,Session scan In,Hall B — Congress Level,Session Scan,iPad-HallB-01,hallb.ops@techforwardsummit.com,,,QR Scan,4.12.3,S03_CloudNative,Cloud-Native & Platform Engineering at Scale,
28-Apr-2026 10:32:30,vhplhw4oq0pfr,Ren,Evans,Hardware & Semiconductors,ren.evans@groq.com,Groq,Principal VLSI Engineer,US,Session scan In,Hall A — Congress Level,Session Scan,iPad-HallA-01,halla.ops@techforwardsummit.com,,,QR Scan,4.12.3,S02_GenAI,Generative AI in Production: Scaling LLMs for the Enterprise,
28-Apr-2026 10:32:33,xgumdf4nzkrsn,Fatimah,Iyer,Dev Tools & Platforms,fatimah.iyer@gitlab.com,GitLab,Head of Developer Relations,US,Session scan In,Hall A — Congress Level,Session Scan,iPad-HallA-01,halla.ops@techforwardsummit.com,,,QR Scan,4.12.3,S02_GenAI,Generative AI in Production: Scaling LLMs for the Enterprise,
28-Apr-2026 10:32:34,adi5uujzr0fcy,Lisa,Taylor,Enterprise Software,lisa.taylor@salesforce.com,Salesforce,Engineering Manager,US,Session scan In,Hall A — Congress Level,Session Scan,iPad-HallA-01,halla.ops@techforwardsummit.com,,,QR Scan,4.12.3,S02_GenAI,Generative AI in Production: Scaling LLMs for the Enterprise,
28-Apr-2026 10:32:37,hpcocwmij5rno,Lin,Evans,Dev Tools & Platforms,lin.evans@stripe.com,Stripe,Platform Product Manager,US,Session scan In,Hall A — Congress Level,Session Scan,iPad-HallA-01,halla.ops@techforwardsummit.com,,,QR Scan,4.12.3,S02_GenAI,Generative AI in Production: Scaling LLMs for the Enterprise,
28-Apr-2026 10:32:41,1aatn209qvwas,Seo-Yeon,Lee,Dev Tools & Platforms,seoyeon.lee@konghq.com,Kong,Staff Software Engineer,US,Session scan In,Hall A — Congress Level,Session Scan,iPad-HallA-01,halla.ops@techforwardsummit.com,,,QR Scan,4.12.3,S02_GenAI,Generative AI in Production: Scaling LLMs for the Enterprise,
28-Apr-2026 10:32:55,ahukwqvr1h61i,Sarah,Zhou,IT Consulting & SI,sarah.zhou@accenture.com,Accenture,"Solution Architect, Digital",IE,Session scan In,Hall B — Congress Level,Session Scan,iPad-HallB-01,hallb.ops@techforwardsummit.com,,,QR Scan,4.12.3,S03_CloudNative,Cloud-Native & Platform Engineering at Scale,
28-Apr-2026 10:32:57,u9vdow6jfpy77,Ella,Allen,Cybersecurity,ella.allen@crowdstrike.com,CrowdStrike,Threat Intelligence Analyst,US,Session scan In,Hall A — Congress Level,Session Scan,iPad-HallA-01,halla.ops@techforwardsummit.com,,,QR Scan,4.12.3,S02_GenAI,Generative AI in Production: Scaling LLMs for the Enterprise,
28-Apr-2026 10:33:03,qeoz0kz4z7whw,Priya,Fischer,Cloud & Infrastructure,priya.fischer@digitalocean.com,DigitalOcean,Principal Solutions Architect,US,Session scan In,Hall A — Congress Level,Session Scan,iPad-HallA-01,halla.ops@techforwardsummit.com,,,QR Scan,4.12.3,S02_GenAI,Generative AI in Production: Scaling LLMs for the Enterprise,
28-Apr-2026 10:33:04,hlozesjncrbvx,Vikram,Hansen,IT Consulting & SI,vikram.hansen@mckinsey.com,McKinsey Digital,Cloud Migration Specialist,US,Session scan In,Hall A — Congress Level,Session Scan,iPad-HallA-01,halla.ops@techforwardsummit.com,,,QR Scan,4.12.3,S02_GenAI,Generative AI in Production: Scaling LLMs for the Enterprise,
28-Apr-2026 10:33:07,iviss8jltcbw6,David,Patel,Staff,david.patel@fielddrive.com,FieldDrive Events,Technical Support Specialist,BE,Session scan In,Hall A — Congress Level,Session Scan,iPad-HallA-01,halla.ops@techforwardsummit.com,,,QR Scan,4.12.3,S02_GenAI,Generative AI in Production: Scaling LLMs for the Enterprise,
28-Apr-2026 10:33:09,miffvmam3jkx2,Arthur,Feng,Enterprise Software,arthur.feng@microsoft.com,Microsoft,Staff Software Engineer,US,Session scan In,Hall A — Congress Level,Session Scan,iPad-HallA-01,halla.ops@techforwardsummit.com,,,QR Scan,4.12.3,S02_GenAI,Generative AI in Production: Scaling LLMs for the Enterprise,
28-Apr-2026 10:33:12,qw5dsk7n8la10,Ali,Tang,Dev Tools & Platforms,ali.tang@temporal.io,Temporal,Senior Developer Advocate,US,Session scan In,Hall B — Congress Level,Session Scan,iPad-HallB-01,hallb.ops@techforwardsummit.com,,,QR Scan,4.12.3,S03_CloudNative,Cloud-Native & Platform Engineering at Scale,
28-Apr-2026 10:33:25,tp8ak8s2xquzs,Kunal,Koh,IT Consulting & SI,kunal.koh@deloitte.com,Deloitte Technology,Associate Director,US,Session scan In,Hall A — Congress Level,Session Scan,iPad-HallA-01,halla.ops@techforwardsummit.com,,,QR Scan,4.12.3,S02_GenAI,Generative AI in Production: Scaling LLMs for the Enterprise,
28-Apr-2026 10:33:27,neftz53c5dwum,Adam,Jones,IT Consulting & SI,adam.jones@cognizant.com,Cognizant,VP of Digital Transformation,US,Session scan In,Hall A — Congress Level,Session Scan,iPad-HallA-01,halla.ops@techforwardsummit.com,,,QR Scan,4.12.3,S02_GenAI,Generative AI in Production: Scaling LLMs for the Enterprise,
28-Apr-2026 10:33:35,cwzl87fj8b0uf,Hui,Peterson,IT Consulting & SI,hui.peterson@capgemini.com,Capgemini,Director of Technology,FR,Session scan In,Hall A — Congress Level,Session Scan,iPad-HallA-01,halla.ops@techforwardsummit.com,,,QR Scan,4.12.3,S02_GenAI,Generative AI in Production: Scaling LLMs for the Enterprise,
28-Apr-2026 10:33:40,8osaq3eq8dh9p,Hyun,Torres,AI & Data,hyun.torres@palantir.com,Palantir Technologies,Data Engineer,US,Session scan In,Hall A — Congress Level,Session Scan,iPad-HallA-01,halla.ops@techforwardsummit.com,,,QR Scan,4.12.3,S02_GenAI,Generative AI in Production: Scaling LLMs for the Enterprise,
28-Apr-2026 10:33:42,875trjib739sy,Judith,Gao,Enterprise Software,judith.gao@atlassian.com,Atlassian,Customer Success Manager,AU,Session scan In,Hall B — Congress Level,Session Scan,iPad-HallB-01,hallb.ops@techforwardsummit.com,,,QR Scan,4.12.3,S03_CloudNative,Cloud-Native & Platform Engineering at Scale,
28-Apr-2026 10:33:50,4i1agzgxvxc6s,Margaret,Sato,Hardware & Semiconductors,margaret.sato@mediatek.com,MediaTek,Chief Technology Officer,TW,Session scan In,Hall A — Congress Level,Session Scan,iPad-HallA-01,halla.ops@techforwardsummit.com,,,QR Scan,4.12.3,S02_GenAI,Generative AI in Production: Scaling LLMs for the Enterprise,
28-Apr-2026 10:33:52,jfm03tdv0iqf1,Jacob,Ito,IT Consulting & SI,jacob.ito@deloitte.com,Deloitte Technology,Managing Consultant,US,Session scan In,Hall B — Congress Level,Session Scan,iPad-HallB-01,hallb.ops@techforwardsummit.com,,,QR Scan,4.12.3,S03_CloudNative,Cloud-Native & Platform Engineering at Scale,
28-Apr-2026 10:34:10,oej81o082sfr2,Abena,Kobayashi,Dev Tools & Platforms,abena.kobayashi@postman.com,Postman,Senior Developer Advocate,US,Session scan In,Hall B — Congress Level,Session Scan,iPad-HallB-01,hallb.ops@techforwardsummit.com,,,QR Scan,4.12.3,S03_CloudNative,Cloud-Native & Platform Engineering at Scale,
28-Apr-2026 10:34:11,gvtn4ypkw7493,Anthony,Lewis,Enterprise Software,anthony.lewis@salesforce.com,Salesforce,Solutions Architect,US,Session scan In,Hall A — Congress Level,Session Scan,iPad-HallA-01,halla.ops@techforwardsummit.com,,,QR Scan,4.12.3,S02_GenAI,Generative AI in Production: Scaling LLMs for the Enterprise,
28-Apr-2026 10:34:19,ubm9xhcgryqy4,Jae-Won,Pandey,Cybersecurity,jaewon.pandey@snyk.io,Snyk,Senior Security Engineer,GB,Session scan In,Hall B — Congress Level,Session Scan,iPad-HallB-01,hallb.ops@techforwardsummit.com,,,QR Scan,4.12.3,S03_CloudNative,Cloud-Native & Platform Engineering at Scale,
28-Apr-2026 10:34:23,zpy9qzo7io2f2,Pranav,Sanchez,Media/Press,pranav.sanchez@theverge.com,The Verge,Contributing Writer,US,Session scan In,Hall A — Congress Level,Session Scan,iPad-HallA-01,halla.ops@techforwardsummit.com,,,QR Scan,4.12.3,S02_GenAI,Generative AI in Production: Scaling LLMs for the Enterprise,
28-Apr-2026 10:34:24,nytk1zwuhywm7,Riko,Mueller,IT Consulting & SI,riko.mueller@thoughtworks.com,Thoughtworks,Technology Consultant,US,Session scan In,Hall A — Congress Level,Session Scan,iPad-HallA-01,halla.ops@techforwardsummit.com,,,QR Scan,4.12.3,S02_GenAI,Generative AI in Production: Scaling LLMs for the Enterprise,
28-Apr-2026 10:34:31,049enulqjidkn,Ingrid,Zhu,Cloud & Infrastructure,ingrid.zhu@akamai.com,Akamai Technologies,Developer Advocate,US,Session scan In,Hall A — Congress Level,Session Scan,iPad-HallA-01,halla.ops@techforwardsummit.com,,,QR Scan,4.12.3,S02_GenAI,Generative AI in Production: Scaling LLMs for the Enterprise,
28-Apr-2026 10:34:34,ppnl6rnkwxzwl,Dylan,He,IT Consulting & SI,dylan.he@capgemini.com,Capgemini,Senior Technology Consultant,FR,Session scan In,Hall A — Congress Level,Session Scan,iPad-HallA-01,halla.ops@techforwardsummit.com,,,QR Scan,4.12.3,S02_GenAI,Generative AI in Production: Scaling LLMs for the Enterprise,
28-Apr-2026 10:34:38,16xeghpmxpkn3,William,Gray,Enterprise Software,william.gray@microsoft.com,Microsoft,Director of Engineering,US,Session scan In,Hall A — Congress Level,Session Scan,iPad-HallA-01,halla.ops@techforwardsummit.com,,,QR Scan,4.12.3,S02_GenAI,Generative AI in Production: Scaling LLMs for the Enterprise,
28-Apr-2026 10:34:38,2srl3vzzxt9qu,Helen,Tang,AI & Data,helen.tang@databricks.com,Databricks,AI/ML Platform Lead,US,Session scan In,Hall B — Congress Level,Session Scan,iPad-HallB-01,hallb.ops@techforwardsummit.com,,,QR Scan,4.12.3,S03_CloudNative,Cloud-Native & Platform Engineering at Scale,
28-Apr-2026 10:34:38,nrhzn4kgeuidj,Eric,Choi,Enterprise Software,eric.choi@servicenow.com,ServiceNow,Solutions Architect,US,Session scan In,Hall B — Congress Level,Session Scan,iPad-HallB-01,hallb.ops@techforwardsummit.com,,,QR Scan,4.12.3,S03_CloudNative,Cloud-Native & Platform Engineering at Scale,
28-Apr-2026 10:34:41,ctdsdjt3br4f2,Juan,Sim,Cloud & Infrastructure,juan.sim@cloudflare.com,Cloudflare,Principal Solutions Architect,US,Session scan In,Hall A — Congress Level,Session Scan,iPad-HallA-01,halla.ops@techforwardsummit.com,,,QR Scan,4.12.3,S02_GenAI,Generative AI in Production: Scaling LLMs for the Enterprise,
28-Apr-2026 10:34:43,a1i10pkap7wr1,Hana,Rahman,IT Consulting & SI,hana.rahman@mckinsey.com,McKinsey Digital,"Solution Architect, Digital",US,Session scan In,Hall A — Congress Level,Session Scan,iPad-HallA-01,halla.ops@techforwardsummit.com,,,QR Scan,4.12.3,S02_GenAI,Generative AI in Production: Scaling LLMs for the Enterprise,
28-Apr-2026 10:35:00,9leokqjuwxu2h,Patrick,Reddy,Cybersecurity,patrick.reddy@paloaltonetworks.com,Palo Alto Networks,CISO,US,Session scan In,Hall A — Congress Level,Session Scan,iPad-HallA-01,halla.ops@techforwardsummit.com,,,QR Scan,4.12.3,S02_GenAI,Generative AI in Production: Scaling LLMs for the Enterprise,
28-Apr-2026 10:35:02,25q30zx815g5f,Adam,Ma,Hardware & Semiconductors,adam.ma@intel.com,Intel,AI Hardware Architect,US,Session scan In,Hall B — Congress Level,Session Scan,iPad-HallB-01,hallb.ops@techforwardsummit.com,,,QR Scan,4.12.3,S03_CloudNative,Cloud-Native & Platform Engineering at Scale,
28-Apr-2026 10:35:07,tmik5z9rvkmcx,Lucas,Foo,AI & Data,lucas.foo@h2o.ai,H2O.ai,Chief AI Officer,US,Session scan In,Hall A — Congress Level,Session Scan,iPad-HallA-01,halla.ops@techforwardsummit.com,,,QR Scan,4.12.3,S02_GenAI,Generative AI in Production: Scaling LLMs for the Enterprise,
28-Apr-2026 10:35:07,k3qmvifiit201,Patrick,Lim,Enterprise Software,patrick.lim@adobe.com,Adobe,VP of Engineering,US,Session scan In,Hall A — Congress Level,Session Scan,iPad-HallA-01,halla.ops@techforwardsummit.com,,,QR Scan,4.12.3,S02_GenAI,Generative AI in Production: Scaling LLMs for the Enterprise,
28-Apr-2026 10:35:13,4b2rcybrxodhs,Miku,Sharma,Cloud & Infrastructure,miku.sharma@aws.amazon.com,Amazon Web Services,Platform Engineer,US,Session scan In,Hall B — Congress Level,Session Scan,iPad-HallB-01,hallb.ops@techforwardsummit.com,,,QR Scan,4.12.3,S03_CloudNative,Cloud-Native & Platform Engineering at Scale,
28-Apr-2026 10:35:17,i076a3kkrzd5e,Nadia,Lin,Staff,nadia.lin@techforwardsummit.com,TechForward Organising Committee,Venue Operations Staff,SG,Session scan In,Hall B — Congress Level,Session Scan,iPad-HallB-01,hallb.ops@techforwardsummit.com,,,QR Scan,4.12.3,S03_CloudNative,Cloud-Native & Platform Engineering at Scale,
28-Apr-2026 10:35:39,gxbrytivr40dm,Lucas,Richardson,VC & Private Equity,lucas.richardson@bvp.com,Bessemer Venture Partners,Venture Associate,US,Session scan In,Hall A — Congress Level,Session Scan,iPad-HallA-01,halla.ops@techforwardsummit.com,,,QR Scan,4.12.3,S02_GenAI,Generative AI in Production: Scaling LLMs for the Enterprise,
28-Apr-2026 10:35:40,4ebc94e6nkar1,Cynthia,Gao,IT Consulting & SI,cynthia.gao@capgemini.com,Capgemini,Technology Consultant,FR,Session scan In,Hall A — Congress Level,Session Scan,iPad-HallA-01,halla.ops@techforwardsummit.com,,,QR Scan,4.12.3,S02_GenAI,Generative AI in Production: Scaling LLMs for the Enterprise,
28-Apr-2026 10:35:53,ygo2ype4cwsjb,Alejandro,Thomas,Enterprise Software,alejandro.thomas@hubspot.com,HubSpot,Engineering Manager,US,Session scan In,Hall A — Congress Level,Session Scan,iPad-HallA-01,halla.ops@techforwardsummit.com,,,QR Scan,4.12.3,S02_GenAI,Generative AI in Production: Scaling LLMs for the Enterprise,
28-Apr-2026 10:35:57,ko31nzsxpefj3,Rania,Le,Enterprise Software,rania.le@microsoft.com,Microsoft,Customer Success Manager,US,Session scan In,Hall B — Congress Level,Session Scan,iPad-HallB-01,hallb.ops@techforwardsummit.com,,,QR Scan,4.12.3,S03_CloudNative,Cloud-Native & Platform Engineering at Scale,
28-Apr-2026 10:36:04,54rjsxfoh9mbu,Juan,He,Enterprise Software,juan.he@atlassian.com,Atlassian,Senior Solutions Engineer,AU,Session scan In,Hall A — Congress Level,Session Scan,iPad-HallA-01,halla.ops@techforwardsummit.com,,,QR Scan,4.12.3,S02_GenAI,Generative AI in Production: Scaling LLMs for the Enterprise,
28-Apr-2026 10:36:32,i5vrz38efe9va,Aoi,Chatterjee,VC & Private Equity,aoi.chatterjee@sequoiacap.com,Sequoia Capital,Principal,US,Session scan In,Hall A — Congress Level,Session Scan,iPad-HallA-01,halla.ops@techforwardsummit.com,,,QR Scan,4.12.3,S02_GenAI,Generative AI in Production: Scaling LLMs for the Enterprise,
28-Apr-2026 10:36:52,99u26uon8cnrl,Shan,Ho,VC & Private Equity,shan.ho@sequoiacap.com,Sequoia Capital,Principal,US,Session scan In,Hall B — Congress Level,Session Scan,iPad-HallB-01,hallb.ops@techforwardsummit.com,,,QR Scan,4.12.3,S03_CloudNative,Cloud-Native & Platform Engineering at Scale,
28-Apr-2026 10:36:54,4k9i14yn6zjuy,Abena,Song,Dev Tools & Platforms,abena.song@twilio.com,Twilio,Senior Developer Advocate,US,Session scan In,Hall A — Congress Level,Session Scan,iPad-HallA-01,halla.ops@techforwardsummit.com,,,QR Scan,4.12.3,S02_GenAI,Generative AI in Production: Scaling LLMs for the Enterprise,
28-Apr-2026 10:37:02,dw7v1qsa11ptk,Richard,Wang,Dev Tools & Platforms,richard.wang@twilio.com,Twilio,Chief Revenue Officer,US,Session scan In,Hall B — Congress Level,Session Scan,iPad-HallB-01,hallb.ops@techforwardsummit.com,,,QR Scan,4.12.3,S03_CloudNative,Cloud-Native & Platform Engineering at Scale,
28-Apr-2026 10:37:10,rxttqu6l2ink4,Michelle,Das,IT Consulting & SI,michelle.das@nttdata.com,NTT Data,Managing Consultant,JP,Session scan In,Hall A — Congress Level,Session Scan,iPad-HallA-01,halla.ops@techforwardsummit.com,,,QR Scan,4.12.3,S02_GenAI,Generative AI in Production: Scaling LLMs for the Enterprise,
28-Apr-2026 10:37:10,kcmnt6u777ldm,Sara,Zhao,Enterprise Software,sara.zhao@oracle.com,Oracle,Solutions Architect,US,Session scan In,Hall A — Congress Level,Session Scan,iPad-HallA-01,halla.ops@techforwardsummit.com,,,QR Scan,4.12.3,S02_GenAI,Generative AI in Production: Scaling LLMs for the Enterprise,
28-Apr-2026 10:37:14,ccu3fg00zkom2,Carmen,Brown,Cybersecurity,carmen.brown@fortinet.com,Fortinet,Security Sales Engineer,US,Session scan In,Hall A — Congress Level,Session Scan,iPad-HallA-01,halla.ops@techforwardsummit.com,,,QR Scan,4.12.3,S02_GenAI,Generative AI in Production: Scaling LLMs for the Enterprise,
28-Apr-2026 10:37:24,bggrmqdzpjl9r,Sipho,Gupta,IT Consulting & SI,sipho.gupta@accenture.com,Accenture,"Partner, Technology Practice",IE,Session scan In,Hall A — Congress Level,Session Scan,iPad-HallA-01,halla.ops@techforwardsummit.com,,,QR Scan,4.12.3,S02_GenAI,Generative AI in Production: Scaling LLMs for the Enterprise,
28-Apr-2026 10:37:46,kvpjrmeyy1em3,Nadia,Nguyen,Enterprise Software,nadia.nguyen@freshworks.com,Freshworks,Chief Technology Officer,IN,Session scan In,Hall B — Congress Level,Session Scan,iPad-HallB-01,hallb.ops@techforwardsummit.com,,,QR Scan,4.12.3,S03_CloudNative,Cloud-Native & Platform Engineering at Scale,
28-Apr-2026 10:37:52,0anik5j42oi6o,Emma,Miller,AI & Data,emma.miller@databricks.com,Databricks,Senior Data Scientist,US,Session scan In,Hall B — Congress Level,Session Scan,iPad-HallB-01,hallb.ops@techforwardsummit.com,,,QR Scan,4.12.3,S03_CloudNative,Cloud-Native & Platform Engineering at Scale,
28-Apr-2026 10:38:10,wa6m96m5u2tlu,Christine,Lewis,IT Consulting & SI,christine.lewis@nttdata.com,NTT Data,Associate Director,JP,Session scan In,Hall A — Congress Level,Session Scan,iPad-HallA-01,halla.ops@techforwardsummit.com,,,QR Scan,4.12.3,S02_GenAI,Generative AI in Production: Scaling LLMs for the Enterprise,
28-Apr-2026 10:38:10,4fpuh7znjzhob,Deborah,White,Enterprise Software,deborah.white@servicenow.com,ServiceNow,Solutions Architect,US,Session scan In,Hall B — Congress Level,Session Scan,iPad-HallB-01,hallb.ops@techforwardsummit.com,,,QR Scan,4.12.3,S03_CloudNative,Cloud-Native & Platform Engineering at Scale,
28-Apr-2026 10:38:14,wh50jyook63rv,Henrik,Becker,Enterprise Software,henrik.becker@freshworks.com,Freshworks,Senior Product Manager,IN,Session scan In,Hall A — Congress Level,Session Scan,iPad-HallA-01,halla.ops@techforwardsummit.com,,,QR Scan,4.12.3,S02_GenAI,Generative AI in Production: Scaling LLMs for the Enterprise,
28-Apr-2026 10:38:26,amhv1f070vk32,Akiko,Evans,Enterprise Software,akiko.evans@atlassian.com,Atlassian,Senior Product Manager,AU,Session scan In,Hall A — Congress Level,Session Scan,iPad-HallA-01,halla.ops@techforwardsummit.com,,,QR Scan,4.12.3,S02_GenAI,Generative AI in Production: Scaling LLMs for the Enterprise,
28-Apr-2026 10:39:13,dtzj2l72v08kt,Ren,Anderson,Dev Tools & Platforms,ren.anderson@konghq.com,Kong,Solutions Engineer,US,Session scan In,Hall A — Congress Level,Session Scan,iPad-HallA-01,halla.ops@techforwardsummit.com,,,QR Scan,4.12.3,S02_GenAI,Generative AI in Production: Scaling LLMs for the Enterprise,
28-Apr-2026 10:39:14,802xvxitifxzi,Fazilah,Santos,IT Consulting & SI,fazilah.santos@ey.com,EY Technology,Associate Director,GB,Session scan In,Hall A — Congress Level,Session Scan,iPad-HallA-01,halla.ops@techforwardsummit.com,,,QR Scan,4.12.3,S02_GenAI,Generative AI in Production: Scaling LLMs for the Enterprise,
28-Apr-2026 10:39:15,ctdsdjt3br4f2,Juan,Sim,Cloud & Infrastructure,juan.sim@cloudflare.com,Cloudflare,Principal Solutions Architect,US,Session scan In,Hall B — Congress Level,Session Scan,iPad-HallB-01,hallb.ops@techforwardsummit.com,,,QR Scan,4.12.3,S03_CloudNative,Cloud-Native & Platform Engineering at Scale,
28-Apr-2026 10:39:26,bnw8bkxcgw1vg,Sanjay,Rodrigues,Hardware & Semiconductors,sanjay.rodrigues@marvell.com,Marvell Technology,Chief Technology Officer,US,Session scan In,Hall A — Congress Level,Session Scan,iPad-HallA-01,halla.ops@techforwardsummit.com,,,QR Scan,4.12.3,S02_GenAI,Generative AI in Production: Scaling LLMs for the Enterprise,
28-Apr-2026 10:39:37,od7rb1s9dwd7o,George,Ward,Cybersecurity,george.ward@zscaler.com,Zscaler,Security Sales Engineer,US,Session scan In,Hall B — Congress Level,Session Scan,iPad-HallB-01,hallb.ops@techforwardsummit.com,,,QR Scan,4.12.3,S03_CloudNative,Cloud-Native & Platform Engineering at Scale,
28-Apr-2026 10:39:53,l7u4gp59z025j,Min-Soo,Guo,AI & Data,minsoo.guo@huggingface.co,Hugging Face,Data Engineer,US,Session scan In,Hall A — Congress Level,Session Scan,iPad-HallA-01,halla.ops@techforwardsummit.com,,,QR Scan,4.12.3,S02_GenAI,Generative AI in Production: Scaling LLMs for the Enterprise,
28-Apr-2026 10:40:04,r43ur4mfjhoja,Kavita,Anderson,AI & Data,kavita.anderson@h2o.ai,H2O.ai,Head of Data Science,US,Session scan In,Hall B — Congress Level,Session Scan,iPad-HallB-01,hallb.ops@techforwardsummit.com,,,QR Scan,4.12.3,S03_CloudNative,Cloud-Native & Platform Engineering at Scale,
28-Apr-2026 10:40:07,9bc2be3yqy5fu,Andrew,Taylor,IT Consulting & SI,andrew.taylor@thoughtworks.com,Thoughtworks,VP of Digital Transformation,US,Session scan In,Hall B — Congress Level,Session Scan,iPad-HallB-01,hallb.ops@techforwardsummit.com,,,QR Scan,4.12.3,S03_CloudNative,Cloud-Native & Platform Engineering at Scale,
28-Apr-2026 10:40:27,immnstouifjil,Isabelle,Jackson,Cloud & Infrastructure,isabelle.jackson@cloud.google.com,Google Cloud,Chief Technology Officer,US,Session scan In,Hall A — Congress Level,Session Scan,iPad-HallA-01,halla.ops@techforwardsummit.com,,,QR Scan,4.12.3,S02_GenAI,Generative AI in Production: Scaling LLMs for the Enterprise,
28-Apr-2026 10:40:30,mlquh50opf060,Hao,Baker,AI & Data,hao.baker@palantir.com,Palantir Technologies,Research Scientist,US,Session scan In,Hall B — Congress Level,Session Scan,iPad-HallB-01,hallb.ops@techforwardsummit.com,,,QR Scan,4.12.3,S03_CloudNative,Cloud-Native & Platform Engineering at Scale,
28-Apr-2026 10:40:37,ird4jpdt12sba,Yasmin,Le,Cloud & Infrastructure,yasmin.le@confluent.io,Confluent,Platform Engineer,US,Session scan In,Hall B — Congress Level,Session Scan,iPad-HallB-01,hallb.ops@techforwardsummit.com,,,QR Scan,4.12.3,S03_CloudNative,Cloud-Native & Platform Engineering at Scale,
28-Apr-2026 10:40:38,ftnm8vh1xsn66,Sakura,Tang,IT Consulting & SI,sakura.tang@thoughtworks.com,Thoughtworks,Technology Consultant,US,Session scan In,Hall B — Congress Level,Session Scan,iPad-HallB-01,hallb.ops@techforwardsummit.com,,,QR Scan,4.12.3,S03_CloudNative,Cloud-Native & Platform Engineering at Scale,
28-Apr-2026 10:41:09,sxjzvuv3cb0ix,Aoi,Schmidt,VIP,aoi.schmidt@oracle.com,Oracle,Chief Technology Officer,US,Session scan In,Hall B — Congress Level,Session Scan,iPad-HallB-01,hallb.ops@techforwardsummit.com,,,QR Scan,4.12.3,S03_CloudNative,Cloud-Native & Platform Engineering at Scale,
28-Apr-2026 10:41:13,24bozl01q3m73,Peter,Edwards,Dev Tools & Platforms,peter.edwards@gitlab.com,GitLab,Community Manager,US,Session scan In,Hall B — Congress Level,Session Scan,iPad-HallB-01,hallb.ops@techforwardsummit.com,,,QR Scan,4.12.3,S03_CloudNative,Cloud-Native & Platform Engineering at Scale,
28-Apr-2026 10:41:22,pg739zobzoujj,Babatunde,Cook,IT Consulting & SI,babatunde.cook@ey.com,EY Technology,Associate Director,GB,Session scan In,Hall B — Congress Level,Session Scan,iPad-HallB-01,hallb.ops@techforwardsummit.com,,,QR Scan,4.12.3,S03_CloudNative,Cloud-Native & Platform Engineering at Scale,
28-Apr-2026 10:41:37,dtce9sb5mbzgj,Miguel,Ho,Cybersecurity,miguel.ho@snyk.io,Snyk,Senior Security Engineer,GB,Session scan In,Hall B — Congress Level,Session Scan,iPad-HallB-01,hallb.ops@techforwardsummit.com,,,QR Scan,4.12.3,S03_CloudNative,Cloud-Native & Platform Engineering at Scale,
28-Apr-2026 10:41:41,6vu6z5gf3bbt8,Steven,Hansen,Hardware & Semiconductors,steven.hansen@qualcomm.com,Qualcomm,Principal VLSI Engineer,US,Session scan In,Hall A — Congress Level,Session Scan,iPad-HallA-01,halla.ops@techforwardsummit.com,,,QR Scan,4.12.3,S02_GenAI,Generative AI in Production: Scaling LLMs for the Enterprise,
28-Apr-2026 10:41:49,ag6w04ygyflq8,Philippe,Deng,VC & Private Equity,philippe.deng@ggvc.com,GGV Capital,Investment Director,US,Session scan In,Hall B — Congress Level,Session Scan,iPad-HallB-01,hallb.ops@techforwardsummit.com,,,QR Scan,4.12.3,S03_CloudNative,Cloud-Native & Platform Engineering at Scale,
28-Apr-2026 10:41:57,0uswovcxek47o,Tendai,Ferrari,Cloud & Infrastructure,tendai.ferrari@digitalocean.com,DigitalOcean,Platform Engineer,US,Session scan In,Hall A — Congress Level,Session Scan,iPad-HallA-01,halla.ops@techforwardsummit.com,,,QR Scan,4.12.3,S02_GenAI,Generative AI in Production: Scaling LLMs for the Enterprise,
28-Apr-2026 10:42:03,tpsilqbcaig5k,Dennis,Mitchell,Media/Press,dennis.mitchell@theverge.com,The Verge,"Editor, Technology",US,Session scan In,Hall A — Congress Level,Session Scan,iPad-HallA-01,halla.ops@techforwardsummit.com,,,QR Scan,4.12.3,S02_GenAI,Generative AI in Production: Scaling LLMs for the Enterprise,
28-Apr-2026 10:42:16,94ozkfnotia41,Ryo,Allen,IT Consulting & SI,ryo.allen@capgemini.com,Capgemini,Director of Technology,FR,Session scan In,Hall A — Congress Level,Session Scan,iPad-HallA-01,halla.ops@techforwardsummit.com,,,QR Scan,4.12.3,S02_GenAI,Generative AI in Production: Scaling LLMs for the Enterprise,
28-Apr-2026 10:42:16,r2tyzc5hssx0b,Philip,Ho,Dev Tools & Platforms,philip.ho@temporal.io,Temporal,Platform Product Manager,US,Session scan In,Hall B — Congress Level,Session Scan,iPad-HallB-01,hallb.ops@techforwardsummit.com,,,QR Scan,4.12.3,S03_CloudNative,Cloud-Native & Platform Engineering at Scale,
28-Apr-2026 10:43:03,2hyvezrad8ejp,Rahul,Park,Cybersecurity,rahul.park@tenable.com,Tenable,Threat Intelligence Analyst,US,Session scan In,Hall A — Congress Level,Session Scan,iPad-HallA-01,halla.ops@techforwardsummit.com,,,QR Scan,4.12.3,S02_GenAI,Generative AI in Production: Scaling LLMs for the Enterprise,
28-Apr-2026 10:43:06,ia6ykfcr6c1py,Ahmed,Luo,IT Consulting & SI,ahmed.luo@accenture.com,Accenture,Associate Director,IE,Session scan In,Hall A — Congress Level,Session Scan,iPad-HallA-01,halla.ops@techforwardsummit.com,,,QR Scan,4.12.3,S02_GenAI,Generative AI in Production: Scaling LLMs for the Enterprise,
28-Apr-2026 10:43:13,nqvnopcfloig8,William,Adams,Enterprise Software,william.adams@sap.com,SAP,"Account Executive, Enterprise",DE,Session scan In,Hall B — Congress Level,Session Scan,iPad-HallB-01,hallb.ops@techforwardsummit.com,,,QR Scan,4.12.3,S03_CloudNative,Cloud-Native & Platform Engineering at Scale,
28-Apr-2026 10:43:27,ypofkjw6nyqae,Sanjay,Becker,AI & Data,sanjay.becker@scale.com,Scale AI,Data Engineer,US,Session scan In,Hall A — Congress Level,Session Scan,iPad-HallA-01,halla.ops@techforwardsummit.com,,,QR Scan,4.12.3,S02_GenAI,Generative AI in Production: Scaling LLMs for the Enterprise,
28-Apr-2026 10:43:40,d8spw0s1nkk0g,Lars,Adams,Hardware & Semiconductors,lars.adams@sambanova.ai,SambaNova Systems,"Research Scientist, Silicon",US,Session scan In,Hall A — Congress Level,Session Scan,iPad-HallA-01,halla.ops@techforwardsummit.com,,,QR Scan,4.12.3,S02_GenAI,Generative AI in Production: Scaling LLMs for the Enterprise,
28-Apr-2026 10:43:55,xtur8xuebhk0o,Ying,Martin,Hardware & Semiconductors,ying.martin@graphcore.ai,Graphcore,System Architecture Engineer,GB,Session scan In,Hall A — Congress Level,Session Scan,iPad-HallA-01,halla.ops@techforwardsummit.com,,,QR Scan,4.12.3,S02_GenAI,Generative AI in Production: Scaling LLMs for the Enterprise,
28-Apr-2026 10:44:32,v1j308ipuv58o,Cynthia,Ho,Hardware & Semiconductors,cynthia.ho@intel.com,Intel,"Research Scientist, Silicon",US,Session scan In,Hall B — Congress Level,Session Scan,iPad-HallB-01,hallb.ops@techforwardsummit.com,,,QR Scan,4.12.3,S03_CloudNative,Cloud-Native & Platform Engineering at Scale,
28-Apr-2026 10:45:00,40oeytl8hbgcj,Ibrahim,Ma,Media/Press,ibrahim.ma@venturebeat.com,VentureBeat,Contributing Writer,US,Session scan In,Hall A — Congress Level,Session Scan,iPad-HallA-01,halla.ops@techforwardsummit.com,,,QR Scan,4.12.3,S02_GenAI,Generative AI in Production: Scaling LLMs for the Enterprise,
28-Apr-2026 10:45:12,mvw0nhjla9a1n,Kwame,Sato,Cybersecurity,kwame.sato@tenable.com,Tenable,SOC Analyst,US,Session scan In,Hall B — Congress Level,Session Scan,iPad-HallB-01,hallb.ops@techforwardsummit.com,,,QR Scan,4.12.3,S03_CloudNative,Cloud-Native & Platform Engineering at Scale,
28-Apr-2026 10:45:37,o1i3msdn1mxf1,Tao,Pham,IT Consulting & SI,tao.pham@ltimindtree.com,LTIMindtree,Senior Technology Consultant,IN,Session scan In,Hall B — Congress Level,Session Scan,iPad-HallB-01,hallb.ops@techforwardsummit.com,,,QR Scan,4.12.3,S03_CloudNative,Cloud-Native & Platform Engineering at Scale,
28-Apr-2026 10:45:55,mxd6lqga3qupo,Sipho,Howard,Enterprise Software,sipho.howard@servicenow.com,ServiceNow,Engineering Manager,US,Session scan In,Hall B — Congress Level,Session Scan,iPad-HallB-01,hallb.ops@techforwardsummit.com,,,QR Scan,4.12.3,S03_CloudNative,Cloud-Native & Platform Engineering at Scale,
28-Apr-2026 10:46:35,fj2etpseywr7o,Pierre,Tran,Hardware & Semiconductors,pierre.tran@intel.com,Intel,System Architecture Engineer,US,Session scan In,Hall B — Congress Level,Session Scan,iPad-HallB-01,hallb.ops@techforwardsummit.com,,,QR Scan,4.12.3,S03_CloudNative,Cloud-Native & Platform Engineering at Scale,
28-Apr-2026 10:47:01,ol5rkh87cyamn,Dennis,Zhu,Enterprise Software,dennis.zhu@salesforce.com,Salesforce,Principal Product Manager,US,Session scan In,Hall B — Congress Level,Session Scan,iPad-HallB-01,hallb.ops@techforwardsummit.com,,,QR Scan,4.12.3,S03_CloudNative,Cloud-Native & Platform Engineering at Scale,
28-Apr-2026 10:47:30,1l1vj35yrg29d,Ella,Yap,VC & Private Equity,ella.yap@sequoiacap.com,Sequoia Capital,Partner,US,Session scan In,Hall B — Congress Level,Session Scan,iPad-HallB-01,hallb.ops@techforwardsummit.com,,,QR Scan,4.12.3,S03_CloudNative,Cloud-Native & Platform Engineering at Scale,
28-Apr-2026 10:48:21,hvchrm3wp8djk,Sunita,Campbell,IT Consulting & SI,sunita.campbell@wipro.com,Wipro,Managing Consultant,IN,Session scan In,Hall A — Congress Level,Session Scan,iPad-HallA-01,halla.ops@techforwardsummit.com,,,QR Scan,4.12.3,S02_GenAI,Generative AI in Production: Scaling LLMs for the Enterprise,
28-Apr-2026 10:48:36,4z4ur2yupmanq,Luca,Arora,AI & Data,luca.arora@wandb.ai,Weights & Biases,Senior Data Scientist,US,Session scan In,Hall A — Congress Level,Session Scan,iPad-HallA-01,halla.ops@techforwardsummit.com,,,QR Scan,4.12.3,S02_GenAI,Generative AI in Production: Scaling LLMs for the Enterprise,
28-Apr-2026 10:51:06,k87n4unffqi1h,Richard,Toh,Cloud & Infrastructure,richard.toh@hashicorp.com,HashiCorp,Head of Developer Relations,US,Session scan In,Hall B — Congress Level,Session Scan,iPad-HallB-01,hallb.ops@techforwardsummit.com,,,QR Scan,4.12.3,S03_CloudNative,Cloud-Native & Platform Engineering at Scale,
28-Apr-2026 10:51:41,9dnzwss9v66dq,Jennifer,Rossi,IT Consulting & SI,jennifer.rossi@hcltech.com,HCL Technologies,Agile Delivery Lead,IN,Session scan In,Hall A — Congress Level,Session Scan,iPad-HallA-01,halla.ops@techforwardsummit.com,,,QR Scan,4.12.3,S02_GenAI,Generative AI in Production: Scaling LLMs for the Enterprise,
28-Apr-2026 10:53:31,ylhgo1kp2gvpg,Ryan,Bianchi,Dev Tools & Platforms,ryan.bianchi@stripe.com,Stripe,Head of Developer Relations,US,Session scan In,Hall A — Congress Level,Session Scan,iPad-HallA-01,halla.ops@techforwardsummit.com,,,QR Scan,4.12.3,S02_GenAI,Generative AI in Production: Scaling LLMs for the Enterprise,
28-Apr-2026 10:55:00,g3w3h98brzva9,Hans,Huang,Hardware & Semiconductors,hans.huang@qualcomm.com,Qualcomm,Principal VLSI Engineer,US,Session scan In,Hall A — Congress Level,Session Scan,iPad-HallA-01,halla.ops@techforwardsummit.com,,,QR Scan,4.12.3,S02_GenAI,Generative AI in Production: Scaling LLMs for the Enterprise,
28-Apr-2026 10:55:51,z0hr9t9cd1lqj,Hana,Thomas,Cybersecurity,hana.thomas@snyk.io,Snyk,Security Sales Engineer,GB,Session scan In,Hall B — Congress Level,Session Scan,iPad-HallB-01,hallb.ops@techforwardsummit.com,,,QR Scan,4.12.3,S03_CloudNative,Cloud-Native & Platform Engineering at Scale,
28-Apr-2026 11:18:23,fz8obk3g84utd,Adam,Clarke,Cloud & Infrastructure,adam.clarke@cloud.google.com,Google Cloud,Platform Engineering Lead,US,Check-In,"Main Entrance, Level 1",Check History,iPad-Registration-01,registration@techforwardsummit.com,,,QR Scan,4.12.3,EntranceD1,Day 1 Registration & Entry,
28-Apr-2026 11:18:23,fz8obk3g84utd,Adam,Clarke,Cloud & Infrastructure,adam.clarke@cloud.google.com,Google Cloud,Platform Engineering Lead,US,Print,"Main Entrance, Level 1",Check History,iPad-Registration-01,registration@techforwardsummit.com,,,QR Scan,4.12.3,EntranceD1,Day 1 Registration & Entry,
28-Apr-2026 11:24:17,fz8obk3g84utd,Adam,Clarke,Cloud & Infrastructure,adam.clarke@cloud.google.com,Google Cloud,Platform Engineering Lead,US,Session scan In,Hall B — Congress Level,Session Scan,iPad-HallB-01,hallb.ops@techforwardsummit.com,,,QR Scan,4.12.3,S03_CloudNative,Cloud-Native & Platform Engineering at Scale,
28-Apr-2026 11:25:32,a3yjtu7fbmenu,Kathleen,Peterson,Dev Tools & Platforms,kathleen.peterson@jfrog.com,JFrog,Platform Product Manager,US,Session scan Out,Hall B — Congress Level,Session Scan,iPad-HallB-01,hallb.ops@techforwardsummit.com,,,QR Scan,4.12.3,S03_CloudNative,Cloud-Native & Platform Engineering at Scale,
28-Apr-2026 11:26:09,qeoz0kz4z7whw,Priya,Fischer,Cloud & Infrastructure,priya.fischer@digitalocean.com,DigitalOcean,Principal Solutions Architect,US,Session scan Out,Hall A — Congress Level,Session Scan,iPad-HallA-01,halla.ops@techforwardsummit.com,,,QR Scan,4.12.3,S02_GenAI,Generative AI in Production: Scaling LLMs for the Enterprise,
28-Apr-2026 11:26:59,94ozkfnotia41,Ryo,Allen,IT Consulting & SI,ryo.allen@capgemini.com,Capgemini,Director of Technology,FR,Session scan Out,Hall A — Congress Level,Session Scan,iPad-HallA-01,halla.ops@techforwardsummit.com,,,QR Scan,4.12.3,S02_GenAI,Generative AI in Production: Scaling LLMs for the Enterprise,
28-Apr-2026 11:28:05,wa6m96m5u2tlu,Christine,Lewis,IT Consulting & SI,christine.lewis@nttdata.com,NTT Data,Associate Director,JP,Session scan Out,Hall A — Congress Level,Session Scan,iPad-HallA-01,halla.ops@techforwardsummit.com,,,QR Scan,4.12.3,S02_GenAI,Generative AI in Production: Scaling LLMs for the Enterprise,
28-Apr-2026 11:28:26,vhplhw4oq0pfr,Ren,Evans,Hardware & Semiconductors,ren.evans@groq.com,Groq,Principal VLSI Engineer,US,Session scan Out,Hall A — Congress Level,Session Scan,iPad-HallA-01,halla.ops@techforwardsummit.com,,,QR Scan,4.12.3,S02_GenAI,Generative AI in Production: Scaling LLMs for the Enterprise,
28-Apr-2026 11:28:31,pg739zobzoujj,Babatunde,Cook,IT Consulting & SI,babatunde.cook@ey.com,EY Technology,Associate Director,GB,Session scan Out,Hall B — Congress Level,Session Scan,iPad-HallB-01,hallb.ops@techforwardsummit.com,,,QR Scan,4.12.3,S03_CloudNative,Cloud-Native & Platform Engineering at Scale,
28-Apr-2026 11:29:41,tp8ak8s2xquzs,Kunal,Koh,IT Consulting & SI,kunal.koh@deloitte.com,Deloitte Technology,Associate Director,US,Session scan Out,Hall A — Congress Level,Session Scan,iPad-HallA-01,halla.ops@techforwardsummit.com,,,QR Scan,4.12.3,S02_GenAI,Generative AI in Production: Scaling LLMs for the Enterprise,
28-Apr-2026 11:30:29,54rjsxfoh9mbu,Juan,He,Enterprise Software,juan.he@atlassian.com,Atlassian,Senior Solutions Engineer,AU,Session scan Out,Hall A — Congress Level,Session Scan,iPad-HallA-01,halla.ops@techforwardsummit.com,,,QR Scan,4.12.3,S02_GenAI,Generative AI in Production: Scaling LLMs for the Enterprise,
28-Apr-2026 11:31:03,kvpjrmeyy1em3,Nadia,Nguyen,Enterprise Software,nadia.nguyen@freshworks.com,Freshworks,Chief Technology Officer,IN,Session scan Out,Hall B — Congress Level,Session Scan,iPad-HallB-01,hallb.ops@techforwardsummit.com,,,QR Scan,4.12.3,S03_CloudNative,Cloud-Native & Platform Engineering at Scale,
28-Apr-2026 11:31:49,ylhgo1kp2gvpg,Ryan,Bianchi,Dev Tools & Platforms,ryan.bianchi@stripe.com,Stripe,Head of Developer Relations,US,Session scan Out,Hall A — Congress Level,Session Scan,iPad-HallA-01,halla.ops@techforwardsummit.com,,,QR Scan,4.12.3,S02_GenAI,Generative AI in Production: Scaling LLMs for the Enterprise,
28-Apr-2026 11:33:55,zpy9qzo7io2f2,Pranav,Sanchez,Media/Press,pranav.sanchez@theverge.com,The Verge,Contributing Writer,US,Session scan Out,Hall A — Congress Level,Session Scan,iPad-HallA-01,halla.ops@techforwardsummit.com,,,QR Scan,4.12.3,S02_GenAI,Generative AI in Production: Scaling LLMs for the Enterprise,
28-Apr-2026 11:34:50,ahukwqvr1h61i,Sarah,Zhou,IT Consulting & SI,sarah.zhou@accenture.com,Accenture,"Solution Architect, Digital",IE,Session scan Out,Hall B — Congress Level,Session Scan,iPad-HallB-01,hallb.ops@techforwardsummit.com,,,QR Scan,4.12.3,S03_CloudNative,Cloud-Native & Platform Engineering at Scale,
28-Apr-2026 11:35:24,4k9i14yn6zjuy,Abena,Song,Dev Tools & Platforms,abena.song@twilio.com,Twilio,Senior Developer Advocate,US,Session scan Out,Hall B — Congress Level,Session Scan,iPad-HallB-01,hallb.ops@techforwardsummit.com,,,QR Scan,4.12.3,S03_CloudNative,Cloud-Native & Platform Engineering at Scale,
28-Apr-2026 11:35:36,99u26uon8cnrl,Shan,Ho,VC & Private Equity,shan.ho@sequoiacap.com,Sequoia Capital,Principal,US,Session scan Out,Hall B — Congress Level,Session Scan,iPad-HallB-01,hallb.ops@techforwardsummit.com,,,QR Scan,4.12.3,S03_CloudNative,Cloud-Native & Platform Engineering at Scale,
28-Apr-2026 11:35:37,hvchrm3wp8djk,Sunita,Campbell,IT Consulting & SI,sunita.campbell@wipro.com,Wipro,Managing Consultant,IN,Session scan Out,Hall A — Congress Level,Session Scan,iPad-HallA-01,halla.ops@techforwardsummit.com,,,QR Scan,4.12.3,S02_GenAI,Generative AI in Production: Scaling LLMs for the Enterprise,
28-Apr-2026 11:35:50,kcmnt6u777ldm,Sara,Zhao,Enterprise Software,sara.zhao@oracle.com,Oracle,Solutions Architect,US,Session scan Out,Hall A — Congress Level,Session Scan,iPad-HallA-01,halla.ops@techforwardsummit.com,,,QR Scan,4.12.3,S02_GenAI,Generative AI in Production: Scaling LLMs for the Enterprise,
28-Apr-2026 11:35:56,xgumdf4nzkrsn,Fatimah,Iyer,Dev Tools & Platforms,fatimah.iyer@gitlab.com,GitLab,Head of Developer Relations,US,Session scan Out,Hall A — Congress Level,Session Scan,iPad-HallA-01,halla.ops@techforwardsummit.com,,,QR Scan,4.12.3,S02_GenAI,Generative AI in Production: Scaling LLMs for the Enterprise,
28-Apr-2026 11:38:34,ctdsdjt3br4f2,Juan,Sim,Cloud & Infrastructure,juan.sim@cloudflare.com,Cloudflare,Principal Solutions Architect,US,Session scan Out,Hall B — Congress Level,Session Scan,iPad-HallB-01,hallb.ops@techforwardsummit.com,,,QR Scan,4.12.3,S03_CloudNative,Cloud-Native & Platform Engineering at Scale,
28-Apr-2026 11:40:57,16xeghpmxpkn3,William,Gray,Enterprise Software,william.gray@microsoft.com,Microsoft,Director of Engineering,US,Session scan Out,Hall A — Congress Level,Session Scan,iPad-HallA-01,halla.ops@techforwardsummit.com,,,QR Scan,4.12.3,S02_GenAI,Generative AI in Production: Scaling LLMs for the Enterprise,
28-Apr-2026 11:42:19,z2ads83gyziep,Hui,Ito,IT Consulting & SI,hui.ito@deloitte.com,Deloitte Technology,Senior Technology Consultant,US,Session scan Out,Hall A — Congress Level,Session Scan,iPad-HallA-01,halla.ops@techforwardsummit.com,,,QR Scan,4.12.3,S02_GenAI,Generative AI in Production: Scaling LLMs for the Enterprise,
28-Apr-2026 11:43:00,nrhzn4kgeuidj,Eric,Choi,Enterprise Software,eric.choi@servicenow.com,ServiceNow,Solutions Architect,US,Session scan Out,Hall B — Congress Level,Session Scan,iPad-HallB-01,hallb.ops@techforwardsummit.com,,,QR Scan,4.12.3,S03_CloudNative,Cloud-Native & Platform Engineering at Scale,
28-Apr-2026 11:43:36,amhv1f070vk32,Akiko,Evans,Enterprise Software,akiko.evans@atlassian.com,Atlassian,Senior Product Manager,AU,Session scan Out,Hall A — Congress Level,Session Scan,iPad-HallA-01,halla.ops@techforwardsummit.com,,,QR Scan,4.12.3,S02_GenAI,Generative AI in Production: Scaling LLMs for the Enterprise,
28-Apr-2026 11:44:42,dtce9sb5mbzgj,Miguel,Ho,Cybersecurity,miguel.ho@snyk.io,Snyk,Senior Security Engineer,GB,Session scan Out,Hall B — Congress Level,Session Scan,iPad-HallB-01,hallb.ops@techforwardsummit.com,,,QR Scan,4.12.3,S03_CloudNative,Cloud-Native & Platform Engineering at Scale,
28-Apr-2026 11:45:23,ubm9xhcgryqy4,Jae-Won,Pandey,Cybersecurity,jaewon.pandey@snyk.io,Snyk,Senior Security Engineer,GB,Session scan Out,Hall B — Congress Level,Session Scan,iPad-HallB-01,hallb.ops@techforwardsummit.com,,,QR Scan,4.12.3,S03_CloudNative,Cloud-Native & Platform Engineering at Scale,
28-Apr-2026 11:46:49,049enulqjidkn,Ingrid,Zhu,Cloud & Infrastructure,ingrid.zhu@akamai.com,Akamai Technologies,Developer Advocate,US,Session scan Out,Hall A — Congress Level,Session Scan,iPad-HallA-01,halla.ops@techforwardsummit.com,,,QR Scan,4.12.3,S02_GenAI,Generative AI in Production: Scaling LLMs for the Enterprise,
28-Apr-2026 11:47:03,2srl3vzzxt9qu,Helen,Tang,AI & Data,helen.tang@databricks.com,Databricks,AI/ML Platform Lead,US,Session scan Out,Hall B — Congress Level,Session Scan,iPad-HallB-01,hallb.ops@techforwardsummit.com,,,QR Scan,4.12.3,S03_CloudNative,Cloud-Native & Platform Engineering at Scale,
28-Apr-2026 11:47:07,mlquh50opf060,Hao,Baker,AI & Data,hao.baker@palantir.com,Palantir Technologies,Research Scientist,US,Session scan Out,Hall B — Congress Level,Session Scan,iPad-HallB-01,hallb.ops@techforwardsummit.com,,,QR Scan,4.12.3,S03_CloudNative,Cloud-Native & Platform Engineering at Scale,
28-Apr-2026 11:48:09,2hyvezrad8ejp,Rahul,Park,Cybersecurity,rahul.park@tenable.com,Tenable,Threat Intelligence Analyst,US,Session scan Out,Hall A — Congress Level,Session Scan,iPad-HallA-01,halla.ops@techforwardsummit.com,,,QR Scan,4.12.3,S02_GenAI,Generative AI in Production: Scaling LLMs for the Enterprise,
28-Apr-2026 11:48:31,9dnzwss9v66dq,Jennifer,Rossi,IT Consulting & SI,jennifer.rossi@hcltech.com,HCL Technologies,Agile Delivery Lead,IN,Session scan Out,Hall A — Congress Level,Session Scan,iPad-HallA-01,halla.ops@techforwardsummit.com,,,QR Scan,4.12.3,S02_GenAI,Generative AI in Production: Scaling LLMs for the Enterprise,
28-Apr-2026 11:48:37,u9vdow6jfpy77,Ella,Allen,Cybersecurity,ella.allen@crowdstrike.com,CrowdStrike,Threat Intelligence Analyst,US,Session scan Out,Hall A — Congress Level,Session Scan,iPad-HallA-01,halla.ops@techforwardsummit.com,,,QR Scan,4.12.3,S02_GenAI,Generative AI in Production: Scaling LLMs for the Enterprise,
28-Apr-2026 19:00:27,c3jr7t3spj9wr,Barbara,Deng,IT Consulting & SI,barbara.deng@mckinsey.com,McKinsey Digital,Agile Delivery Lead,US,Session scan In,"Grand Ballroom, Level 4",Session Scan,iPad-Reception-01,reception.ops@techforwardsummit.com,,,QR Scan,4.12.3,S04_Reception,Welcome Networking Reception,
28-Apr-2026 19:00:39,zk3ny9v20yar8,Noah,Torres,Dev Tools & Platforms,noah.torres@retool.com,Retool,Senior Developer Advocate,US,Session scan In,"Grand Ballroom, Level 4",Session Scan,iPad-Reception-01,reception.ops@techforwardsummit.com,,,QR Scan,4.12.3,S04_Reception,Welcome Networking Reception,
28-Apr-2026 19:00:42,802xvxitifxzi,Fazilah,Santos,IT Consulting & SI,fazilah.santos@ey.com,EY Technology,Associate Director,GB,Session scan In,"Grand Ballroom, Level 4",Session Scan,iPad-Reception-01,reception.ops@techforwardsummit.com,,,QR Scan,4.12.3,S04_Reception,Welcome Networking Reception,
28-Apr-2026 19:00:49,objlzy1uu9yms,Ana,Toh,Media/Press,ana.toh@protocol.com,Protocol,"Editor, Technology",US,Session scan In,"Grand Ballroom, Level 4",Session Scan,iPad-Reception-01,reception.ops@techforwardsummit.com,,,QR Scan,4.12.3,S04_Reception,Welcome Networking Reception,
28-Apr-2026 19:01:09,x1sknxd6zmbyt,Dennis,Hu,Cloud & Infrastructure,dennis.hu@aws.amazon.com,Amazon Web Services,Cloud Architect,US,Session scan In,"Grand Ballroom, Level 4",Session Scan,iPad-Reception-01,reception.ops@techforwardsummit.com,,,QR Scan,4.12.3,S04_Reception,Welcome Networking Reception,
28-Apr-2026 19:01:11,zchhxa7hy7ai3,Tendai,Trivedi,Hardware & Semiconductors,tendai.trivedi@tsmc.com,TSMC,Senior Chip Design Engineer,TW,Session scan In,"Grand Ballroom, Level 4",Session Scan,iPad-Reception-01,reception.ops@techforwardsummit.com,,,QR Scan,4.12.3,S04_Reception,Welcome Networking Reception,
28-Apr-2026 19:01:11,qeoz0kz4z7whw,Priya,Fischer,Cloud & Infrastructure,priya.fischer@digitalocean.com,DigitalOcean,Principal Solutions Architect,US,Session scan In,"Grand Ballroom, Level 4",Session Scan,iPad-Reception-01,reception.ops@techforwardsummit.com,,,QR Scan,4.12.3,S04_Reception,Welcome Networking Reception,
28-Apr-2026 19:01:21,ub4o47en48nys,Alexander,Weber,Enterprise Software,alexander.weber@sprinklr.com,Sprinklr,VP of Sales,US,Session scan In,"Grand Ballroom, Level 4",Session Scan,iPad-Reception-01,reception.ops@techforwardsummit.com,,,QR Scan,4.12.3,S04_Reception,Welcome Networking Reception,
28-Apr-2026 19:01:30,z0hr9t9cd1lqj,Hana,Thomas,Cybersecurity,hana.thomas@snyk.io,Snyk,Security Sales Engineer,GB,Session scan In,"Grand Ballroom, Level 4",Session Scan,iPad-Reception-01,reception.ops@techforwardsummit.com,,,QR Scan,4.12.3,S04_Reception,Welcome Networking Reception,
28-Apr-2026 19:01:36,svbcq7g4asmzx,Nomsa,Jeong,Media/Press,nomsa.jeong@technologyreview.com,MIT Technology Review,Tech Reporter,US,Session scan In,"Grand Ballroom, Level 4",Session Scan,iPad-Reception-01,reception.ops@techforwardsummit.com,,,QR Scan,4.12.3,S04_Reception,Welcome Networking Reception,
28-Apr-2026 19:01:41,6a8mlik22xmq6,Emma,Nkosi,Cloud & Infrastructure,emma.nkosi@digitalocean.com,DigitalOcean,Developer Advocate,US,Session scan In,"Grand Ballroom, Level 4",Session Scan,iPad-Reception-01,reception.ops@techforwardsummit.com,,,QR Scan,4.12.3,S04_Reception,Welcome Networking Reception,
28-Apr-2026 19:01:43,8pe74add0gn7r,Budi,Kumar,IT Consulting & SI,budi.kumar@tcs.com,TCS,Managing Consultant,IN,Session scan In,"Grand Ballroom, Level 4",Session Scan,iPad-Reception-01,reception.ops@techforwardsummit.com,,,QR Scan,4.12.3,S04_Reception,Welcome Networking Reception,
28-Apr-2026 19:01:47,v35xudkitmaf9,Deborah,Phillips,IT Consulting & SI,deborah.phillips@ibm.com,IBM Consulting,Technology Consultant,US,Session scan In,"Grand Ballroom, Level 4",Session Scan,iPad-Reception-01,reception.ops@techforwardsummit.com,,,QR Scan,4.12.3,S04_Reception,Welcome Networking Reception,
28-Apr-2026 19:01:47,g0z0c682u9wt2,Carmen,Larsen,Cloud & Infrastructure,carmen.larsen@datadoghq.com,Datadog,DevOps Engineer,US,Session scan In,"Grand Ballroom, Level 4",Session Scan,iPad-Reception-01,reception.ops@techforwardsummit.com,,,QR Scan,4.12.3,S04_Reception,Welcome Networking Reception,
28-Apr-2026 19:01:48,omzolmyqa78cu,Cynthia,Garcia,Cloud & Infrastructure,cynthia.garcia@cloud.google.com,Google Cloud,Platform Engineer,US,Session scan In,"Grand Ballroom, Level 4",Session Scan,iPad-Reception-01,reception.ops@techforwardsummit.com,,,QR Scan,4.12.3,S04_Reception,Welcome Networking Reception,
28-Apr-2026 19:01:51,fqpii49h5vn28,Peter,Andersen,IT Consulting & SI,peter.andersen@infosys.com,Infosys,Technology Consultant,IN,Session scan In,"Grand Ballroom, Level 4",Session Scan,iPad-Reception-01,reception.ops@techforwardsummit.com,,,QR Scan,4.12.3,S04_Reception,Welcome Networking Reception,
28-Apr-2026 19:02:03,m2c8qizk3c9xb,Ping,Zhang,Enterprise Software,ping.zhang@hubspot.com,HubSpot,Solutions Architect,US,Session scan In,"Grand Ballroom, Level 4",Session Scan,iPad-Reception-01,reception.ops@techforwardsummit.com,,,QR Scan,4.12.3,S04_Reception,Welcome Networking Reception,
28-Apr-2026 19:02:16,e84l9yilzr015,Vikram,Tanaka,IT Consulting & SI,vikram.tanaka@thoughtworks.com,Thoughtworks,Senior Technology Consultant,US,Session scan In,"Grand Ballroom, Level 4",Session Scan,iPad-Reception-01,reception.ops@techforwardsummit.com,,,QR Scan,4.12.3,S04_Reception,Welcome Networking Reception,
28-Apr-2026 19:02:19,8osaq3eq8dh9p,Hyun,Torres,AI & Data,hyun.torres@palantir.com,Palantir Technologies,Data Engineer,US,Session scan In,"Grand Ballroom, Level 4",Session Scan,iPad-Reception-01,reception.ops@techforwardsummit.com,,,QR Scan,4.12.3,S04_Reception,Welcome Networking Reception,
28-Apr-2026 19:02:19,n02yc0mdicvwv,Liam,Bhatt,Cybersecurity,liam.bhatt@crowdstrike.com,CrowdStrike,Senior Security Engineer,US,Session scan In,"Grand Ballroom, Level 4",Session Scan,iPad-Reception-01,reception.ops@techforwardsummit.com,,,QR Scan,4.12.3,S04_Reception,Welcome Networking Reception,
28-Apr-2026 19:02:28,ltzqwdyvybscg,Raymond,Schulz,Cloud & Infrastructure,raymond.schulz@hashicorp.com,HashiCorp,Cloud Architect,US,Session scan In,"Grand Ballroom, Level 4",Session Scan,iPad-Reception-01,reception.ops@techforwardsummit.com,,,QR Scan,4.12.3,S04_Reception,Welcome Networking Reception,
28-Apr-2026 19:02:42,cpncc2keivli7,Tendai,Torres,Hardware & Semiconductors,tendai.torres@amd.com,AMD,AI Hardware Architect,US,Session scan In,"Grand Ballroom, Level 4",Session Scan,iPad-Reception-01,reception.ops@techforwardsummit.com,,,QR Scan,4.12.3,S04_Reception,Welcome Networking Reception,
28-Apr-2026 19:02:48,jr8mtk0rsoggy,Ahmed,Gupta,Cybersecurity,ahmed.gupta@rapid7.com,Rapid7,Security Consultant,US,Session scan In,"Grand Ballroom, Level 4",Session Scan,iPad-Reception-01,reception.ops@techforwardsummit.com,,,QR Scan,4.12.3,S04_Reception,Welcome Networking Reception,
28-Apr-2026 19:02:51,fwp9k1uoaa2qy,Aoi,Peterson,Staff,aoi.peterson@techforwardsummit.com,TechForward Organising Committee,Venue Operations Staff,SG,Session scan In,"Grand Ballroom, Level 4",Session Scan,iPad-Reception-01,reception.ops@techforwardsummit.com,,,QR Scan,4.12.3,S04_Reception,Welcome Networking Reception,
28-Apr-2026 19:02:54,7r1z4c9vf6rgs,Arun,Iyer,VC & Private Equity,arun.iyer@tigerglobal.com,Tiger Global,Principal,US,Session scan In,"Grand Ballroom, Level 4",Session Scan,iPad-Reception-01,reception.ops@techforwardsummit.com,,,QR Scan,4.12.3,S04_Reception,Welcome Networking Reception,
28-Apr-2026 19:02:57,1id07t3ljokbz,Dewi,Kobayashi,AI & Data,dewi.kobayashi@huggingface.co,Hugging Face,AI/ML Platform Lead,US,Session scan In,"Grand Ballroom, Level 4",Session Scan,iPad-Reception-01,reception.ops@techforwardsummit.com,,,QR Scan,4.12.3,S04_Reception,Welcome Networking Reception,
28-Apr-2026 19:02:59,a3yjtu7fbmenu,Kathleen,Peterson,Dev Tools & Platforms,kathleen.peterson@jfrog.com,JFrog,Platform Product Manager,US,Session scan In,"Grand Ballroom, Level 4",Session Scan,iPad-Reception-01,reception.ops@techforwardsummit.com,,,QR Scan,4.12.3,S04_Reception,Welcome Networking Reception,
28-Apr-2026 19:03:33,740c98uzzy00e,Franz,Cook,Enterprise Software,franz.cook@oracle.com,Oracle,Engineering Manager,US,Session scan In,"Grand Ballroom, Level 4",Session Scan,iPad-Reception-01,reception.ops@techforwardsummit.com,,,QR Scan,4.12.3,S04_Reception,Welcome Networking Reception,
28-Apr-2026 19:03:39,immnstouifjil,Isabelle,Jackson,Cloud & Infrastructure,isabelle.jackson@cloud.google.com,Google Cloud,Chief Technology Officer,US,Session scan In,"Grand Ballroom, Level 4",Session Scan,iPad-Reception-01,reception.ops@techforwardsummit.com,,,QR Scan,4.12.3,S04_Reception,Welcome Networking Reception,
28-Apr-2026 19:03:41,bzug0it26ys44,Min-Soo,Evans,Cloud & Infrastructure,minsoo.evans@digitalocean.com,DigitalOcean,Platform Engineer,US,Session scan In,"Grand Ballroom, Level 4",Session Scan,iPad-Reception-01,reception.ops@techforwardsummit.com,,,QR Scan,4.12.3,S04_Reception,Welcome Networking Reception,
28-Apr-2026 19:04:03,0wtgxy7in1r6x,Robert,Mueller,Hardware & Semiconductors,robert.mueller@mediatek.com,MediaTek,AI Hardware Architect,TW,Session scan In,"Grand Ballroom, Level 4",Session Scan,iPad-Reception-01,reception.ops@techforwardsummit.com,,,QR Scan,4.12.3,S04_Reception,Welcome Networking Reception,
28-Apr-2026 19:04:19,iq2q4qerxdoua,Laura,Le,Media/Press,laura.le@wired.com,Wired,Tech Reporter,US,Session scan In,"Grand Ballroom, Level 4",Session Scan,iPad-Reception-01,reception.ops@techforwardsummit.com,,,QR Scan,4.12.3,S04_Reception,Welcome Networking Reception,
28-Apr-2026 19:04:34,wqheyto5f9m96,Hong,Gonzalez,Dev Tools & Platforms,hong.gonzalez@stripe.com,Stripe,Senior Developer Advocate,US,Session scan In,"Grand Ballroom, Level 4",Session Scan,iPad-Reception-01,reception.ops@techforwardsummit.com,,,QR Scan,4.12.3,S04_Reception,Welcome Networking Reception,
28-Apr-2026 19:04:40,h3iabc2t67a50,Dylan,Ho,Cloud & Infrastructure,dylan.ho@vercel.com,Vercel,Developer Advocate,US,Session scan In,"Grand Ballroom, Level 4",Session Scan,iPad-Reception-01,reception.ops@techforwardsummit.com,,,QR Scan,4.12.3,S04_Reception,Welcome Networking Reception,
28-Apr-2026 19:04:45,k3qmvifiit201,Patrick,Lim,Enterprise Software,patrick.lim@adobe.com,Adobe,VP of Engineering,US,Session scan In,"Grand Ballroom, Level 4",Session Scan,iPad-Reception-01,reception.ops@techforwardsummit.com,,,QR Scan,4.12.3,S04_Reception,Welcome Networking Reception,
28-Apr-2026 19:05:01,ctdsdjt3br4f2,Juan,Sim,Cloud & Infrastructure,juan.sim@cloudflare.com,Cloudflare,Principal Solutions Architect,US,Session scan In,"Grand Ballroom, Level 4",Session Scan,iPad-Reception-01,reception.ops@techforwardsummit.com,,,QR Scan,4.12.3,S04_Reception,Welcome Networking Reception,
28-Apr-2026 19:05:15,iksmv4qqj3a1i,Hui,Cao,VC & Private Equity,hui.cao@accel.com,Accel,Principal,US,Session scan In,"Grand Ballroom, Level 4",Session Scan,iPad-Reception-01,reception.ops@techforwardsummit.com,,,QR Scan,4.12.3,S04_Reception,Welcome Networking Reception,
28-Apr-2026 19:05:19,hlozesjncrbvx,Vikram,Hansen,IT Consulting & SI,vikram.hansen@mckinsey.com,McKinsey Digital,Cloud Migration Specialist,US,Session scan In,"Grand Ballroom, Level 4",Session Scan,iPad-Reception-01,reception.ops@techforwardsummit.com,,,QR Scan,4.12.3,S04_Reception,Welcome Networking Reception,
28-Apr-2026 19:05:27,mwpq82k8ryqf8,Astrid,Choi,Hardware & Semiconductors,astrid.choi@arm.com,Arm Holdings,"Research Scientist, Silicon",GB,Session scan In,"Grand Ballroom, Level 4",Session Scan,iPad-Reception-01,reception.ops@techforwardsummit.com,,,QR Scan,4.12.3,S04_Reception,Welcome Networking Reception,
28-Apr-2026 19:05:50,opmpnbn7gggjv,Daiki,He,Cybersecurity,daiki.he@tenable.com,Tenable,Security Consultant,US,Session scan In,"Grand Ballroom, Level 4",Session Scan,iPad-Reception-01,reception.ops@techforwardsummit.com,,,QR Scan,4.12.3,S04_Reception,Welcome Networking Reception,
28-Apr-2026 19:06:10,q5c9035vuuplt,Isabelle,Gray,Cybersecurity,isabelle.gray@paloaltonetworks.com,Palo Alto Networks,Senior Security Engineer,US,Session scan In,"Grand Ballroom, Level 4",Session Scan,iPad-Reception-01,reception.ops@techforwardsummit.com,,,QR Scan,4.12.3,S04_Reception,Welcome Networking Reception,
28-Apr-2026 19:06:13,dtzj2l72v08kt,Ren,Anderson,Dev Tools & Platforms,ren.anderson@konghq.com,Kong,Solutions Engineer,US,Session scan In,"Grand Ballroom, Level 4",Session Scan,iPad-Reception-01,reception.ops@techforwardsummit.com,,,QR Scan,4.12.3,S04_Reception,Welcome Networking Reception,
28-Apr-2026 19:06:16,p0amts7ynxj5y,Nicholas,Mehta,Cloud & Infrastructure,nicholas.mehta@snowflake.com,Snowflake,Developer Advocate,US,Session scan In,"Grand Ballroom, Level 4",Session Scan,iPad-Reception-01,reception.ops@techforwardsummit.com,,,QR Scan,4.12.3,S04_Reception,Welcome Networking Reception,
28-Apr-2026 19:06:27,ppnl6rnkwxzwl,Dylan,He,IT Consulting & SI,dylan.he@capgemini.com,Capgemini,Senior Technology Consultant,FR,Session scan In,"Grand Ballroom, Level 4",Session Scan,iPad-Reception-01,reception.ops@techforwardsummit.com,,,QR Scan,4.12.3,S04_Reception,Welcome Networking Reception,
28-Apr-2026 19:06:37,wa6m96m5u2tlu,Christine,Lewis,IT Consulting & SI,christine.lewis@nttdata.com,NTT Data,Associate Director,JP,Session scan In,"Grand Ballroom, Level 4",Session Scan,iPad-Reception-01,reception.ops@techforwardsummit.com,,,QR Scan,4.12.3,S04_Reception,Welcome Networking Reception,
28-Apr-2026 19:06:40,1s9ryllwb7sjw,Benjamin,Banerjee,Enterprise Software,benjamin.banerjee@salesforce.com,Salesforce,Staff Software Engineer,US,Session scan In,"Grand Ballroom, Level 4",Session Scan,iPad-Reception-01,reception.ops@techforwardsummit.com,,,QR Scan,4.12.3,S04_Reception,Welcome Networking Reception,
28-Apr-2026 19:06:45,l7u4gp59z025j,Min-Soo,Guo,AI & Data,minsoo.guo@huggingface.co,Hugging Face,Data Engineer,US,Session scan In,"Grand Ballroom, Level 4",Session Scan,iPad-Reception-01,reception.ops@techforwardsummit.com,,,QR Scan,4.12.3,S04_Reception,Welcome Networking Reception,
28-Apr-2026 19:06:50,1kjtgq01tee13,Pranav,Ito,Cybersecurity,pranav.ito@paloaltonetworks.com,Palo Alto Networks,Head of Information Security,US,Session scan In,"Grand Ballroom, Level 4",Session Scan,iPad-Reception-01,reception.ops@techforwardsummit.com,,,QR Scan,4.12.3,S04_Reception,Welcome Networking Reception,
28-Apr-2026 19:06:59,dm5fc79m96zpx,Nora,Gao,Enterprise Software,nora.gao@microsoft.com,Microsoft,Customer Success Manager,US,Session scan In,"Grand Ballroom, Level 4",Session Scan,iPad-Reception-01,reception.ops@techforwardsummit.com,,,QR Scan,4.12.3,S04_Reception,Welcome Networking Reception,
28-Apr-2026 19:07:01,7amkoh109zdo0,Patricia,Hughes,Cloud & Infrastructure,patricia.hughes@mongodb.com,MongoDB,Principal Solutions Architect,US,Session scan In,"Grand Ballroom, Level 4",Session Scan,iPad-Reception-01,reception.ops@techforwardsummit.com,,,QR Scan,4.12.3,S04_Reception,Welcome Networking Reception,
28-Apr-2026 19:07:51,4k9i14yn6zjuy,Abena,Song,Dev Tools & Platforms,abena.song@twilio.com,Twilio,Senior Developer Advocate,US,Session scan In,"Grand Ballroom, Level 4",Session Scan,iPad-Reception-01,reception.ops@techforwardsummit.com,,,QR Scan,4.12.3,S04_Reception,Welcome Networking Reception,
28-Apr-2026 19:08:20,vl911zsb8lv6t,Wolfgang,Kapoor,VIP,wolfgang.kapoor@salesforce.com,Salesforce,Chief Product Officer,US,Session scan In,"Grand Ballroom, Level 4",Session Scan,iPad-Reception-01,reception.ops@techforwardsummit.com,,,QR Scan,4.12.3,S04_Reception,Welcome Networking Reception,
28-Apr-2026 19:08:22,fxloz2rcu8kd9,Jacob,Ramirez,Enterprise Software,jacob.ramirez@hubspot.com,HubSpot,Head of Growth,US,Session scan In,"Grand Ballroom, Level 4",Session Scan,iPad-Reception-01,reception.ops@techforwardsummit.com,,,QR Scan,4.12.3,S04_Reception,Welcome Networking Reception,
28-Apr-2026 19:08:36,phb8oosprlzkc,Lucia,Choi,VC & Private Equity,lucia.choi@a16z.com,Andreessen Horowitz,General Partner,US,Session scan In,"Grand Ballroom, Level 4",Session Scan,iPad-Reception-01,reception.ops@techforwardsummit.com,,,QR Scan,4.12.3,S04_Reception,Welcome Networking Reception,
28-Apr-2026 19:08:37,q7w7jp61lfc1n,Pooja,Martin,Enterprise Software,pooja.martin@salesforce.com,Salesforce,Senior Product Manager,US,Session scan In,"Grand Ballroom, Level 4",Session Scan,iPad-Reception-01,reception.ops@techforwardsummit.com,,,QR Scan,4.12.3,S04_Reception,Welcome Networking Reception,
28-Apr-2026 19:08:43,ird4jpdt12sba,Yasmin,Le,Cloud & Infrastructure,yasmin.le@confluent.io,Confluent,Platform Engineer,US,Session scan In,"Grand Ballroom, Level 4",Session Scan,iPad-Reception-01,reception.ops@techforwardsummit.com,,,QR Scan,4.12.3,S04_Reception,Welcome Networking Reception,
28-Apr-2026 19:09:06,jwv2qnrmtn29t,Xiao,Oliveira,AI & Data,xiao.oliveira@wandb.ai,Weights & Biases,Research Scientist,US,Session scan In,"Grand Ballroom, Level 4",Session Scan,iPad-Reception-01,reception.ops@techforwardsummit.com,,,QR Scan,4.12.3,S04_Reception,Welcome Networking Reception,
28-Apr-2026 19:09:17,yhfjlwss1vip3,Min-Ji,Bianchi,Dev Tools & Platforms,minji.bianchi@sentry.io,Sentry,Head of Developer Relations,US,Session scan In,"Grand Ballroom, Level 4",Session Scan,iPad-Reception-01,reception.ops@techforwardsummit.com,,,QR Scan,4.12.3,S04_Reception,Welcome Networking Reception,
28-Apr-2026 19:09:36,ak32oouxqs1fo,George,Laurent,Board Member,george.laurent@nvidia.com,NVIDIA,Independent Director,US,Session scan In,"Grand Ballroom, Level 4",Session Scan,iPad-Reception-01,reception.ops@techforwardsummit.com,,,QR Scan,4.12.3,S04_Reception,Welcome Networking Reception,
28-Apr-2026 19:11:05,wk22m9rwv9njs,Miku,Miller,Cloud & Infrastructure,miku.miller@cloudflare.com,Cloudflare,DevOps Engineer,US,Session scan In,"Grand Ballroom, Level 4",Session Scan,iPad-Reception-01,reception.ops@techforwardsummit.com,,,QR Scan,4.12.3,S04_Reception,Welcome Networking Reception,
28-Apr-2026 19:11:13,hs0lt59hhpzuy,Haruto,Dlamini,AI & Data,haruto.dlamini@cohere.com,Cohere,Head of Data Science,CA,Session scan In,"Grand Ballroom, Level 4",Session Scan,iPad-Reception-01,reception.ops@techforwardsummit.com,,,QR Scan,4.12.3,S04_Reception,Welcome Networking Reception,
28-Apr-2026 19:11:24,zx9fq9tea7187,Dorothy,Johnson,Enterprise Software,dorothy.johnson@microsoft.com,Microsoft,Customer Success Manager,US,Session scan In,"Grand Ballroom, Level 4",Session Scan,iPad-Reception-01,reception.ops@techforwardsummit.com,,,QR Scan,4.12.3,S04_Reception,Welcome Networking Reception,
28-Apr-2026 19:11:42,fz8obk3g84utd,Adam,Clarke,Cloud & Infrastructure,adam.clarke@cloud.google.com,Google Cloud,Platform Engineering Lead,US,Session scan In,"Grand Ballroom, Level 4",Session Scan,iPad-Reception-01,reception.ops@techforwardsummit.com,,,QR Scan,4.12.3,S04_Reception,Welcome Networking Reception,
28-Apr-2026 19:11:49,91jgjti2lswbb,Jeffrey,Feng,AI & Data,jeffrey.feng@databricks.com,Databricks,AI/ML Platform Lead,US,Session scan In,"Grand Ballroom, Level 4",Session Scan,iPad-Reception-01,reception.ops@techforwardsummit.com,,,QR Scan,4.12.3,S04_Reception,Welcome Networking Reception,
28-Apr-2026 19:12:04,twjlsh3tow4yc,Juan,Gao,Cloud & Infrastructure,juan.gao@akamai.com,Akamai Technologies,Senior Site Reliability Engineer,US,Session scan In,"Grand Ballroom, Level 4",Session Scan,iPad-Reception-01,reception.ops@techforwardsummit.com,,,QR Scan,4.12.3,S04_Reception,Welcome Networking Reception,
28-Apr-2026 19:12:13,0gq34pggcbi6q,Ryo,Davies,Cybersecurity,ryo.davies@lacework.com,Lacework,Senior Security Engineer,US,Session scan In,"Grand Ballroom, Level 4",Session Scan,iPad-Reception-01,reception.ops@techforwardsummit.com,,,QR Scan,4.12.3,S04_Reception,Welcome Networking Reception,
28-Apr-2026 19:12:29,vu049dd5s0q7o,Rachel,Iyer,Enterprise Software,rachel.iyer@servicenow.com,ServiceNow,Principal Product Manager,US,Session scan In,"Grand Ballroom, Level 4",Session Scan,iPad-Reception-01,reception.ops@techforwardsummit.com,,,QR Scan,4.12.3,S04_Reception,Welcome Networking Reception,
28-Apr-2026 19:13:08,od7rb1s9dwd7o,George,Ward,Cybersecurity,george.ward@zscaler.com,Zscaler,Security Sales Engineer,US,Session scan In,"Grand Ballroom, Level 4",Session Scan,iPad-Reception-01,reception.ops@techforwardsummit.com,,,QR Scan,4.12.3,S04_Reception,Welcome Networking Reception,
28-Apr-2026 19:13:15,mfbuvldd9fkxz,Nurul,Pham,IT Consulting & SI,nurul.pham@nttdata.com,NTT Data,Senior Technology Consultant,JP,Session scan In,"Grand Ballroom, Level 4",Session Scan,iPad-Reception-01,reception.ops@techforwardsummit.com,,,QR Scan,4.12.3,S04_Reception,Welcome Networking Reception,
28-Apr-2026 19:13:31,7s7o4yc3s0dpj,Benjamin,Wagner,Board Member,benjamin.wagner@microsoft.com,Microsoft,Board Director,US,Session scan In,"Grand Ballroom, Level 4",Session Scan,iPad-Reception-01,reception.ops@techforwardsummit.com,,,QR Scan,4.12.3,S04_Reception,Welcome Networking Reception,
28-Apr-2026 19:13:48,zgflig5gkzjru,Neha,Flores,Cybersecurity,neha.flores@paloaltonetworks.com,Palo Alto Networks,SOC Analyst,US,Session scan In,"Grand Ballroom, Level 4",Session Scan,iPad-Reception-01,reception.ops@techforwardsummit.com,,,QR Scan,4.12.3,S04_Reception,Welcome Networking Reception,
28-Apr-2026 19:14:05,da37e1j7v2a2t,Ama,Srivastava,Cybersecurity,ama.srivastava@lacework.com,Lacework,Senior Security Engineer,US,Session scan In,"Grand Ballroom, Level 4",Session Scan,iPad-Reception-01,reception.ops@techforwardsummit.com,,,QR Scan,4.12.3,S04_Reception,Welcome Networking Reception,
28-Apr-2026 19:14:06,zpy9qzo7io2f2,Pranav,Sanchez,Media/Press,pranav.sanchez@theverge.com,The Verge,Contributing Writer,US,Session scan In,"Grand Ballroom, Level 4",Session Scan,iPad-Reception-01,reception.ops@techforwardsummit.com,,,QR Scan,4.12.3,S04_Reception,Welcome Networking Reception,
28-Apr-2026 19:15:09,u8iziibco8jea,Sharon,Petit,Enterprise Software,sharon.petit@microsoft.com,Microsoft,Senior Solutions Engineer,US,Session scan In,"Grand Ballroom, Level 4",Session Scan,iPad-Reception-01,reception.ops@techforwardsummit.com,,,QR Scan,4.12.3,S04_Reception,Welcome Networking Reception,
28-Apr-2026 19:16:15,lei6wgl8i9akf,Matthew,Flores,IT Consulting & SI,matthew.flores@wipro.com,Wipro,Associate Director,IN,Session scan In,"Grand Ballroom, Level 4",Session Scan,iPad-Reception-01,reception.ops@techforwardsummit.com,,,QR Scan,4.12.3,S04_Reception,Welcome Networking Reception,
28-Apr-2026 19:18:08,eh5e5rwsf5pae,Raj,Simon,VC & Private Equity,raj.simon@bvp.com,Bessemer Venture Partners,Investment Director,US,Session scan In,"Grand Ballroom, Level 4",Session Scan,iPad-Reception-01,reception.ops@techforwardsummit.com,,,QR Scan,4.12.3,S04_Reception,Welcome Networking Reception,
28-Apr-2026 19:19:15,fj2etpseywr7o,Pierre,Tran,Hardware & Semiconductors,pierre.tran@intel.com,Intel,System Architecture Engineer,US,Session scan In,"Grand Ballroom, Level 4",Session Scan,iPad-Reception-01,reception.ops@techforwardsummit.com,,,QR Scan,4.12.3,S04_Reception,Welcome Networking Reception,
28-Apr-2026 19:19:42,gmdrdsferfxio,Anita,Chatterjee,Board Member,anita.chatterjee@aws.amazon.com,Amazon Web Services,Board Director,US,Session scan In,"Grand Ballroom, Level 4",Session Scan,iPad-Reception-01,reception.ops@techforwardsummit.com,,,QR Scan,4.12.3,S04_Reception,Welcome Networking Reception,
28-Apr-2026 19:20:01,0iuduahgk6t9d,Peter,Evans,Staff,peter.evans@fielddrive.com,FieldDrive Events,Registration & Badging Lead,BE,Session scan In,"Grand Ballroom, Level 4",Session Scan,iPad-Reception-01,reception.ops@techforwardsummit.com,,,QR Scan,4.12.3,S04_Reception,Welcome Networking Reception,
28-Apr-2026 19:20:06,wh50jyook63rv,Henrik,Becker,Enterprise Software,henrik.becker@freshworks.com,Freshworks,Senior Product Manager,IN,Session scan In,"Grand Ballroom, Level 4",Session Scan,iPad-Reception-01,reception.ops@techforwardsummit.com,,,QR Scan,4.12.3,S04_Reception,Welcome Networking Reception,
28-Apr-2026 19:22:21,flsehuds3qsqc,Yuki,Mueller,Hardware & Semiconductors,yuki.mueller@qualcomm.com,Qualcomm,Senior Chip Design Engineer,US,Session scan In,"Grand Ballroom, Level 4",Session Scan,iPad-Reception-01,reception.ops@techforwardsummit.com,,,QR Scan,4.12.3,S04_Reception,Welcome Networking Reception,
28-Apr-2026 19:22:36,9211u645vdb82,Mateus,Ricci,Enterprise Software,mateus.ricci@sap.com,SAP,Solutions Architect,DE,Session scan In,"Grand Ballroom, Level 4",Session Scan,iPad-Reception-01,reception.ops@techforwardsummit.com,,,QR Scan,4.12.3,S04_Reception,Welcome Networking Reception,
28-Apr-2026 19:22:52,6975j2d8clw3j,Jessica,Baker,Cybersecurity,jessica.baker@wiz.io,Wiz,Security Consultant,US,Session scan In,"Grand Ballroom, Level 4",Session Scan,iPad-Reception-01,reception.ops@techforwardsummit.com,,,QR Scan,4.12.3,S04_Reception,Welcome Networking Reception,
28-Apr-2026 19:23:27,25485hcqxcs1x,Sota,Chen,AI & Data,sota.chen@palantir.com,Palantir Technologies,Principal ML Engineer,US,Session scan In,"Grand Ballroom, Level 4",Session Scan,iPad-Reception-01,reception.ops@techforwardsummit.com,,,QR Scan,4.12.3,S04_Reception,Welcome Networking Reception,
28-Apr-2026 19:25:13,54rjsxfoh9mbu,Juan,He,Enterprise Software,juan.he@atlassian.com,Atlassian,Senior Solutions Engineer,AU,Session scan In,"Grand Ballroom, Level 4",Session Scan,iPad-Reception-01,reception.ops@techforwardsummit.com,,,QR Scan,4.12.3,S04_Reception,Welcome Networking Reception,
28-Apr-2026 19:25:34,r2tyzc5hssx0b,Philip,Ho,Dev Tools & Platforms,philip.ho@temporal.io,Temporal,Platform Product Manager,US,Session scan In,"Grand Ballroom, Level 4",Session Scan,iPad-Reception-01,reception.ops@techforwardsummit.com,,,QR Scan,4.12.3,S04_Reception,Welcome Networking Reception,
28-Apr-2026 19:25:47,ltm9r6mguov5i,Miho,Koh,Enterprise Software,miho.koh@oracle.com,Oracle,Customer Success Manager,US,Session scan In,"Grand Ballroom, Level 4",Session Scan,iPad-Reception-01,reception.ops@techforwardsummit.com,,,QR Scan,4.12.3,S04_Reception,Welcome Networking Reception,
28-Apr-2026 19:25:56,rxjpt2zl15s74,Hui,Green,AI & Data,hui.green@databricks.com,Databricks,Data Engineer,US,Session scan In,"Grand Ballroom, Level 4",Session Scan,iPad-Reception-01,reception.ops@techforwardsummit.com,,,QR Scan,4.12.3,S04_Reception,Welcome Networking Reception,
29-Apr-2026 08:06:52,gnhh4oipr11v1,Ella,Loh,Dev Tools & Platforms,ella.loh@sentry.io,Sentry,Senior Developer Advocate,US,Check-In,"Main Entrance, Level 1",Check History,iPad-Registration-01,registration@techforwardsummit.com,,,QR Scan,4.12.3,EntranceD2,Day 2 Registration & Entry,
29-Apr-2026 08:06:52,gnhh4oipr11v1,Ella,Loh,Dev Tools & Platforms,ella.loh@sentry.io,Sentry,Senior Developer Advocate,US,Print,"Main Entrance, Level 1",Check History,iPad-Registration-01,registration@techforwardsummit.com,,,QR Scan,4.12.3,EntranceD2,Day 2 Registration & Entry,
29-Apr-2026 08:09:23,563c36vfh3mi2,Christopher,Dlamini,Enterprise Software,christopher.dlamini@freshworks.com,Freshworks,"Account Executive, Enterprise",IN,Check-In,"Main Entrance, Level 1",Check History,iPad-Registration-01,registration@techforwardsummit.com,,,QR Scan,4.12.3,EntranceD2,Day 2 Registration & Entry,
29-Apr-2026 08:09:23,563c36vfh3mi2,Christopher,Dlamini,Enterprise Software,christopher.dlamini@freshworks.com,Freshworks,"Account Executive, Enterprise",IN,Print,"Main Entrance, Level 1",Check History,iPad-Registration-01,registration@techforwardsummit.com,,,QR Scan,4.12.3,EntranceD2,Day 2 Registration & Entry,
29-Apr-2026 08:12:25,6xda71ebvfwb5,Nicholas,Wilson,Enterprise Software,nicholas.wilson@salesforce.com,Salesforce,Senior Solutions Engineer,US,Check-In,"Main Entrance, Level 1",Check History,iPad-Registration-01,registration@techforwardsummit.com,,,QR Scan,4.12.3,EntranceD2,Day 2 Registration & Entry,
29-Apr-2026 08:12:25,6xda71ebvfwb5,Nicholas,Wilson,Enterprise Software,nicholas.wilson@salesforce.com,Salesforce,Senior Solutions Engineer,US,Print,"Main Entrance, Level 1",Check History,iPad-Registration-01,registration@techforwardsummit.com,,,QR Scan,4.12.3,EntranceD2,Day 2 Registration & Entry,
29-Apr-2026 08:14:01,flsehuds3qsqc,Yuki,Mueller,Hardware & Semiconductors,yuki.mueller@qualcomm.com,Qualcomm,Senior Chip Design Engineer,US,Check-In,"Main Entrance, Level 1",Check History,iPad-Registration-01,registration@techforwardsummit.com,,,QR Scan,4.12.3,EntranceD2,Day 2 Registration & Entry,
29-Apr-2026 08:14:01,flsehuds3qsqc,Yuki,Mueller,Hardware & Semiconductors,yuki.mueller@qualcomm.com,Qualcomm,Senior Chip Design Engineer,US,Print,"Main Entrance, Level 1",Check History,iPad-Registration-01,registration@techforwardsummit.com,,,QR Scan,4.12.3,EntranceD2,Day 2 Registration & Entry,
29-Apr-2026 08:15:10,2hyvezrad8ejp,Rahul,Park,Cybersecurity,rahul.park@tenable.com,Tenable,Threat Intelligence Analyst,US,Check-In,"Main Entrance, Level 1",Check History,iPad-Registration-01,registration@techforwardsummit.com,,,QR Scan,4.12.3,EntranceD2,Day 2 Registration & Entry,
29-Apr-2026 08:15:10,2hyvezrad8ejp,Rahul,Park,Cybersecurity,rahul.park@tenable.com,Tenable,Threat Intelligence Analyst,US,Print,"Main Entrance, Level 1",Check History,iPad-Registration-01,registration@techforwardsummit.com,,,QR Scan,4.12.3,EntranceD2,Day 2 Registration & Entry,
29-Apr-2026 08:15:38,ird4jpdt12sba,Yasmin,Le,Cloud & Infrastructure,yasmin.le@confluent.io,Confluent,Platform Engineer,US,Check-In,"Main Entrance, Level 1",Check History,iPad-Registration-01,registration@techforwardsummit.com,,,QR Scan,4.12.3,EntranceD2,Day 2 Registration & Entry,
29-Apr-2026 08:15:38,ird4jpdt12sba,Yasmin,Le,Cloud & Infrastructure,yasmin.le@confluent.io,Confluent,Platform Engineer,US,Print,"Main Entrance, Level 1",Check History,iPad-Registration-01,registration@techforwardsummit.com,,,QR Scan,4.12.3,EntranceD2,Day 2 Registration & Entry,
29-Apr-2026 08:16:38,6k4o67bxcd20j,Rania,Arora,Enterprise Software,rania.arora@oracle.com,Oracle,Senior Product Manager,US,Check-In,"Main Entrance, Level 1",Check History,iPad-Registration-01,registration@techforwardsummit.com,,,QR Scan,4.12.3,EntranceD2,Day 2 Registration & Entry,
29-Apr-2026 08:16:38,6k4o67bxcd20j,Rania,Arora,Enterprise Software,rania.arora@oracle.com,Oracle,Senior Product Manager,US,Print,"Main Entrance, Level 1",Check History,iPad-Registration-01,registration@techforwardsummit.com,,,QR Scan,4.12.3,EntranceD2,Day 2 Registration & Entry,
29-Apr-2026 08:16:40,lap1j55cuk5x6,Christine,Nelson,Cloud & Infrastructure,christine.nelson@confluent.io,Confluent,Platform Engineer,US,Check-In,"Main Entrance, Level 1",Check History,iPad-Registration-01,registration@techforwardsummit.com,,,QR Scan,4.12.3,EntranceD2,Day 2 Registration & Entry,
29-Apr-2026 08:16:40,lap1j55cuk5x6,Christine,Nelson,Cloud & Infrastructure,christine.nelson@confluent.io,Confluent,Platform Engineer,US,Print,"Main Entrance, Level 1",Check History,iPad-Registration-01,registration@techforwardsummit.com,,,QR Scan,4.12.3,EntranceD2,Day 2 Registration & Entry,
29-Apr-2026 08:17:05,lcd81twhwhy4h,Tendai,Hoffmann,Dev Tools & Platforms,tendai.hoffmann@pagerduty.com,PagerDuty,Senior Developer Advocate,US,Check-In,"Main Entrance, Level 1",Check History,iPad-Registration-01,registration@techforwardsummit.com,,,QR Scan,4.12.3,EntranceD2,Day 2 Registration & Entry,
29-Apr-2026 08:17:05,lcd81twhwhy4h,Tendai,Hoffmann,Dev Tools & Platforms,tendai.hoffmann@pagerduty.com,PagerDuty,Senior Developer Advocate,US,Print,"Main Entrance, Level 1",Check History,iPad-Registration-01,registration@techforwardsummit.com,,,QR Scan,4.12.3,EntranceD2,Day 2 Registration & Entry,
29-Apr-2026 08:18:31,ydz0b545k5q5g,Shu,Adams,Cybersecurity,shu.adams@fortinet.com,Fortinet,Threat Intelligence Analyst,US,Check-In,"Main Entrance, Level 1",Check History,iPad-Registration-01,registration@techforwardsummit.com,,,QR Scan,4.12.3,EntranceD2,Day 2 Registration & Entry,
29-Apr-2026 08:18:31,ydz0b545k5q5g,Shu,Adams,Cybersecurity,shu.adams@fortinet.com,Fortinet,Threat Intelligence Analyst,US,Print,"Main Entrance, Level 1",Check History,iPad-Registration-01,registration@techforwardsummit.com,,,QR Scan,4.12.3,EntranceD2,Day 2 Registration & Entry,
29-Apr-2026 08:18:59,085i4rzpcd140,Adam,Ho,IT Consulting & SI,adam.ho@deloitte.com,Deloitte Technology,Associate Director,US,Check-In,"Main Entrance, Level 1",Check History,iPad-Registration-01,registration@techforwardsummit.com,,,QR Scan,4.12.3,EntranceD2,Day 2 Registration & Entry,
29-Apr-2026 08:18:59,085i4rzpcd140,Adam,Ho,IT Consulting & SI,adam.ho@deloitte.com,Deloitte Technology,Associate Director,US,Print,"Main Entrance, Level 1",Check History,iPad-Registration-01,registration@techforwardsummit.com,,,QR Scan,4.12.3,EntranceD2,Day 2 Registration & Entry,
29-Apr-2026 08:19:36,nliobl7vjuz5p,Michelle,Petit,IT Consulting & SI,michelle.petit@thoughtworks.com,Thoughtworks,Data & AI Practice Lead,US,Check-In,"Main Entrance, Level 1",Check History,iPad-Registration-01,registration@techforwardsummit.com,,,QR Scan,4.12.3,EntranceD2,Day 2 Registration & Entry,
29-Apr-2026 08:19:36,nliobl7vjuz5p,Michelle,Petit,IT Consulting & SI,michelle.petit@thoughtworks.com,Thoughtworks,Data & AI Practice Lead,US,Print,"Main Entrance, Level 1",Check History,iPad-Registration-01,registration@techforwardsummit.com,,,QR Scan,4.12.3,EntranceD2,Day 2 Registration & Entry,
29-Apr-2026 08:19:52,r6c2cu7onz3jb,Andrew,Asante,IT Consulting & SI,andrew.asante@accenture.com,Accenture,"Solution Architect, Digital",IE,Check-In,"Main Entrance, Level 1",Check History,iPad-Registration-01,registration@techforwardsummit.com,,,QR Scan,4.12.3,EntranceD2,Day 2 Registration & Entry,
29-Apr-2026 08:19:52,r6c2cu7onz3jb,Andrew,Asante,IT Consulting & SI,andrew.asante@accenture.com,Accenture,"Solution Architect, Digital",IE,Print,"Main Entrance, Level 1",Check History,iPad-Registration-01,registration@techforwardsummit.com,,,QR Scan,4.12.3,EntranceD2,Day 2 Registration & Entry,
29-Apr-2026 08:20:39,zk3ny9v20yar8,Noah,Torres,Dev Tools & Platforms,noah.torres@retool.com,Retool,Senior Developer Advocate,US,Check-In,"Main Entrance, Level 1",Check History,iPad-Registration-01,registration@techforwardsummit.com,,,QR Scan,4.12.3,EntranceD2,Day 2 Registration & Entry,
29-Apr-2026 08:20:39,zk3ny9v20yar8,Noah,Torres,Dev Tools & Platforms,noah.torres@retool.com,Retool,Senior Developer Advocate,US,Print,"Main Entrance, Level 1",Check History,iPad-Registration-01,registration@techforwardsummit.com,,,QR Scan,4.12.3,EntranceD2,Day 2 Registration & Entry,
29-Apr-2026 08:20:57,qmktgv44ftj5c,Rachel,Jones,VC & Private Equity,rachel.jones@softbank.com,SoftBank Vision Fund,Venture Associate,JP,Check-In,"Main Entrance, Level 1",Check History,iPad-Registration-01,registration@techforwardsummit.com,,,QR Scan,4.12.3,EntranceD2,Day 2 Registration & Entry,
29-Apr-2026 08:20:57,qmktgv44ftj5c,Rachel,Jones,VC & Private Equity,rachel.jones@softbank.com,SoftBank Vision Fund,Venture Associate,JP,Print,"Main Entrance, Level 1",Check History,iPad-Registration-01,registration@techforwardsummit.com,,,QR Scan,4.12.3,EntranceD2,Day 2 Registration & Entry,
29-Apr-2026 08:23:33,a245j8o98bujd,Yuto,Lefebvre,Enterprise Software,yuto.lefebvre@zendesk.com,Zendesk,VP of Engineering,US,Check-In,"Main Entrance, Level 1",Check History,iPad-Registration-01,registration@techforwardsummit.com,,,QR Scan,4.12.3,EntranceD2,Day 2 Registration & Entry,
29-Apr-2026 08:23:33,a245j8o98bujd,Yuto,Lefebvre,Enterprise Software,yuto.lefebvre@zendesk.com,Zendesk,VP of Engineering,US,Print,"Main Entrance, Level 1",Check History,iPad-Registration-01,registration@techforwardsummit.com,,,QR Scan,4.12.3,EntranceD2,Day 2 Registration & Entry,
29-Apr-2026 08:23:43,248f3vkog1011,Benjamin,Rogers,VC & Private Equity,benjamin.rogers@a16z.com,Andreessen Horowitz,Venture Associate,US,Check-In,"Main Entrance, Level 1",Check History,iPad-Registration-01,registration@techforwardsummit.com,,,QR Scan,4.12.3,EntranceD2,Day 2 Registration & Entry,
29-Apr-2026 08:23:43,248f3vkog1011,Benjamin,Rogers,VC & Private Equity,benjamin.rogers@a16z.com,Andreessen Horowitz,Venture Associate,US,Print,"Main Entrance, Level 1",Check History,iPad-Registration-01,registration@techforwardsummit.com,,,QR Scan,4.12.3,EntranceD2,Day 2 Registration & Entry,
29-Apr-2026 08:24:10,dimbm271w1wud,Catherine,Moore,IT Consulting & SI,catherine.moore@deloitte.com,Deloitte Technology,Technology Consultant,US,Check-In,"Main Entrance, Level 1",Check History,iPad-Registration-01,registration@techforwardsummit.com,,,QR Scan,4.12.3,EntranceD2,Day 2 Registration & Entry,
29-Apr-2026 08:24:10,dimbm271w1wud,Catherine,Moore,IT Consulting & SI,catherine.moore@deloitte.com,Deloitte Technology,Technology Consultant,US,Print,"Main Entrance, Level 1",Check History,iPad-Registration-01,registration@techforwardsummit.com,,,QR Scan,4.12.3,EntranceD2,Day 2 Registration & Entry,
29-Apr-2026 08:25:24,bnw8bkxcgw1vg,Sanjay,Rodrigues,Hardware & Semiconductors,sanjay.rodrigues@marvell.com,Marvell Technology,Chief Technology Officer,US,Check-In,"Main Entrance, Level 1",Check History,iPad-Registration-01,registration@techforwardsummit.com,,,QR Scan,4.12.3,EntranceD2,Day 2 Registration & Entry,
29-Apr-2026 08:25:24,bnw8bkxcgw1vg,Sanjay,Rodrigues,Hardware & Semiconductors,sanjay.rodrigues@marvell.com,Marvell Technology,Chief Technology Officer,US,Print,"Main Entrance, Level 1",Check History,iPad-Registration-01,registration@techforwardsummit.com,,,QR Scan,4.12.3,EntranceD2,Day 2 Registration & Entry,
29-Apr-2026 08:25:42,6kqb166xtf52b,Brigitte,Conti,IT Consulting & SI,brigitte.conti@slalom.com,Slalom,"Solution Architect, Digital",US,Check-In,"Main Entrance, Level 1",Check History,iPad-Registration-01,registration@techforwardsummit.com,,,QR Scan,4.12.3,EntranceD2,Day 2 Registration & Entry,
29-Apr-2026 08:25:42,6kqb166xtf52b,Brigitte,Conti,IT Consulting & SI,brigitte.conti@slalom.com,Slalom,"Solution Architect, Digital",US,Print,"Main Entrance, Level 1",Check History,iPad-Registration-01,registration@techforwardsummit.com,,,QR Scan,4.12.3,EntranceD2,Day 2 Registration & Entry,
29-Apr-2026 08:25:56,c5qph6gb6p8kh,Tao,Zeng,Dev Tools & Platforms,tao.zeng@konghq.com,Kong,Senior Developer Advocate,US,Check-In,"Main Entrance, Level 1",Check History,iPad-Registration-01,registration@techforwardsummit.com,,,QR Scan,4.12.3,EntranceD2,Day 2 Registration & Entry,
29-Apr-2026 08:25:56,c5qph6gb6p8kh,Tao,Zeng,Dev Tools & Platforms,tao.zeng@konghq.com,Kong,Senior Developer Advocate,US,Print,"Main Entrance, Level 1",Check History,iPad-Registration-01,registration@techforwardsummit.com,,,QR Scan,4.12.3,EntranceD2,Day 2 Registration & Entry,
29-Apr-2026 08:26:50,ecw9yil8sa3id,Sofia,Romano,AI & Data,sofia.romano@huggingface.co,Hugging Face,Senior Data Scientist,US,Check-In,"Main Entrance, Level 1",Check History,iPad-Registration-01,registration@techforwardsummit.com,,,QR Scan,4.12.3,EntranceD2,Day 2 Registration & Entry,
29-Apr-2026 08:26:50,ecw9yil8sa3id,Sofia,Romano,AI & Data,sofia.romano@huggingface.co,Hugging Face,Senior Data Scientist,US,Print,"Main Entrance, Level 1",Check History,iPad-Registration-01,registration@techforwardsummit.com,,,QR Scan,4.12.3,EntranceD2,Day 2 Registration & Entry,
29-Apr-2026 08:27:01,o4eutawj4g8r7,Daiki,Stewart,Dev Tools & Platforms,daiki.stewart@github.com,GitHub,Solutions Engineer,US,Check-In,"Main Entrance, Level 1",Check History,iPad-Registration-01,registration@techforwardsummit.com,,,QR Scan,4.12.3,EntranceD2,Day 2 Registration & Entry,
29-Apr-2026 08:27:01,o4eutawj4g8r7,Daiki,Stewart,Dev Tools & Platforms,daiki.stewart@github.com,GitHub,Solutions Engineer,US,Print,"Main Entrance, Level 1",Check History,iPad-Registration-01,registration@techforwardsummit.com,,,QR Scan,4.12.3,EntranceD2,Day 2 Registration & Entry,
29-Apr-2026 08:27:17,0gq34pggcbi6q,Ryo,Davies,Cybersecurity,ryo.davies@lacework.com,Lacework,Senior Security Engineer,US,Check-In,"Main Entrance, Level 1",Check History,iPad-Registration-01,registration@techforwardsummit.com,,,QR Scan,4.12.3,EntranceD2,Day 2 Registration & Entry,
29-Apr-2026 08:27:17,0gq34pggcbi6q,Ryo,Davies,Cybersecurity,ryo.davies@lacework.com,Lacework,Senior Security Engineer,US,Print,"Main Entrance, Level 1",Check History,iPad-Registration-01,registration@techforwardsummit.com,,,QR Scan,4.12.3,EntranceD2,Day 2 Registration & Entry,
29-Apr-2026 08:27:58,sf6k9kohd5mhb,Paul,Chaudhary,IT Consulting & SI,paul.chaudhary@nttdata.com,NTT Data,VP of Digital Transformation,JP,Check-In,"Main Entrance, Level 1",Check History,iPad-Registration-01,registration@techforwardsummit.com,,,QR Scan,4.12.3,EntranceD2,Day 2 Registration & Entry,
29-Apr-2026 08:27:58,sf6k9kohd5mhb,Paul,Chaudhary,IT Consulting & SI,paul.chaudhary@nttdata.com,NTT Data,VP of Digital Transformation,JP,Print,"Main Entrance, Level 1",Check History,iPad-Registration-01,registration@techforwardsummit.com,,,QR Scan,4.12.3,EntranceD2,Day 2 Registration & Entry,
29-Apr-2026 08:28:02,8hl88kzruin3o,Nancy,Cho,IT Consulting & SI,nancy.cho@infosys.com,Infosys,"Solution Architect, Digital",IN,Check-In,"Main Entrance, Level 1",Check History,iPad-Registration-01,registration@techforwardsummit.com,,,QR Scan,4.12.3,EntranceD2,Day 2 Registration & Entry,
29-Apr-2026 08:28:02,8hl88kzruin3o,Nancy,Cho,IT Consulting & SI,nancy.cho@infosys.com,Infosys,"Solution Architect, Digital",IN,Print,"Main Entrance, Level 1",Check History,iPad-Registration-01,registration@techforwardsummit.com,,,QR Scan,4.12.3,EntranceD2,Day 2 Registration & Entry,
29-Apr-2026 08:28:07,bjkx9m4v74qr1,Nomsa,Wagner,Media/Press,nomsa.wagner@theverge.com,The Verge,Analyst & Commentator,US,Check-In,"Main Entrance, Level 1",Check History,iPad-Registration-01,registration@techforwardsummit.com,,,QR Scan,4.12.3,EntranceD2,Day 2 Registration & Entry,
29-Apr-2026 08:28:07,bjkx9m4v74qr1,Nomsa,Wagner,Media/Press,nomsa.wagner@theverge.com,The Verge,Analyst & Commentator,US,Print,"Main Entrance, Level 1",Check History,iPad-Registration-01,registration@techforwardsummit.com,,,QR Scan,4.12.3,EntranceD2,Day 2 Registration & Entry,
29-Apr-2026 08:28:09,1kjtgq01tee13,Pranav,Ito,Cybersecurity,pranav.ito@paloaltonetworks.com,Palo Alto Networks,Head of Information Security,US,Check-In,"Main Entrance, Level 1",Check History,iPad-Registration-01,registration@techforwardsummit.com,,,QR Scan,4.12.3,EntranceD2,Day 2 Registration & Entry,
29-Apr-2026 08:28:09,xqerbkn3dkvr5,Xiao,Lin,Hardware & Semiconductors,xiao.lin@intel.com,Intel,"VP of Product, Silicon",US,Check-In,"Main Entrance, Level 1",Check History,iPad-Registration-01,registration@techforwardsummit.com,,,QR Scan,4.12.3,EntranceD2,Day 2 Registration & Entry,
29-Apr-2026 08:28:09,1kjtgq01tee13,Pranav,Ito,Cybersecurity,pranav.ito@paloaltonetworks.com,Palo Alto Networks,Head of Information Security,US,Print,"Main Entrance, Level 1",Check History,iPad-Registration-01,registration@techforwardsummit.com,,,QR Scan,4.12.3,EntranceD2,Day 2 Registration & Entry,
29-Apr-2026 08:28:09,xqerbkn3dkvr5,Xiao,Lin,Hardware & Semiconductors,xiao.lin@intel.com,Intel,"VP of Product, Silicon",US,Print,"Main Entrance, Level 1",Check History,iPad-Registration-01,registration@techforwardsummit.com,,,QR Scan,4.12.3,EntranceD2,Day 2 Registration & Entry,
29-Apr-2026 08:28:43,3qvdjnv07oxk8,Mark,Torres,Cloud & Infrastructure,mark.torres@snowflake.com,Snowflake,Staff Infrastructure Engineer,US,Check-In,"Main Entrance, Level 1",Check History,iPad-Registration-01,registration@techforwardsummit.com,,,QR Scan,4.12.3,EntranceD2,Day 2 Registration & Entry,
29-Apr-2026 08:28:43,3qvdjnv07oxk8,Mark,Torres,Cloud & Infrastructure,mark.torres@snowflake.com,Snowflake,Staff Infrastructure Engineer,US,Print,"Main Entrance, Level 1",Check History,iPad-Registration-01,registration@techforwardsummit.com,,,QR Scan,4.12.3,EntranceD2,Day 2 Registration & Entry,
29-Apr-2026 08:28:51,vzn4regb1ajo0,Stephanie,Ricci,IT Consulting & SI,stephanie.ricci@cognizant.com,Cognizant,Cloud Migration Specialist,US,Check-In,"Main Entrance, Level 1",Check History,iPad-Registration-01,registration@techforwardsummit.com,,,QR Scan,4.12.3,EntranceD2,Day 2 Registration & Entry,
29-Apr-2026 08:28:51,vzn4regb1ajo0,Stephanie,Ricci,IT Consulting & SI,stephanie.ricci@cognizant.com,Cognizant,Cloud Migration Specialist,US,Print,"Main Entrance, Level 1",Check History,iPad-Registration-01,registration@techforwardsummit.com,,,QR Scan,4.12.3,EntranceD2,Day 2 Registration & Entry,
29-Apr-2026 08:29:39,ukpxpsbtnbdzr,Jonathan,Rodriguez,Hardware & Semiconductors,jonathan.rodriguez@tsmc.com,TSMC,Senior Chip Design Engineer,TW,Check-In,"Main Entrance, Level 1",Check History,iPad-Registration-01,registration@techforwardsummit.com,,,QR Scan,4.12.3,EntranceD2,Day 2 Registration & Entry,
29-Apr-2026 08:29:39,ukpxpsbtnbdzr,Jonathan,Rodriguez,Hardware & Semiconductors,jonathan.rodriguez@tsmc.com,TSMC,Senior Chip Design Engineer,TW,Print,"Main Entrance, Level 1",Check History,iPad-Registration-01,registration@techforwardsummit.com,,,QR Scan,4.12.3,EntranceD2,Day 2 Registration & Entry,
29-Apr-2026 08:29:50,mph7vqja6614r,Hana,Simon,AI & Data,hana.simon@mistral.ai,Mistral AI,Head of Data Science,FR,Check-In,"Main Entrance, Level 1",Check History,iPad-Registration-01,registration@techforwardsummit.com,,,QR Scan,4.12.3,EntranceD2,Day 2 Registration & Entry,
29-Apr-2026 08:29:50,mph7vqja6614r,Hana,Simon,AI & Data,hana.simon@mistral.ai,Mistral AI,Head of Data Science,FR,Print,"Main Entrance, Level 1",Check History,iPad-Registration-01,registration@techforwardsummit.com,,,QR Scan,4.12.3,EntranceD2,Day 2 Registration & Entry,
29-Apr-2026 08:29:52,gx8m8ct71wb0b,Alexander,Durand,IT Consulting & SI,alexander.durand@capgemini.com,Capgemini,Associate Director,FR,Check-In,"Main Entrance, Level 1",Check History,iPad-Registration-01,registration@techforwardsummit.com,,,QR Scan,4.12.3,EntranceD2,Day 2 Registration & Entry,
29-Apr-2026 08:29:52,gx8m8ct71wb0b,Alexander,Durand,IT Consulting & SI,alexander.durand@capgemini.com,Capgemini,Associate Director,FR,Print,"Main Entrance, Level 1",Check History,iPad-Registration-01,registration@techforwardsummit.com,,,QR Scan,4.12.3,EntranceD2,Day 2 Registration & Entry,
29-Apr-2026 08:30:06,24479qtkcd0rl,Timothy,Abdullah,Enterprise Software,timothy.abdullah@microsoft.com,Microsoft,Staff Software Engineer,US,Check-In,"Main Entrance, Level 1",Check History,iPad-Registration-01,registration@techforwardsummit.com,,,QR Scan,4.12.3,EntranceD2,Day 2 Registration & Entry,
29-Apr-2026 08:30:06,24479qtkcd0rl,Timothy,Abdullah,Enterprise Software,timothy.abdullah@microsoft.com,Microsoft,Staff Software Engineer,US,Print,"Main Entrance, Level 1",Check History,iPad-Registration-01,registration@techforwardsummit.com,,,QR Scan,4.12.3,EntranceD2,Day 2 Registration & Entry,
29-Apr-2026 08:30:23,iymyk86adnokk,Fazilah,Andersen,VC & Private Equity,fazilah.andersen@lsvp.com,Lightspeed Venture Partners,Partner,US,Check-In,"Main Entrance, Level 1",Check History,iPad-Registration-01,registration@techforwardsummit.com,,,QR Scan,4.12.3,EntranceD2,Day 2 Registration & Entry,
29-Apr-2026 08:30:23,iymyk86adnokk,Fazilah,Andersen,VC & Private Equity,fazilah.andersen@lsvp.com,Lightspeed Venture Partners,Partner,US,Print,"Main Entrance, Level 1",Check History,iPad-Registration-01,registration@techforwardsummit.com,,,QR Scan,4.12.3,EntranceD2,Day 2 Registration & Entry,
29-Apr-2026 08:30:24,4udtlvr7mgatn,Laura,Wright,Dev Tools & Platforms,laura.wright@pagerduty.com,PagerDuty,Head of Developer Relations,US,Check-In,"Main Entrance, Level 1",Check History,iPad-Registration-01,registration@techforwardsummit.com,,,QR Scan,4.12.3,EntranceD2,Day 2 Registration & Entry,
29-Apr-2026 08:30:24,4udtlvr7mgatn,Laura,Wright,Dev Tools & Platforms,laura.wright@pagerduty.com,PagerDuty,Head of Developer Relations,US,Print,"Main Entrance, Level 1",Check History,iPad-Registration-01,registration@techforwardsummit.com,,,QR Scan,4.12.3,EntranceD2,Day 2 Registration & Entry,
29-Apr-2026 08:30:28,r2tyzc5hssx0b,Philip,Ho,Dev Tools & Platforms,philip.ho@temporal.io,Temporal,Platform Product Manager,US,Check-In,"Main Entrance, Level 1",Check History,iPad-Registration-01,registration@techforwardsummit.com,,,QR Scan,4.12.3,EntranceD2,Day 2 Registration & Entry,
29-Apr-2026 08:30:28,r2tyzc5hssx0b,Philip,Ho,Dev Tools & Platforms,philip.ho@temporal.io,Temporal,Platform Product Manager,US,Print,"Main Entrance, Level 1",Check History,iPad-Registration-01,registration@techforwardsummit.com,,,QR Scan,4.12.3,EntranceD2,Day 2 Registration & Entry,
29-Apr-2026 08:31:06,1bjt4zf3d4d32,Ying,Romano,Enterprise Software,ying.romano@monday.com,monday.com,Senior Product Manager,IL,Check-In,"Main Entrance, Level 1",Check History,iPad-Registration-01,registration@techforwardsummit.com,,,QR Scan,4.12.3,EntranceD2,Day 2 Registration & Entry,
29-Apr-2026 08:31:06,1bjt4zf3d4d32,Ying,Romano,Enterprise Software,ying.romano@monday.com,monday.com,Senior Product Manager,IL,Print,"Main Entrance, Level 1",Check History,iPad-Registration-01,registration@techforwardsummit.com,,,QR Scan,4.12.3,EntranceD2,Day 2 Registration & Entry,
29-Apr-2026 08:31:18,jwv2qnrmtn29t,Xiao,Oliveira,AI & Data,xiao.oliveira@wandb.ai,Weights & Biases,Research Scientist,US,Check-In,"Main Entrance, Level 1",Check History,iPad-Registration-01,registration@techforwardsummit.com,,,QR Scan,4.12.3,EntranceD2,Day 2 Registration & Entry,
29-Apr-2026 08:31:18,jwv2qnrmtn29t,Xiao,Oliveira,AI & Data,xiao.oliveira@wandb.ai,Weights & Biases,Research Scientist,US,Print,"Main Entrance, Level 1",Check History,iPad-Registration-01,registration@techforwardsummit.com,,,QR Scan,4.12.3,EntranceD2,Day 2 Registration & Entry,
29-Apr-2026 08:31:29,kia0w8myzdcqr,Tao,Moreau,AI & Data,tao.moreau@weaviate.io,Weaviate,Senior Data Scientist,NL,Check-In,"Main Entrance, Level 1",Check History,iPad-Registration-01,registration@techforwardsummit.com,,,QR Scan,4.12.3,EntranceD2,Day 2 Registration & Entry,
29-Apr-2026 08:31:29,kia0w8myzdcqr,Tao,Moreau,AI & Data,tao.moreau@weaviate.io,Weaviate,Senior Data Scientist,NL,Print,"Main Entrance, Level 1",Check History,iPad-Registration-01,registration@techforwardsummit.com,,,QR Scan,4.12.3,EntranceD2,Day 2 Registration & Entry,
29-Apr-2026 08:31:34,se99f77lu8el5,Layla,Wilson,Cloud & Infrastructure,layla.wilson@vercel.com,Vercel,DevOps Engineer,US,Check-In,"Main Entrance, Level 1",Check History,iPad-Registration-01,registration@techforwardsummit.com,,,QR Scan,4.12.3,EntranceD2,Day 2 Registration & Entry,
29-Apr-2026 08:31:34,se99f77lu8el5,Layla,Wilson,Cloud & Infrastructure,layla.wilson@vercel.com,Vercel,DevOps Engineer,US,Print,"Main Entrance, Level 1",Check History,iPad-Registration-01,registration@techforwardsummit.com,,,QR Scan,4.12.3,EntranceD2,Day 2 Registration & Entry,
29-Apr-2026 08:31:53,ftnm8vh1xsn66,Sakura,Tang,IT Consulting & SI,sakura.tang@thoughtworks.com,Thoughtworks,Technology Consultant,US,Check-In,"Main Entrance, Level 1",Check History,iPad-Registration-01,registration@techforwardsummit.com,,,QR Scan,4.12.3,EntranceD2,Day 2 Registration & Entry,
29-Apr-2026 08:31:53,ftnm8vh1xsn66,Sakura,Tang,IT Consulting & SI,sakura.tang@thoughtworks.com,Thoughtworks,Technology Consultant,US,Print,"Main Entrance, Level 1",Check History,iPad-Registration-01,registration@techforwardsummit.com,,,QR Scan,4.12.3,EntranceD2,Day 2 Registration & Entry,
29-Apr-2026 08:32:00,ilsidbx287gt7,Jeffrey,Richardson,IT Consulting & SI,jeffrey.richardson@kpmg.com,KPMG Advisory,Technology Consultant,NL,Check-In,"Main Entrance, Level 1",Check History,iPad-Registration-01,registration@techforwardsummit.com,,,QR Scan,4.12.3,EntranceD2,Day 2 Registration & Entry,
29-Apr-2026 08:32:00,ilsidbx287gt7,Jeffrey,Richardson,IT Consulting & SI,jeffrey.richardson@kpmg.com,KPMG Advisory,Technology Consultant,NL,Print,"Main Entrance, Level 1",Check History,iPad-Registration-01,registration@techforwardsummit.com,,,QR Scan,4.12.3,EntranceD2,Day 2 Registration & Entry,
29-Apr-2026 08:33:30,ub4o47en48nys,Alexander,Weber,Enterprise Software,alexander.weber@sprinklr.com,Sprinklr,VP of Sales,US,Check-In,"Main Entrance, Level 1",Check History,iPad-Registration-01,registration@techforwardsummit.com,,,QR Scan,4.12.3,EntranceD2,Day 2 Registration & Entry,
29-Apr-2026 08:33:30,ub4o47en48nys,Alexander,Weber,Enterprise Software,alexander.weber@sprinklr.com,Sprinklr,VP of Sales,US,Print,"Main Entrance, Level 1",Check History,iPad-Registration-01,registration@techforwardsummit.com,,,QR Scan,4.12.3,EntranceD2,Day 2 Registration & Entry,
29-Apr-2026 08:33:35,2w9zl5y31k88n,Lin,Schmidt,Dev Tools & Platforms,lin.schmidt@jfrog.com,JFrog,Platform Product Manager,US,Check-In,"Main Entrance, Level 1",Check History,iPad-Registration-01,registration@techforwardsummit.com,,,QR Scan,4.12.3,EntranceD2,Day 2 Registration & Entry,
29-Apr-2026 08:33:35,2w9zl5y31k88n,Lin,Schmidt,Dev Tools & Platforms,lin.schmidt@jfrog.com,JFrog,Platform Product Manager,US,Print,"Main Entrance, Level 1",Check History,iPad-Registration-01,registration@techforwardsummit.com,,,QR Scan,4.12.3,EntranceD2,Day 2 Registration & Entry,
29-Apr-2026 08:33:45,4ebo2j3ayiuke,Hye-Jin,Chaudhary,IT Consulting & SI,hyejin.chaudhary@slalom.com,Slalom,Technology Consultant,US,Check-In,"Main Entrance, Level 1",Check History,iPad-Registration-01,registration@techforwardsummit.com,,,QR Scan,4.12.3,EntranceD2,Day 2 Registration & Entry,
29-Apr-2026 08:33:45,4ebo2j3ayiuke,Hye-Jin,Chaudhary,IT Consulting & SI,hyejin.chaudhary@slalom.com,Slalom,Technology Consultant,US,Print,"Main Entrance, Level 1",Check History,iPad-Registration-01,registration@techforwardsummit.com,,,QR Scan,4.12.3,EntranceD2,Day 2 Registration & Entry,
29-Apr-2026 08:33:55,ds9yxz7sxdqc2,Anita,Carter,AI & Data,anita.carter@palantir.com,Palantir Technologies,AI/ML Platform Lead,US,Check-In,"Main Entrance, Level 1",Check History,iPad-Registration-01,registration@techforwardsummit.com,,,QR Scan,4.12.3,EntranceD2,Day 2 Registration & Entry,
29-Apr-2026 08:33:55,ds9yxz7sxdqc2,Anita,Carter,AI & Data,anita.carter@palantir.com,Palantir Technologies,AI/ML Platform Lead,US,Print,"Main Entrance, Level 1",Check History,iPad-Registration-01,registration@techforwardsummit.com,,,QR Scan,4.12.3,EntranceD2,Day 2 Registration & Entry,
29-Apr-2026 08:34:18,8tjwofc57paco,Wei,Nkosi,Hardware & Semiconductors,wei.nkosi@graphcore.ai,Graphcore,System Architecture Engineer,GB,Check-In,"Main Entrance, Level 1",Check History,iPad-Registration-01,registration@techforwardsummit.com,,,QR Scan,4.12.3,EntranceD2,Day 2 Registration & Entry,
29-Apr-2026 08:34:18,8tjwofc57paco,Wei,Nkosi,Hardware & Semiconductors,wei.nkosi@graphcore.ai,Graphcore,System Architecture Engineer,GB,Print,"Main Entrance, Level 1",Check History,iPad-Registration-01,registration@techforwardsummit.com,,,QR Scan,4.12.3,EntranceD2,Day 2 Registration & Entry,
29-Apr-2026 08:35:31,py8258j2hka4m,Patrick,Zheng,Cloud & Infrastructure,patrick.zheng@supabase.com,Supabase,Senior Site Reliability Engineer,US,Check-In,"Main Entrance, Level 1",Check History,iPad-Registration-01,registration@techforwardsummit.com,,,QR Scan,4.12.3,EntranceD2,Day 2 Registration & Entry,
29-Apr-2026 08:35:31,py8258j2hka4m,Patrick,Zheng,Cloud & Infrastructure,patrick.zheng@supabase.com,Supabase,Senior Site Reliability Engineer,US,Print,"Main Entrance, Level 1",Check History,iPad-Registration-01,registration@techforwardsummit.com,,,QR Scan,4.12.3,EntranceD2,Day 2 Registration & Entry,
29-Apr-2026 08:35:33,66pb90spo3zdr,Amy,Choi,AI & Data,amy.choi@cohere.com,Cohere,Principal ML Engineer,CA,Check-In,"Main Entrance, Level 1",Check History,iPad-Registration-01,registration@techforwardsummit.com,,,QR Scan,4.12.3,EntranceD2,Day 2 Registration & Entry,
29-Apr-2026 08:35:33,66pb90spo3zdr,Amy,Choi,AI & Data,amy.choi@cohere.com,Cohere,Principal ML Engineer,CA,Print,"Main Entrance, Level 1",Check History,iPad-Registration-01,registration@techforwardsummit.com,,,QR Scan,4.12.3,EntranceD2,Day 2 Registration & Entry,
29-Apr-2026 08:36:30,phb8oosprlzkc,Lucia,Choi,VC & Private Equity,lucia.choi@a16z.com,Andreessen Horowitz,General Partner,US,Check-In,"Main Entrance, Level 1",Check History,iPad-Registration-01,registration@techforwardsummit.com,,,QR Scan,4.12.3,EntranceD2,Day 2 Registration & Entry,
29-Apr-2026 08:36:30,phb8oosprlzkc,Lucia,Choi,VC & Private Equity,lucia.choi@a16z.com,Andreessen Horowitz,General Partner,US,Print,"Main Entrance, Level 1",Check History,iPad-Registration-01,registration@techforwardsummit.com,,,QR Scan,4.12.3,EntranceD2,Day 2 Registration & Entry,
29-Apr-2026 08:36:50,740c98uzzy00e,Franz,Cook,Enterprise Software,franz.cook@oracle.com,Oracle,Engineering Manager,US,Check-In,"Main Entrance, Level 1",Check History,iPad-Registration-01,registration@techforwardsummit.com,,,QR Scan,4.12.3,EntranceD2,Day 2 Registration & Entry,
29-Apr-2026 08:36:50,740c98uzzy00e,Franz,Cook,Enterprise Software,franz.cook@oracle.com,Oracle,Engineering Manager,US,Print,"Main Entrance, Level 1",Check History,iPad-Registration-01,registration@techforwardsummit.com,,,QR Scan,4.12.3,EntranceD2,Day 2 Registration & Entry,
29-Apr-2026 08:37:27,rvd79zurutk92,Philip,Teo,IT Consulting & SI,philip.teo@bcg.com,BCG X,Senior Technology Consultant,US,Check-In,"Main Entrance, Level 1",Check History,iPad-Registration-01,registration@techforwardsummit.com,,,QR Scan,4.12.3,EntranceD2,Day 2 Registration & Entry,
29-Apr-2026 08:37:27,f5428mt9fsv5q,Valentina,Iyer,Hardware & Semiconductors,valentina.iyer@intel.com,Intel,AI Hardware Architect,US,Check-In,"Main Entrance, Level 1",Check History,iPad-Registration-01,registration@techforwardsummit.com,,,QR Scan,4.12.3,EntranceD2,Day 2 Registration & Entry,
29-Apr-2026 08:37:27,rvd79zurutk92,Philip,Teo,IT Consulting & SI,philip.teo@bcg.com,BCG X,Senior Technology Consultant,US,Print,"Main Entrance, Level 1",Check History,iPad-Registration-01,registration@techforwardsummit.com,,,QR Scan,4.12.3,EntranceD2,Day 2 Registration & Entry,
29-Apr-2026 08:37:27,f5428mt9fsv5q,Valentina,Iyer,Hardware & Semiconductors,valentina.iyer@intel.com,Intel,AI Hardware Architect,US,Print,"Main Entrance, Level 1",Check History,iPad-Registration-01,registration@techforwardsummit.com,,,QR Scan,4.12.3,EntranceD2,Day 2 Registration & Entry,
29-Apr-2026 08:37:33,wh50jyook63rv,Henrik,Becker,Enterprise Software,henrik.becker@freshworks.com,Freshworks,Senior Product Manager,IN,Check-In,"Main Entrance, Level 1",Check History,iPad-Registration-01,registration@techforwardsummit.com,,,QR Scan,4.12.3,EntranceD2,Day 2 Registration & Entry,
29-Apr-2026 08:37:33,wh50jyook63rv,Henrik,Becker,Enterprise Software,henrik.becker@freshworks.com,Freshworks,Senior Product Manager,IN,Print,"Main Entrance, Level 1",Check History,iPad-Registration-01,registration@techforwardsummit.com,,,QR Scan,4.12.3,EntranceD2,Day 2 Registration & Entry,
29-Apr-2026 08:37:47,o8w81ayuam75p,Hana,Goh,Cybersecurity,hana.goh@okta.com,Okta,SOC Analyst,US,Check-In,"Main Entrance, Level 1",Check History,iPad-Registration-01,registration@techforwardsummit.com,,,QR Scan,4.12.3,EntranceD2,Day 2 Registration & Entry,
29-Apr-2026 08:37:47,o8w81ayuam75p,Hana,Goh,Cybersecurity,hana.goh@okta.com,Okta,SOC Analyst,US,Print,"Main Entrance, Level 1",Check History,iPad-Registration-01,registration@techforwardsummit.com,,,QR Scan,4.12.3,EntranceD2,Day 2 Registration & Entry,
29-Apr-2026 08:38:32,gvtn4ypkw7493,Anthony,Lewis,Enterprise Software,anthony.lewis@salesforce.com,Salesforce,Solutions Architect,US,Check-In,"Main Entrance, Level 1",Check History,iPad-Registration-01,registration@techforwardsummit.com,,,QR Scan,4.12.3,EntranceD2,Day 2 Registration & Entry,
29-Apr-2026 08:38:32,gvtn4ypkw7493,Anthony,Lewis,Enterprise Software,anthony.lewis@salesforce.com,Salesforce,Solutions Architect,US,Print,"Main Entrance, Level 1",Check History,iPad-Registration-01,registration@techforwardsummit.com,,,QR Scan,4.12.3,EntranceD2,Day 2 Registration & Entry,
29-Apr-2026 08:38:39,6om1fb8c7x0h3,Frank,Jeong,AI & Data,frank.jeong@weaviate.io,Weaviate,AI/ML Platform Lead,NL,Check-In,"Main Entrance, Level 1",Check History,iPad-Registration-01,registration@techforwardsummit.com,,,QR Scan,4.12.3,EntranceD2,Day 2 Registration & Entry,
29-Apr-2026 08:38:39,6om1fb8c7x0h3,Frank,Jeong,AI & Data,frank.jeong@weaviate.io,Weaviate,AI/ML Platform Lead,NL,Print,"Main Entrance, Level 1",Check History,iPad-Registration-01,registration@techforwardsummit.com,,,QR Scan,4.12.3,EntranceD2,Day 2 Registration & Entry,
29-Apr-2026 08:38:41,i4opf541a1hyp,Ryo,Khanna,Enterprise Software,ryo.khanna@intuit.com,Intuit,Principal Product Manager,US,Check-In,"Main Entrance, Level 1",Check History,iPad-Registration-01,registration@techforwardsummit.com,,,QR Scan,4.12.3,EntranceD2,Day 2 Registration & Entry,
29-Apr-2026 08:38:41,i4opf541a1hyp,Ryo,Khanna,Enterprise Software,ryo.khanna@intuit.com,Intuit,Principal Product Manager,US,Print,"Main Entrance, Level 1",Check History,iPad-Registration-01,registration@techforwardsummit.com,,,QR Scan,4.12.3,EntranceD2,Day 2 Registration & Entry,
29-Apr-2026 08:38:59,9bd9zmq77hns5,Camila,Edwards,Hardware & Semiconductors,camila.edwards@amd.com,AMD,System Architecture Engineer,US,Check-In,"Main Entrance, Level 1",Check History,iPad-Registration-01,registration@techforwardsummit.com,,,QR Scan,4.12.3,EntranceD2,Day 2 Registration & Entry,
29-Apr-2026 08:38:59,9bd9zmq77hns5,Camila,Edwards,Hardware & Semiconductors,camila.edwards@amd.com,AMD,System Architecture Engineer,US,Print,"Main Entrance, Level 1",Check History,iPad-Registration-01,registration@techforwardsummit.com,,,QR Scan,4.12.3,EntranceD2,Day 2 Registration & Entry,
29-Apr-2026 08:39:16,x0gu4bj3bqrr8,Kento,Cooper,Cloud & Infrastructure,kento.cooper@datadoghq.com,Datadog,Chief Technology Officer,US,Check-In,"Main Entrance, Level 1",Check History,iPad-Registration-01,registration@techforwardsummit.com,,,QR Scan,4.12.3,EntranceD2,Day 2 Registration & Entry,
29-Apr-2026 08:39:16,x0gu4bj3bqrr8,Kento,Cooper,Cloud & Infrastructure,kento.cooper@datadoghq.com,Datadog,Chief Technology Officer,US,Print,"Main Entrance, Level 1",Check History,iPad-Registration-01,registration@techforwardsummit.com,,,QR Scan,4.12.3,EntranceD2,Day 2 Registration & Entry,
29-Apr-2026 08:39:23,a3yjtu7fbmenu,Kathleen,Peterson,Dev Tools & Platforms,kathleen.peterson@jfrog.com,JFrog,Platform Product Manager,US,Check-In,"Main Entrance, Level 1",Check History,iPad-Registration-01,registration@techforwardsummit.com,,,QR Scan,4.12.3,EntranceD2,Day 2 Registration & Entry,
29-Apr-2026 08:39:23,a3yjtu7fbmenu,Kathleen,Peterson,Dev Tools & Platforms,kathleen.peterson@jfrog.com,JFrog,Platform Product Manager,US,Print,"Main Entrance, Level 1",Check History,iPad-Registration-01,registration@techforwardsummit.com,,,QR Scan,4.12.3,EntranceD2,Day 2 Registration & Entry,
29-Apr-2026 08:39:33,37xncmldqz05e,Khairul,Hill,Cloud & Infrastructure,khairul.hill@elastic.co,Elastic,Platform Engineer,NL,Check-In,"Main Entrance, Level 1",Check History,iPad-Registration-01,registration@techforwardsummit.com,,,QR Scan,4.12.3,EntranceD2,Day 2 Registration & Entry,
29-Apr-2026 08:39:33,37xncmldqz05e,Khairul,Hill,Cloud & Infrastructure,khairul.hill@elastic.co,Elastic,Platform Engineer,NL,Print,"Main Entrance, Level 1",Check History,iPad-Registration-01,registration@techforwardsummit.com,,,QR Scan,4.12.3,EntranceD2,Day 2 Registration & Entry,
29-Apr-2026 08:40:03,qmvqwpqo2lngi,Greta,Robinson,Hardware & Semiconductors,greta.robinson@arm.com,Arm Holdings,AI Hardware Architect,GB,Check-In,"Main Entrance, Level 1",Check History,iPad-Registration-01,registration@techforwardsummit.com,,,QR Scan,4.12.3,EntranceD2,Day 2 Registration & Entry,
29-Apr-2026 08:40:03,qmvqwpqo2lngi,Greta,Robinson,Hardware & Semiconductors,greta.robinson@arm.com,Arm Holdings,AI Hardware Architect,GB,Print,"Main Entrance, Level 1",Check History,iPad-Registration-01,registration@techforwardsummit.com,,,QR Scan,4.12.3,EntranceD2,Day 2 Registration & Entry,
29-Apr-2026 08:40:37,6ridlofas1ekt,Pablo,Clarke,AI & Data,pablo.clarke@together.ai,Together AI,Head of Data Science,US,Check-In,"Main Entrance, Level 1",Check History,iPad-Registration-01,registration@techforwardsummit.com,,,QR Scan,4.12.3,EntranceD2,Day 2 Registration & Entry,
29-Apr-2026 08:40:37,6ridlofas1ekt,Pablo,Clarke,AI & Data,pablo.clarke@together.ai,Together AI,Head of Data Science,US,Print,"Main Entrance, Level 1",Check History,iPad-Registration-01,registration@techforwardsummit.com,,,QR Scan,4.12.3,EntranceD2,Day 2 Registration & Entry,
29-Apr-2026 08:41:35,tncvhztay12yi,Ahmad,Hill,IT Consulting & SI,ahmad.hill@wipro.com,Wipro,Technology Consultant,IN,Check-In,"Main Entrance, Level 1",Check History,iPad-Registration-01,registration@techforwardsummit.com,,,QR Scan,4.12.3,EntranceD2,Day 2 Registration & Entry,
29-Apr-2026 08:41:35,tncvhztay12yi,Ahmad,Hill,IT Consulting & SI,ahmad.hill@wipro.com,Wipro,Technology Consultant,IN,Print,"Main Entrance, Level 1",Check History,iPad-Registration-01,registration@techforwardsummit.com,,,QR Scan,4.12.3,EntranceD2,Day 2 Registration & Entry,
29-Apr-2026 08:41:45,y40i6qv4tl70z,Ping,Zeng,Enterprise Software,ping.zeng@servicenow.com,ServiceNow,Engineering Manager,US,Check-In,"Main Entrance, Level 1",Check History,iPad-Registration-01,registration@techforwardsummit.com,,,QR Scan,4.12.3,EntranceD2,Day 2 Registration & Entry,
29-Apr-2026 08:41:45,y40i6qv4tl70z,Ping,Zeng,Enterprise Software,ping.zeng@servicenow.com,ServiceNow,Engineering Manager,US,Print,"Main Entrance, Level 1",Check History,iPad-Registration-01,registration@techforwardsummit.com,,,QR Scan,4.12.3,EntranceD2,Day 2 Registration & Entry,
29-Apr-2026 08:41:59,vf0jqqnvceqfg,Emma,Ferreira,IT Consulting & SI,emma.ferreira@hcltech.com,HCL Technologies,Data & AI Practice Lead,IN,Check-In,"Main Entrance, Level 1",Check History,iPad-Registration-01,registration@techforwardsummit.com,,,QR Scan,4.12.3,EntranceD2,Day 2 Registration & Entry,
29-Apr-2026 08:41:59,z2ads83gyziep,Hui,Ito,IT Consulting & SI,hui.ito@deloitte.com,Deloitte Technology,Senior Technology Consultant,US,Check-In,"Main Entrance, Level 1",Check History,iPad-Registration-01,registration@techforwardsummit.com,,,QR Scan,4.12.3,EntranceD2,Day 2 Registration & Entry,
29-Apr-2026 08:41:59,vf0jqqnvceqfg,Emma,Ferreira,IT Consulting & SI,emma.ferreira@hcltech.com,HCL Technologies,Data & AI Practice Lead,IN,Print,"Main Entrance, Level 1",Check History,iPad-Registration-01,registration@techforwardsummit.com,,,QR Scan,4.12.3,EntranceD2,Day 2 Registration & Entry,
29-Apr-2026 08:41:59,z2ads83gyziep,Hui,Ito,IT Consulting & SI,hui.ito@deloitte.com,Deloitte Technology,Senior Technology Consultant,US,Print,"Main Entrance, Level 1",Check History,iPad-Registration-01,registration@techforwardsummit.com,,,QR Scan,4.12.3,EntranceD2,Day 2 Registration & Entry,
29-Apr-2026 08:42:05,ekot16migovr9,Sarah,Huang,AI & Data,sarah.huang@scale.com,Scale AI,AI/ML Platform Lead,US,Check-In,"Main Entrance, Level 1",Check History,iPad-Registration-01,registration@techforwardsummit.com,,,QR Scan,4.12.3,EntranceD2,Day 2 Registration & Entry,
29-Apr-2026 08:42:05,ekot16migovr9,Sarah,Huang,AI & Data,sarah.huang@scale.com,Scale AI,AI/ML Platform Lead,US,Print,"Main Entrance, Level 1",Check History,iPad-Registration-01,registration@techforwardsummit.com,,,QR Scan,4.12.3,EntranceD2,Day 2 Registration & Entry,
29-Apr-2026 08:42:10,n02yc0mdicvwv,Liam,Bhatt,Cybersecurity,liam.bhatt@crowdstrike.com,CrowdStrike,Senior Security Engineer,US,Check-In,"Main Entrance, Level 1",Check History,iPad-Registration-01,registration@techforwardsummit.com,,,QR Scan,4.12.3,EntranceD2,Day 2 Registration & Entry,
29-Apr-2026 08:42:10,n02yc0mdicvwv,Liam,Bhatt,Cybersecurity,liam.bhatt@crowdstrike.com,CrowdStrike,Senior Security Engineer,US,Print,"Main Entrance, Level 1",Check History,iPad-Registration-01,registration@techforwardsummit.com,,,QR Scan,4.12.3,EntranceD2,Day 2 Registration & Entry,
29-Apr-2026 08:42:14,e5tnlztwxol4b,Arthur,Chaudhary,IT Consulting & SI,arthur.chaudhary@ibm.com,IBM Consulting,"Solution Architect, Digital",US,Check-In,"Main Entrance, Level 1",Check History,iPad-Registration-01,registration@techforwardsummit.com,,,QR Scan,4.12.3,EntranceD2,Day 2 Registration & Entry,
29-Apr-2026 08:42:14,e5tnlztwxol4b,Arthur,Chaudhary,IT Consulting & SI,arthur.chaudhary@ibm.com,IBM Consulting,"Solution Architect, Digital",US,Print,"Main Entrance, Level 1",Check History,iPad-Registration-01,registration@techforwardsummit.com,,,QR Scan,4.12.3,EntranceD2,Day 2 Registration & Entry,
29-Apr-2026 08:42:18,hfbxq4uw0jgqe,Klaus,Bose,AI & Data,klaus.bose@scale.com,Scale AI,Research Scientist,US,Check-In,"Main Entrance, Level 1",Check History,iPad-Registration-01,registration@techforwardsummit.com,,,QR Scan,4.12.3,EntranceD2,Day 2 Registration & Entry,
29-Apr-2026 08:42:18,hfbxq4uw0jgqe,Klaus,Bose,AI & Data,klaus.bose@scale.com,Scale AI,Research Scientist,US,Print,"Main Entrance, Level 1",Check History,iPad-Registration-01,registration@techforwardsummit.com,,,QR Scan,4.12.3,EntranceD2,Day 2 Registration & Entry,
29-Apr-2026 08:42:50,cfchao73ku99e,Arjun,Pereira,IT Consulting & SI,arjun.pereira@kpmg.com,KPMG Advisory,Technology Consultant,NL,Check-In,"Main Entrance, Level 1",Check History,iPad-Registration-01,registration@techforwardsummit.com,,,QR Scan,4.12.3,EntranceD2,Day 2 Registration & Entry,
29-Apr-2026 08:42:50,cfchao73ku99e,Arjun,Pereira,IT Consulting & SI,arjun.pereira@kpmg.com,KPMG Advisory,Technology Consultant,NL,Print,"Main Entrance, Level 1",Check History,iPad-Registration-01,registration@techforwardsummit.com,,,QR Scan,4.12.3,EntranceD2,Day 2 Registration & Entry,
29-Apr-2026 08:42:54,1ru08l4pjagxl,Shan,Harris,Enterprise Software,shan.harris@zendesk.com,Zendesk,Senior Solutions Engineer,US,Check-In,"Main Entrance, Level 1",Check History,iPad-Registration-01,registration@techforwardsummit.com,,,QR Scan,4.12.3,EntranceD2,Day 2 Registration & Entry,
29-Apr-2026 08:42:54,1ru08l4pjagxl,Shan,Harris,Enterprise Software,shan.harris@zendesk.com,Zendesk,Senior Solutions Engineer,US,Print,"Main Entrance, Level 1",Check History,iPad-Registration-01,registration@techforwardsummit.com,,,QR Scan,4.12.3,EntranceD2,Day 2 Registration & Entry,
29-Apr-2026 08:42:57,mfbuvldd9fkxz,Nurul,Pham,IT Consulting & SI,nurul.pham@nttdata.com,NTT Data,Senior Technology Consultant,JP,Check-In,"Main Entrance, Level 1",Check History,iPad-Registration-01,registration@techforwardsummit.com,,,QR Scan,4.12.3,EntranceD2,Day 2 Registration & Entry,
29-Apr-2026 08:42:57,mfbuvldd9fkxz,Nurul,Pham,IT Consulting & SI,nurul.pham@nttdata.com,NTT Data,Senior Technology Consultant,JP,Print,"Main Entrance, Level 1",Check History,iPad-Registration-01,registration@techforwardsummit.com,,,QR Scan,4.12.3,EntranceD2,Day 2 Registration & Entry,
29-Apr-2026 08:43:02,nwyubekt2mnj7,Jun,Tang,Hardware & Semiconductors,jun.tang@amd.com,AMD,Senior Chip Design Engineer,US,Check-In,"Main Entrance, Level 1",Check History,iPad-Registration-01,registration@techforwardsummit.com,,,QR Scan,4.12.3,EntranceD2,Day 2 Registration & Entry,
29-Apr-2026 08:43:02,nwyubekt2mnj7,Jun,Tang,Hardware & Semiconductors,jun.tang@amd.com,AMD,Senior Chip Design Engineer,US,Print,"Main Entrance, Level 1",Check History,iPad-Registration-01,registration@techforwardsummit.com,,,QR Scan,4.12.3,EntranceD2,Day 2 Registration & Entry,
29-Apr-2026 08:43:03,2mvv4dc0fp672,Juan,Foo,Enterprise Software,juan.foo@box.com,Box,Director of Engineering,US,Check-In,"Main Entrance, Level 1",Check History,iPad-Registration-01,registration@techforwardsummit.com,,,QR Scan,4.12.3,EntranceD2,Day 2 Registration & Entry,
29-Apr-2026 08:43:03,2mvv4dc0fp672,Juan,Foo,Enterprise Software,juan.foo@box.com,Box,Director of Engineering,US,Print,"Main Entrance, Level 1",Check History,iPad-Registration-01,registration@techforwardsummit.com,,,QR Scan,4.12.3,EntranceD2,Day 2 Registration & Entry,
29-Apr-2026 08:43:06,zxskoytk06akt,Michelle,Hoffmann,Cybersecurity,michelle.hoffmann@okta.com,Okta,CISO,US,Check-In,"Main Entrance, Level 1",Check History,iPad-Registration-01,registration@techforwardsummit.com,,,QR Scan,4.12.3,EntranceD2,Day 2 Registration & Entry,
29-Apr-2026 08:43:06,zxskoytk06akt,Michelle,Hoffmann,Cybersecurity,michelle.hoffmann@okta.com,Okta,CISO,US,Print,"Main Entrance, Level 1",Check History,iPad-Registration-01,registration@techforwardsummit.com,,,QR Scan,4.12.3,EntranceD2,Day 2 Registration & Entry,
29-Apr-2026 08:43:07,xloyeyqe6836h,Angela,Wilson,Enterprise Software,angela.wilson@workday.com,Workday,"Account Executive, Enterprise",US,Check-In,"Main Entrance, Level 1",Check History,iPad-Registration-01,registration@techforwardsummit.com,,,QR Scan,4.12.3,EntranceD2,Day 2 Registration & Entry,
29-Apr-2026 08:43:07,xloyeyqe6836h,Angela,Wilson,Enterprise Software,angela.wilson@workday.com,Workday,"Account Executive, Enterprise",US,Print,"Main Entrance, Level 1",Check History,iPad-Registration-01,registration@techforwardsummit.com,,,QR Scan,4.12.3,EntranceD2,Day 2 Registration & Entry,
29-Apr-2026 08:43:24,qtylu58ftylav,Mohammed,Ricci,VC & Private Equity,mohammed.ricci@accel.com,Accel,Principal,US,Check-In,"Main Entrance, Level 1",Check History,iPad-Registration-01,registration@techforwardsummit.com,,,QR Scan,4.12.3,EntranceD2,Day 2 Registration & Entry,
29-Apr-2026 08:43:24,qtylu58ftylav,Mohammed,Ricci,VC & Private Equity,mohammed.ricci@accel.com,Accel,Principal,US,Print,"Main Entrance, Level 1",Check History,iPad-Registration-01,registration@techforwardsummit.com,,,QR Scan,4.12.3,EntranceD2,Day 2 Registration & Entry,
29-Apr-2026 08:43:35,ffhhcmktlzkj4,Marco,Andersen,Cloud & Infrastructure,marco.andersen@cloudflare.com,Cloudflare,Platform Engineer,US,Check-In,"Main Entrance, Level 1",Check History,iPad-Registration-01,registration@techforwardsummit.com,,,QR Scan,4.12.3,EntranceD2,Day 2 Registration & Entry,
29-Apr-2026 08:43:35,ffhhcmktlzkj4,Marco,Andersen,Cloud & Infrastructure,marco.andersen@cloudflare.com,Cloudflare,Platform Engineer,US,Print,"Main Entrance, Level 1",Check History,iPad-Registration-01,registration@techforwardsummit.com,,,QR Scan,4.12.3,EntranceD2,Day 2 Registration & Entry,
29-Apr-2026 08:44:13,l16cr3uv43mco,Hassan,Goh,Hardware & Semiconductors,hassan.goh@sambanova.ai,SambaNova Systems,Chief Technology Officer,US,Check-In,"Main Entrance, Level 1",Check History,iPad-Registration-01,registration@techforwardsummit.com,,,QR Scan,4.12.3,EntranceD2,Day 2 Registration & Entry,
29-Apr-2026 08:44:13,l16cr3uv43mco,Hassan,Goh,Hardware & Semiconductors,hassan.goh@sambanova.ai,SambaNova Systems,Chief Technology Officer,US,Print,"Main Entrance, Level 1",Check History,iPad-Registration-01,registration@techforwardsummit.com,,,QR Scan,4.12.3,EntranceD2,Day 2 Registration & Entry,
29-Apr-2026 08:44:43,yhfjlwss1vip3,Min-Ji,Bianchi,Dev Tools & Platforms,minji.bianchi@sentry.io,Sentry,Head of Developer Relations,US,Check-In,"Main Entrance, Level 1",Check History,iPad-Registration-01,registration@techforwardsummit.com,,,QR Scan,4.12.3,EntranceD2,Day 2 Registration & Entry,
29-Apr-2026 08:44:43,yhfjlwss1vip3,Min-Ji,Bianchi,Dev Tools & Platforms,minji.bianchi@sentry.io,Sentry,Head of Developer Relations,US,Print,"Main Entrance, Level 1",Check History,iPad-Registration-01,registration@techforwardsummit.com,,,QR Scan,4.12.3,EntranceD2,Day 2 Registration & Entry,
29-Apr-2026 08:44:47,iksmv4qqj3a1i,Hui,Cao,VC & Private Equity,hui.cao@accel.com,Accel,Principal,US,Check-In,"Main Entrance, Level 1",Check History,iPad-Registration-01,registration@techforwardsummit.com,,,QR Scan,4.12.3,EntranceD2,Day 2 Registration & Entry,
29-Apr-2026 08:44:47,iksmv4qqj3a1i,Hui,Cao,VC & Private Equity,hui.cao@accel.com,Accel,Principal,US,Print,"Main Entrance, Level 1",Check History,iPad-Registration-01,registration@techforwardsummit.com,,,QR Scan,4.12.3,EntranceD2,Day 2 Registration & Entry,
29-Apr-2026 08:44:55,d8spw0s1nkk0g,Lars,Adams,Hardware & Semiconductors,lars.adams@sambanova.ai,SambaNova Systems,"Research Scientist, Silicon",US,Check-In,"Main Entrance, Level 1",Check History,iPad-Registration-01,registration@techforwardsummit.com,,,QR Scan,4.12.3,EntranceD2,Day 2 Registration & Entry,
29-Apr-2026 08:44:55,d8spw0s1nkk0g,Lars,Adams,Hardware & Semiconductors,lars.adams@sambanova.ai,SambaNova Systems,"Research Scientist, Silicon",US,Print,"Main Entrance, Level 1",Check History,iPad-Registration-01,registration@techforwardsummit.com,,,QR Scan,4.12.3,EntranceD2,Day 2 Registration & Entry,
29-Apr-2026 08:46:06,uuxop63ctzrbz,Rebecca,Feng,Cybersecurity,rebecca.feng@fortinet.com,Fortinet,Director of Cybersecurity,US,Check-In,"Main Entrance, Level 1",Check History,iPad-Registration-01,registration@techforwardsummit.com,,,QR Scan,4.12.3,EntranceD2,Day 2 Registration & Entry,
29-Apr-2026 08:46:06,uuxop63ctzrbz,Rebecca,Feng,Cybersecurity,rebecca.feng@fortinet.com,Fortinet,Director of Cybersecurity,US,Print,"Main Entrance, Level 1",Check History,iPad-Registration-01,registration@techforwardsummit.com,,,QR Scan,4.12.3,EntranceD2,Day 2 Registration & Entry,
29-Apr-2026 08:46:29,dsg2qfpodpehc,Marco,Watanabe,Cybersecurity,marco.watanabe@wiz.io,Wiz,Threat Intelligence Analyst,US,Check-In,"Main Entrance, Level 1",Check History,iPad-Registration-01,registration@techforwardsummit.com,,,QR Scan,4.12.3,EntranceD2,Day 2 Registration & Entry,
29-Apr-2026 08:46:29,dsg2qfpodpehc,Marco,Watanabe,Cybersecurity,marco.watanabe@wiz.io,Wiz,Threat Intelligence Analyst,US,Print,"Main Entrance, Level 1",Check History,iPad-Registration-01,registration@techforwardsummit.com,,,QR Scan,4.12.3,EntranceD2,Day 2 Registration & Entry,
29-Apr-2026 08:46:35,a7hn98x16f4zz,Lars,Kobayashi,VC & Private Equity,lars.kobayashi@softbank.com,SoftBank Vision Fund,General Partner,JP,Check-In,"Main Entrance, Level 1",Check History,iPad-Registration-01,registration@techforwardsummit.com,,,QR Scan,4.12.3,EntranceD2,Day 2 Registration & Entry,
29-Apr-2026 08:46:35,a7hn98x16f4zz,Lars,Kobayashi,VC & Private Equity,lars.kobayashi@softbank.com,SoftBank Vision Fund,General Partner,JP,Print,"Main Entrance, Level 1",Check History,iPad-Registration-01,registration@techforwardsummit.com,,,QR Scan,4.12.3,EntranceD2,Day 2 Registration & Entry,
29-Apr-2026 08:46:38,l1drz0xv6ddd2,Hui,Walker,VC & Private Equity,hui.walker@a16z.com,Andreessen Horowitz,General Partner,US,Check-In,"Main Entrance, Level 1",Check History,iPad-Registration-01,registration@techforwardsummit.com,,,QR Scan,4.12.3,EntranceD2,Day 2 Registration & Entry,
29-Apr-2026 08:46:38,l1drz0xv6ddd2,Hui,Walker,VC & Private Equity,hui.walker@a16z.com,Andreessen Horowitz,General Partner,US,Print,"Main Entrance, Level 1",Check History,iPad-Registration-01,registration@techforwardsummit.com,,,QR Scan,4.12.3,EntranceD2,Day 2 Registration & Entry,
29-Apr-2026 08:46:44,08kklseauzvmm,Peter,Mehta,Cloud & Infrastructure,peter.mehta@datadoghq.com,Datadog,Platform Engineer,US,Check-In,"Main Entrance, Level 1",Check History,iPad-Registration-01,registration@techforwardsummit.com,,,QR Scan,4.12.3,EntranceD2,Day 2 Registration & Entry,
29-Apr-2026 08:46:44,08kklseauzvmm,Peter,Mehta,Cloud & Infrastructure,peter.mehta@datadoghq.com,Datadog,Platform Engineer,US,Print,"Main Entrance, Level 1",Check History,iPad-Registration-01,registration@techforwardsummit.com,,,QR Scan,4.12.3,EntranceD2,Day 2 Registration & Entry,
29-Apr-2026 08:47:07,7fz5xbiguj9cw,George,Colombo,Enterprise Software,george.colombo@oracle.com,Oracle,VP of Engineering,US,Check-In,"Main Entrance, Level 1",Check History,iPad-Registration-01,registration@techforwardsummit.com,,,QR Scan,4.12.3,EntranceD2,Day 2 Registration & Entry,
29-Apr-2026 08:47:07,7fz5xbiguj9cw,George,Colombo,Enterprise Software,george.colombo@oracle.com,Oracle,VP of Engineering,US,Print,"Main Entrance, Level 1",Check History,iPad-Registration-01,registration@techforwardsummit.com,,,QR Scan,4.12.3,EntranceD2,Day 2 Registration & Entry,
29-Apr-2026 08:47:28,9jojwlrkxjtmy,Yuto,Iyer,IT Consulting & SI,yuto.iyer@bcg.com,BCG X,"Solution Architect, Digital",US,Check-In,"Main Entrance, Level 1",Check History,iPad-Registration-01,registration@techforwardsummit.com,,,QR Scan,4.12.3,EntranceD2,Day 2 Registration & Entry,
29-Apr-2026 08:47:28,9jojwlrkxjtmy,Yuto,Iyer,IT Consulting & SI,yuto.iyer@bcg.com,BCG X,"Solution Architect, Digital",US,Print,"Main Entrance, Level 1",Check History,iPad-Registration-01,registration@techforwardsummit.com,,,QR Scan,4.12.3,EntranceD2,Day 2 Registration & Entry,
29-Apr-2026 08:47:46,el88l12qfaf5k,Daniel,Edwards,Enterprise Software,daniel.edwards@sap.com,SAP,Senior Product Manager,DE,Check-In,"Main Entrance, Level 1",Check History,iPad-Registration-01,registration@techforwardsummit.com,,,QR Scan,4.12.3,EntranceD2,Day 2 Registration & Entry,
29-Apr-2026 08:47:46,el88l12qfaf5k,Daniel,Edwards,Enterprise Software,daniel.edwards@sap.com,SAP,Senior Product Manager,DE,Print,"Main Entrance, Level 1",Check History,iPad-Registration-01,registration@techforwardsummit.com,,,QR Scan,4.12.3,EntranceD2,Day 2 Registration & Entry,
29-Apr-2026 08:48:01,kqqljwqrlvc35,Min-Ji,Seah,Enterprise Software,minji.seah@workday.com,Workday,Staff Software Engineer,US,Check-In,"Main Entrance, Level 1",Check History,iPad-Registration-01,registration@techforwardsummit.com,,,QR Scan,4.12.3,EntranceD2,Day 2 Registration & Entry,
29-Apr-2026 08:48:01,kqqljwqrlvc35,Min-Ji,Seah,Enterprise Software,minji.seah@workday.com,Workday,Staff Software Engineer,US,Print,"Main Entrance, Level 1",Check History,iPad-Registration-01,registration@techforwardsummit.com,,,QR Scan,4.12.3,EntranceD2,Day 2 Registration & Entry,
29-Apr-2026 08:48:02,2nmsikji92xpi,Jacob,Rogers,IT Consulting & SI,jacob.rogers@mckinsey.com,McKinsey Digital,Data & AI Practice Lead,US,Check-In,"Main Entrance, Level 1",Check History,iPad-Registration-01,registration@techforwardsummit.com,,,QR Scan,4.12.3,EntranceD2,Day 2 Registration & Entry,
29-Apr-2026 08:48:02,2nmsikji92xpi,Jacob,Rogers,IT Consulting & SI,jacob.rogers@mckinsey.com,McKinsey Digital,Data & AI Practice Lead,US,Print,"Main Entrance, Level 1",Check History,iPad-Registration-01,registration@techforwardsummit.com,,,QR Scan,4.12.3,EntranceD2,Day 2 Registration & Entry,
29-Apr-2026 08:48:06,gadktoc1yfmhb,Sofia,Nakamura,Dev Tools & Platforms,sofia.nakamura@postman.com,Postman,Developer Success Manager,US,Check-In,"Main Entrance, Level 1",Check History,iPad-Registration-01,registration@techforwardsummit.com,,,QR Scan,4.12.3,EntranceD2,Day 2 Registration & Entry,
29-Apr-2026 08:48:06,gadktoc1yfmhb,Sofia,Nakamura,Dev Tools & Platforms,sofia.nakamura@postman.com,Postman,Developer Success Manager,US,Print,"Main Entrance, Level 1",Check History,iPad-Registration-01,registration@techforwardsummit.com,,,QR Scan,4.12.3,EntranceD2,Day 2 Registration & Entry,
29-Apr-2026 08:48:15,86y5o44iusexu,Liam,Watanabe,Cybersecurity,liam.watanabe@lacework.com,Lacework,Senior Security Engineer,US,Check-In,"Main Entrance, Level 1",Check History,iPad-Registration-01,registration@techforwardsummit.com,,,QR Scan,4.12.3,EntranceD2,Day 2 Registration & Entry,
29-Apr-2026 08:48:15,86y5o44iusexu,Liam,Watanabe,Cybersecurity,liam.watanabe@lacework.com,Lacework,Senior Security Engineer,US,Print,"Main Entrance, Level 1",Check History,iPad-Registration-01,registration@techforwardsummit.com,,,QR Scan,4.12.3,EntranceD2,Day 2 Registration & Entry,
29-Apr-2026 08:48:25,q55it9bn18gp5,Liam,Adeyemi,IT Consulting & SI,liam.adeyemi@ibm.com,IBM Consulting,Senior Technology Consultant,US,Check-In,"Main Entrance, Level 1",Check History,iPad-Registration-01,registration@techforwardsummit.com,,,QR Scan,4.12.3,EntranceD2,Day 2 Registration & Entry,
29-Apr-2026 08:48:25,q55it9bn18gp5,Liam,Adeyemi,IT Consulting & SI,liam.adeyemi@ibm.com,IBM Consulting,Senior Technology Consultant,US,Print,"Main Entrance, Level 1",Check History,iPad-Registration-01,registration@techforwardsummit.com,,,QR Scan,4.12.3,EntranceD2,Day 2 Registration & Entry,
29-Apr-2026 08:48:55,7n3bfh024kwk5,Charlotte,Pereira,Enterprise Software,charlotte.pereira@intuit.com,Intuit,Director of Engineering,US,Check-In,"Main Entrance, Level 1",Check History,iPad-Registration-01,registration@techforwardsummit.com,,,QR Scan,4.12.3,EntranceD2,Day 2 Registration & Entry,
29-Apr-2026 08:48:55,7n3bfh024kwk5,Charlotte,Pereira,Enterprise Software,charlotte.pereira@intuit.com,Intuit,Director of Engineering,US,Print,"Main Entrance, Level 1",Check History,iPad-Registration-01,registration@techforwardsummit.com,,,QR Scan,4.12.3,EntranceD2,Day 2 Registration & Entry,
29-Apr-2026 08:49:00,dalmjegqtoamd,Fatimah,Tran,Dev Tools & Platforms,fatimah.tran@mulesoft.com,MuleSoft,Head of Developer Relations,US,Check-In,"Main Entrance, Level 1",Check History,iPad-Registration-01,registration@techforwardsummit.com,,,QR Scan,4.12.3,EntranceD2,Day 2 Registration & Entry,
29-Apr-2026 08:49:00,dalmjegqtoamd,Fatimah,Tran,Dev Tools & Platforms,fatimah.tran@mulesoft.com,MuleSoft,Head of Developer Relations,US,Print,"Main Entrance, Level 1",Check History,iPad-Registration-01,registration@techforwardsummit.com,,,QR Scan,4.12.3,EntranceD2,Day 2 Registration & Entry,
29-Apr-2026 08:49:13,izg9jj0076ekh,Jonathan,Tan,Enterprise Software,jonathan.tan@servicenow.com,ServiceNow,Head of Growth,US,Check-In,"Main Entrance, Level 1",Check History,iPad-Registration-01,registration@techforwardsummit.com,,,QR Scan,4.12.3,EntranceD2,Day 2 Registration & Entry,
29-Apr-2026 08:49:13,izg9jj0076ekh,Jonathan,Tan,Enterprise Software,jonathan.tan@servicenow.com,ServiceNow,Head of Growth,US,Print,"Main Entrance, Level 1",Check History,iPad-Registration-01,registration@techforwardsummit.com,,,QR Scan,4.12.3,EntranceD2,Day 2 Registration & Entry,
29-Apr-2026 08:49:18,qpmqk8sz7iwdl,Chloe,Kapoor,Cybersecurity,chloe.kapoor@lacework.com,Lacework,Senior Security Engineer,US,Check-In,"Main Entrance, Level 1",Check History,iPad-Registration-01,registration@techforwardsummit.com,,,QR Scan,4.12.3,EntranceD2,Day 2 Registration & Entry,
29-Apr-2026 08:49:18,qpmqk8sz7iwdl,Chloe,Kapoor,Cybersecurity,chloe.kapoor@lacework.com,Lacework,Senior Security Engineer,US,Print,"Main Entrance, Level 1",Check History,iPad-Registration-01,registration@techforwardsummit.com,,,QR Scan,4.12.3,EntranceD2,Day 2 Registration & Entry,
29-Apr-2026 08:49:19,baqc6cqko5fkp,Emma,Deng,AI & Data,emma.deng@together.ai,Together AI,Applied Research Scientist,US,Check-In,"Main Entrance, Level 1",Check History,iPad-Registration-01,registration@techforwardsummit.com,,,QR Scan,4.12.3,EntranceD2,Day 2 Registration & Entry,
29-Apr-2026 08:49:19,immnstouifjil,Isabelle,Jackson,Cloud & Infrastructure,isabelle.jackson@cloud.google.com,Google Cloud,Chief Technology Officer,US,Check-In,"Main Entrance, Level 1",Check History,iPad-Registration-01,registration@techforwardsummit.com,,,QR Scan,4.12.3,EntranceD2,Day 2 Registration & Entry,
29-Apr-2026 08:49:19,baqc6cqko5fkp,Emma,Deng,AI & Data,emma.deng@together.ai,Together AI,Applied Research Scientist,US,Print,"Main Entrance, Level 1",Check History,iPad-Registration-01,registration@techforwardsummit.com,,,QR Scan,4.12.3,EntranceD2,Day 2 Registration & Entry,
29-Apr-2026 08:49:19,immnstouifjil,Isabelle,Jackson,Cloud & Infrastructure,isabelle.jackson@cloud.google.com,Google Cloud,Chief Technology Officer,US,Print,"Main Entrance, Level 1",Check History,iPad-Registration-01,registration@techforwardsummit.com,,,QR Scan,4.12.3,EntranceD2,Day 2 Registration & Entry,
29-Apr-2026 08:49:50,zjxoq9v98o1lp,Mei,Seah,IT Consulting & SI,mei.seah@ibm.com,IBM Consulting,Senior Technology Consultant,US,Check-In,"Main Entrance, Level 1",Check History,iPad-Registration-01,registration@techforwardsummit.com,,,QR Scan,4.12.3,EntranceD2,Day 2 Registration & Entry,
29-Apr-2026 08:49:50,zjxoq9v98o1lp,Mei,Seah,IT Consulting & SI,mei.seah@ibm.com,IBM Consulting,Senior Technology Consultant,US,Print,"Main Entrance, Level 1",Check History,iPad-Registration-01,registration@techforwardsummit.com,,,QR Scan,4.12.3,EntranceD2,Day 2 Registration & Entry,
29-Apr-2026 08:49:55,e61493685efzv,Divya,Wilson,IT Consulting & SI,divya.wilson@slalom.com,Slalom,Associate Director,US,Check-In,"Main Entrance, Level 1",Check History,iPad-Registration-01,registration@techforwardsummit.com,,,QR Scan,4.12.3,EntranceD2,Day 2 Registration & Entry,
29-Apr-2026 08:49:55,e61493685efzv,Divya,Wilson,IT Consulting & SI,divya.wilson@slalom.com,Slalom,Associate Director,US,Print,"Main Entrance, Level 1",Check History,iPad-Registration-01,registration@techforwardsummit.com,,,QR Scan,4.12.3,EntranceD2,Day 2 Registration & Entry,
29-Apr-2026 08:50:16,iodewyb40t3d7,Greta,Le,Staff,greta.le@fielddrive.com,FieldDrive Events,Event Operations Manager,BE,Check-In,"Main Entrance, Level 1",Check History,iPad-Registration-01,registration@techforwardsummit.com,,,QR Scan,4.12.3,EntranceD2,Day 2 Registration & Entry,
29-Apr-2026 08:50:16,iodewyb40t3d7,Greta,Le,Staff,greta.le@fielddrive.com,FieldDrive Events,Event Operations Manager,BE,Print,"Main Entrance, Level 1",Check History,iPad-Registration-01,registration@techforwardsummit.com,,,QR Scan,4.12.3,EntranceD2,Day 2 Registration & Entry,
29-Apr-2026 08:50:32,4b2rcybrxodhs,Miku,Sharma,Cloud & Infrastructure,miku.sharma@aws.amazon.com,Amazon Web Services,Platform Engineer,US,Check-In,"Main Entrance, Level 1",Check History,iPad-Registration-01,registration@techforwardsummit.com,,,QR Scan,4.12.3,EntranceD2,Day 2 Registration & Entry,
29-Apr-2026 08:50:32,4b2rcybrxodhs,Miku,Sharma,Cloud & Infrastructure,miku.sharma@aws.amazon.com,Amazon Web Services,Platform Engineer,US,Print,"Main Entrance, Level 1",Check History,iPad-Registration-01,registration@techforwardsummit.com,,,QR Scan,4.12.3,EntranceD2,Day 2 Registration & Entry,
29-Apr-2026 08:50:56,7rrbefq56q37c,Miku,Mishra,Cloud & Infrastructure,miku.mishra@vercel.com,Vercel,Platform Engineer,US,Check-In,"Main Entrance, Level 1",Check History,iPad-Registration-01,registration@techforwardsummit.com,,,QR Scan,4.12.3,EntranceD2,Day 2 Registration & Entry,
29-Apr-2026 08:50:56,7rrbefq56q37c,Miku,Mishra,Cloud & Infrastructure,miku.mishra@vercel.com,Vercel,Platform Engineer,US,Print,"Main Entrance, Level 1",Check History,iPad-Registration-01,registration@techforwardsummit.com,,,QR Scan,4.12.3,EntranceD2,Day 2 Registration & Entry,
29-Apr-2026 08:52:06,nytk1zwuhywm7,Riko,Mueller,IT Consulting & SI,riko.mueller@thoughtworks.com,Thoughtworks,Technology Consultant,US,Check-In,"Main Entrance, Level 1",Check History,iPad-Registration-01,registration@techforwardsummit.com,,,QR Scan,4.12.3,EntranceD2,Day 2 Registration & Entry,
29-Apr-2026 08:52:06,nytk1zwuhywm7,Riko,Mueller,IT Consulting & SI,riko.mueller@thoughtworks.com,Thoughtworks,Technology Consultant,US,Print,"Main Entrance, Level 1",Check History,iPad-Registration-01,registration@techforwardsummit.com,,,QR Scan,4.12.3,EntranceD2,Day 2 Registration & Entry,
29-Apr-2026 08:52:45,vxhqg4qlv724h,Raj,Wang,Cloud & Infrastructure,raj.wang@mongodb.com,MongoDB,Principal Solutions Architect,US,Check-In,"Main Entrance, Level 1",Check History,iPad-Registration-01,registration@techforwardsummit.com,,,QR Scan,4.12.3,EntranceD2,Day 2 Registration & Entry,
29-Apr-2026 08:52:45,vxhqg4qlv724h,Raj,Wang,Cloud & Infrastructure,raj.wang@mongodb.com,MongoDB,Principal Solutions Architect,US,Print,"Main Entrance, Level 1",Check History,iPad-Registration-01,registration@techforwardsummit.com,,,QR Scan,4.12.3,EntranceD2,Day 2 Registration & Entry,
29-Apr-2026 08:53:36,g3w3h98brzva9,Hans,Huang,Hardware & Semiconductors,hans.huang@qualcomm.com,Qualcomm,Principal VLSI Engineer,US,Check-In,"Main Entrance, Level 1",Check History,iPad-Registration-01,registration@techforwardsummit.com,,,QR Scan,4.12.3,EntranceD2,Day 2 Registration & Entry,
29-Apr-2026 08:53:36,g3w3h98brzva9,Hans,Huang,Hardware & Semiconductors,hans.huang@qualcomm.com,Qualcomm,Principal VLSI Engineer,US,Print,"Main Entrance, Level 1",Check History,iPad-Registration-01,registration@techforwardsummit.com,,,QR Scan,4.12.3,EntranceD2,Day 2 Registration & Entry,
29-Apr-2026 08:53:45,4tonznq06ujlq,Budi,Moreau,Cloud & Infrastructure,budi.moreau@mongodb.com,MongoDB,Platform Engineer,US,Check-In,"Main Entrance, Level 1",Check History,iPad-Registration-01,registration@techforwardsummit.com,,,QR Scan,4.12.3,EntranceD2,Day 2 Registration & Entry,
29-Apr-2026 08:53:45,4tonznq06ujlq,Budi,Moreau,Cloud & Infrastructure,budi.moreau@mongodb.com,MongoDB,Platform Engineer,US,Print,"Main Entrance, Level 1",Check History,iPad-Registration-01,registration@techforwardsummit.com,,,QR Scan,4.12.3,EntranceD2,Day 2 Registration & Entry,
29-Apr-2026 08:53:55,p97bmzrr45ed5,Jacob,Asante,Hardware & Semiconductors,jacob.asante@amd.com,AMD,Principal VLSI Engineer,US,Check-In,"Main Entrance, Level 1",Check History,iPad-Registration-01,registration@techforwardsummit.com,,,QR Scan,4.12.3,EntranceD2,Day 2 Registration & Entry,
29-Apr-2026 08:53:55,p97bmzrr45ed5,Jacob,Asante,Hardware & Semiconductors,jacob.asante@amd.com,AMD,Principal VLSI Engineer,US,Print,"Main Entrance, Level 1",Check History,iPad-Registration-01,registration@techforwardsummit.com,,,QR Scan,4.12.3,EntranceD2,Day 2 Registration & Entry,
29-Apr-2026 08:53:57,eo0eu2ci4eure,Lucas,Kapoor,IT Consulting & SI,lucas.kapoor@tcs.com,TCS,Cloud Migration Specialist,IN,Check-In,"Main Entrance, Level 1",Check History,iPad-Registration-01,registration@techforwardsummit.com,,,QR Scan,4.12.3,EntranceD2,Day 2 Registration & Entry,
29-Apr-2026 08:53:57,eo0eu2ci4eure,Lucas,Kapoor,IT Consulting & SI,lucas.kapoor@tcs.com,TCS,Cloud Migration Specialist,IN,Print,"Main Entrance, Level 1",Check History,iPad-Registration-01,registration@techforwardsummit.com,,,QR Scan,4.12.3,EntranceD2,Day 2 Registration & Entry,
29-Apr-2026 08:53:59,a5cgwfhdv37ic,Omar,Cao,Dev Tools & Platforms,omar.cao@stripe.com,Stripe,Developer Success Manager,US,Check-In,"Main Entrance, Level 1",Check History,iPad-Registration-01,registration@techforwardsummit.com,,,QR Scan,4.12.3,EntranceD2,Day 2 Registration & Entry,
29-Apr-2026 08:53:59,a5cgwfhdv37ic,Omar,Cao,Dev Tools & Platforms,omar.cao@stripe.com,Stripe,Developer Success Manager,US,Print,"Main Entrance, Level 1",Check History,iPad-Registration-01,registration@techforwardsummit.com,,,QR Scan,4.12.3,EntranceD2,Day 2 Registration & Entry,
29-Apr-2026 08:54:28,wo7plr1x08k4l,Charlotte,Reddy,IT Consulting & SI,charlotte.reddy@deloitte.com,Deloitte Technology,Senior Technology Consultant,US,Check-In,"Main Entrance, Level 1",Check History,iPad-Registration-01,registration@techforwardsummit.com,,,QR Scan,4.12.3,EntranceD2,Day 2 Registration & Entry,
29-Apr-2026 08:54:28,wo7plr1x08k4l,Charlotte,Reddy,IT Consulting & SI,charlotte.reddy@deloitte.com,Deloitte Technology,Senior Technology Consultant,US,Print,"Main Entrance, Level 1",Check History,iPad-Registration-01,registration@techforwardsummit.com,,,QR Scan,4.12.3,EntranceD2,Day 2 Registration & Entry,
29-Apr-2026 08:54:33,9eoxxc7hz364p,Vikram,Chatterjee,Enterprise Software,vikram.chatterjee@microsoft.com,Microsoft,Customer Success Manager,US,Check-In,"Main Entrance, Level 1",Check History,iPad-Registration-01,registration@techforwardsummit.com,,,QR Scan,4.12.3,EntranceD2,Day 2 Registration & Entry,
29-Apr-2026 08:54:33,9eoxxc7hz364p,Vikram,Chatterjee,Enterprise Software,vikram.chatterjee@microsoft.com,Microsoft,Customer Success Manager,US,Print,"Main Entrance, Level 1",Check History,iPad-Registration-01,registration@techforwardsummit.com,,,QR Scan,4.12.3,EntranceD2,Day 2 Registration & Entry,
29-Apr-2026 08:54:49,2lvumhf5ox05z,Benjamin,Richardson,Enterprise Software,benjamin.richardson@workday.com,Workday,VP of Engineering,US,Check-In,"Main Entrance, Level 1",Check History,iPad-Registration-01,registration@techforwardsummit.com,,,QR Scan,4.12.3,EntranceD2,Day 2 Registration & Entry,
29-Apr-2026 08:54:49,2lvumhf5ox05z,Benjamin,Richardson,Enterprise Software,benjamin.richardson@workday.com,Workday,VP of Engineering,US,Print,"Main Entrance, Level 1",Check History,iPad-Registration-01,registration@techforwardsummit.com,,,QR Scan,4.12.3,EntranceD2,Day 2 Registration & Entry,
29-Apr-2026 08:55:09,tcatplx3gguko,Yusuf,Foo,VC & Private Equity,yusuf.foo@a16z.com,Andreessen Horowitz,Venture Associate,US,Check-In,"Main Entrance, Level 1",Check History,iPad-Registration-01,registration@techforwardsummit.com,,,QR Scan,4.12.3,EntranceD2,Day 2 Registration & Entry,
29-Apr-2026 08:55:09,tcatplx3gguko,Yusuf,Foo,VC & Private Equity,yusuf.foo@a16z.com,Andreessen Horowitz,Venture Associate,US,Print,"Main Entrance, Level 1",Check History,iPad-Registration-01,registration@techforwardsummit.com,,,QR Scan,4.12.3,EntranceD2,Day 2 Registration & Entry,
29-Apr-2026 08:55:32,802xvxitifxzi,Fazilah,Santos,IT Consulting & SI,fazilah.santos@ey.com,EY Technology,Associate Director,GB,Check-In,"Main Entrance, Level 1",Check History,iPad-Registration-01,registration@techforwardsummit.com,,,QR Scan,4.12.3,EntranceD2,Day 2 Registration & Entry,
29-Apr-2026 08:55:32,802xvxitifxzi,Fazilah,Santos,IT Consulting & SI,fazilah.santos@ey.com,EY Technology,Associate Director,GB,Print,"Main Entrance, Level 1",Check History,iPad-Registration-01,registration@techforwardsummit.com,,,QR Scan,4.12.3,EntranceD2,Day 2 Registration & Entry,
29-Apr-2026 08:55:54,to0wzn4xj765v,Robert,Jeong,IT Consulting & SI,robert.jeong@bcg.com,BCG X,"Solution Architect, Digital",US,Check-In,"Main Entrance, Level 1",Check History,iPad-Registration-01,registration@techforwardsummit.com,,,QR Scan,4.12.3,EntranceD2,Day 2 Registration & Entry,
29-Apr-2026 08:55:54,to0wzn4xj765v,Robert,Jeong,IT Consulting & SI,robert.jeong@bcg.com,BCG X,"Solution Architect, Digital",US,Print,"Main Entrance, Level 1",Check History,iPad-Registration-01,registration@techforwardsummit.com,,,QR Scan,4.12.3,EntranceD2,Day 2 Registration & Entry,
29-Apr-2026 08:56:06,izq2nmnr06dji,Pranav,Gray,Dev Tools & Platforms,pranav.gray@github.com,GitHub,Senior Developer Advocate,US,Check-In,"Main Entrance, Level 1",Check History,iPad-Registration-01,registration@techforwardsummit.com,,,QR Scan,4.12.3,EntranceD2,Day 2 Registration & Entry,
29-Apr-2026 08:56:06,izq2nmnr06dji,Pranav,Gray,Dev Tools & Platforms,pranav.gray@github.com,GitHub,Senior Developer Advocate,US,Print,"Main Entrance, Level 1",Check History,iPad-Registration-01,registration@techforwardsummit.com,,,QR Scan,4.12.3,EntranceD2,Day 2 Registration & Entry,
29-Apr-2026 08:56:14,7amkoh109zdo0,Patricia,Hughes,Cloud & Infrastructure,patricia.hughes@mongodb.com,MongoDB,Principal Solutions Architect,US,Check-In,"Main Entrance, Level 1",Check History,iPad-Registration-01,registration@techforwardsummit.com,,,QR Scan,4.12.3,EntranceD2,Day 2 Registration & Entry,
29-Apr-2026 08:56:14,7amkoh109zdo0,Patricia,Hughes,Cloud & Infrastructure,patricia.hughes@mongodb.com,MongoDB,Principal Solutions Architect,US,Print,"Main Entrance, Level 1",Check History,iPad-Registration-01,registration@techforwardsummit.com,,,QR Scan,4.12.3,EntranceD2,Day 2 Registration & Entry,
29-Apr-2026 08:56:27,fj2etpseywr7o,Pierre,Tran,Hardware & Semiconductors,pierre.tran@intel.com,Intel,System Architecture Engineer,US,Check-In,"Main Entrance, Level 1",Check History,iPad-Registration-01,registration@techforwardsummit.com,,,QR Scan,4.12.3,EntranceD2,Day 2 Registration & Entry,
29-Apr-2026 08:56:27,fj2etpseywr7o,Pierre,Tran,Hardware & Semiconductors,pierre.tran@intel.com,Intel,System Architecture Engineer,US,Print,"Main Entrance, Level 1",Check History,iPad-Registration-01,registration@techforwardsummit.com,,,QR Scan,4.12.3,EntranceD2,Day 2 Registration & Entry,
29-Apr-2026 08:56:35,mv5e71g4eai7x,Raj,Zheng,Cloud & Infrastructure,raj.zheng@render.com,Render,Cloud Architect,US,Check-In,"Main Entrance, Level 1",Check History,iPad-Registration-01,registration@techforwardsummit.com,,,QR Scan,4.12.3,EntranceD2,Day 2 Registration & Entry,
29-Apr-2026 08:56:35,mv5e71g4eai7x,Raj,Zheng,Cloud & Infrastructure,raj.zheng@render.com,Render,Cloud Architect,US,Print,"Main Entrance, Level 1",Check History,iPad-Registration-01,registration@techforwardsummit.com,,,QR Scan,4.12.3,EntranceD2,Day 2 Registration & Entry,
29-Apr-2026 08:56:38,ahukwqvr1h61i,Sarah,Zhou,IT Consulting & SI,sarah.zhou@accenture.com,Accenture,"Solution Architect, Digital",IE,Check-In,"Main Entrance, Level 1",Check History,iPad-Registration-01,registration@techforwardsummit.com,,,QR Scan,4.12.3,EntranceD2,Day 2 Registration & Entry,
29-Apr-2026 08:56:38,ahukwqvr1h61i,Sarah,Zhou,IT Consulting & SI,sarah.zhou@accenture.com,Accenture,"Solution Architect, Digital",IE,Print,"Main Entrance, Level 1",Check History,iPad-Registration-01,registration@techforwardsummit.com,,,QR Scan,4.12.3,EntranceD2,Day 2 Registration & Entry,
29-Apr-2026 08:56:58,533uot477iqfx,Steven,Song,VC & Private Equity,steven.song@accel.com,Accel,Partner,US,Check-In,"Main Entrance, Level 1",Check History,iPad-Registration-01,registration@techforwardsummit.com,,,QR Scan,4.12.3,EntranceD2,Day 2 Registration & Entry,
29-Apr-2026 08:56:58,533uot477iqfx,Steven,Song,VC & Private Equity,steven.song@accel.com,Accel,Partner,US,Print,"Main Entrance, Level 1",Check History,iPad-Registration-01,registration@techforwardsummit.com,,,QR Scan,4.12.3,EntranceD2,Day 2 Registration & Entry,
29-Apr-2026 08:57:14,d78prwy8zoi9h,Matthew,Phillips,Enterprise Software,matthew.phillips@microsoft.com,Microsoft,Director of Engineering,US,Check-In,"Main Entrance, Level 1",Check History,iPad-Registration-01,registration@techforwardsummit.com,,,QR Scan,4.12.3,EntranceD2,Day 2 Registration & Entry,
29-Apr-2026 08:57:14,d78prwy8zoi9h,Matthew,Phillips,Enterprise Software,matthew.phillips@microsoft.com,Microsoft,Director of Engineering,US,Print,"Main Entrance, Level 1",Check History,iPad-Registration-01,registration@techforwardsummit.com,,,QR Scan,4.12.3,EntranceD2,Day 2 Registration & Entry,
29-Apr-2026 08:57:21,9bc2be3yqy5fu,Andrew,Taylor,IT Consulting & SI,andrew.taylor@thoughtworks.com,Thoughtworks,VP of Digital Transformation,US,Check-In,"Main Entrance, Level 1",Check History,iPad-Registration-01,registration@techforwardsummit.com,,,QR Scan,4.12.3,EntranceD2,Day 2 Registration & Entry,
29-Apr-2026 08:57:21,9bc2be3yqy5fu,Andrew,Taylor,IT Consulting & SI,andrew.taylor@thoughtworks.com,Thoughtworks,VP of Digital Transformation,US,Print,"Main Entrance, Level 1",Check History,iPad-Registration-01,registration@techforwardsummit.com,,,QR Scan,4.12.3,EntranceD2,Day 2 Registration & Entry,
29-Apr-2026 08:57:38,of33qe6jixub4,Amanda,Feng,Dev Tools & Platforms,amanda.feng@jfrog.com,JFrog,VP of Developer Experience,US,Check-In,"Main Entrance, Level 1",Check History,iPad-Registration-01,registration@techforwardsummit.com,,,QR Scan,4.12.3,EntranceD2,Day 2 Registration & Entry,
29-Apr-2026 08:57:38,of33qe6jixub4,Amanda,Feng,Dev Tools & Platforms,amanda.feng@jfrog.com,JFrog,VP of Developer Experience,US,Print,"Main Entrance, Level 1",Check History,iPad-Registration-01,registration@techforwardsummit.com,,,QR Scan,4.12.3,EntranceD2,Day 2 Registration & Entry,
29-Apr-2026 08:57:48,wekqdvnab87fr,Anna,Chaudhary,Cloud & Infrastructure,anna.chaudhary@aws.amazon.com,Amazon Web Services,Head of Developer Relations,US,Check-In,"Main Entrance, Level 1",Check History,iPad-Registration-01,registration@techforwardsummit.com,,,QR Scan,4.12.3,EntranceD2,Day 2 Registration & Entry,
29-Apr-2026 08:57:48,wekqdvnab87fr,Anna,Chaudhary,Cloud & Infrastructure,anna.chaudhary@aws.amazon.com,Amazon Web Services,Head of Developer Relations,US,Print,"Main Entrance, Level 1",Check History,iPad-Registration-01,registration@techforwardsummit.com,,,QR Scan,4.12.3,EntranceD2,Day 2 Registration & Entry,
29-Apr-2026 08:57:50,xlul6lgjlpefj,Emma,Seah,VC & Private Equity,emma.seah@insightpartners.com,Insight Partners,Venture Associate,US,Check-In,"Main Entrance, Level 1",Check History,iPad-Registration-01,registration@techforwardsummit.com,,,QR Scan,4.12.3,EntranceD2,Day 2 Registration & Entry,
29-Apr-2026 08:57:50,xlul6lgjlpefj,Emma,Seah,VC & Private Equity,emma.seah@insightpartners.com,Insight Partners,Venture Associate,US,Print,"Main Entrance, Level 1",Check History,iPad-Registration-01,registration@techforwardsummit.com,,,QR Scan,4.12.3,EntranceD2,Day 2 Registration & Entry,
29-Apr-2026 08:57:51,xnlo50dw1mf07,Yan,Schulz,IT Consulting & SI,yan.schulz@kpmg.com,KPMG Advisory,Director of Technology,NL,Check-In,"Main Entrance, Level 1",Check History,iPad-Registration-01,registration@techforwardsummit.com,,,QR Scan,4.12.3,EntranceD2,Day 2 Registration & Entry,
29-Apr-2026 08:57:51,xnlo50dw1mf07,Yan,Schulz,IT Consulting & SI,yan.schulz@kpmg.com,KPMG Advisory,Director of Technology,NL,Print,"Main Entrance, Level 1",Check History,iPad-Registration-01,registration@techforwardsummit.com,,,QR Scan,4.12.3,EntranceD2,Day 2 Registration & Entry,
29-Apr-2026 08:58:06,l7u4gp59z025j,Min-Soo,Guo,AI & Data,minsoo.guo@huggingface.co,Hugging Face,Data Engineer,US,Check-In,"Main Entrance, Level 1",Check History,iPad-Registration-01,registration@techforwardsummit.com,,,QR Scan,4.12.3,EntranceD2,Day 2 Registration & Entry,
29-Apr-2026 08:58:06,l7u4gp59z025j,Min-Soo,Guo,AI & Data,minsoo.guo@huggingface.co,Hugging Face,Data Engineer,US,Print,"Main Entrance, Level 1",Check History,iPad-Registration-01,registration@techforwardsummit.com,,,QR Scan,4.12.3,EntranceD2,Day 2 Registration & Entry,
29-Apr-2026 08:58:26,op7xmr8fhydrg,Jason,Koh,AI & Data,jason.koh@together.ai,Together AI,VP of Data & Analytics,US,Check-In,"Main Entrance, Level 1",Check History,iPad-Registration-01,registration@techforwardsummit.com,,,QR Scan,4.12.3,EntranceD2,Day 2 Registration & Entry,
29-Apr-2026 08:58:26,op7xmr8fhydrg,Jason,Koh,AI & Data,jason.koh@together.ai,Together AI,VP of Data & Analytics,US,Print,"Main Entrance, Level 1",Check History,iPad-Registration-01,registration@techforwardsummit.com,,,QR Scan,4.12.3,EntranceD2,Day 2 Registration & Entry,
29-Apr-2026 08:58:50,536zx1tv18kgy,Christine,Campbell,Cybersecurity,christine.campbell@rapid7.com,Rapid7,Director of Cybersecurity,US,Check-In,"Main Entrance, Level 1",Check History,iPad-Registration-01,registration@techforwardsummit.com,,,QR Scan,4.12.3,EntranceD2,Day 2 Registration & Entry,
29-Apr-2026 08:58:50,536zx1tv18kgy,Christine,Campbell,Cybersecurity,christine.campbell@rapid7.com,Rapid7,Director of Cybersecurity,US,Print,"Main Entrance, Level 1",Check History,iPad-Registration-01,registration@techforwardsummit.com,,,QR Scan,4.12.3,EntranceD2,Day 2 Registration & Entry,
29-Apr-2026 08:59:06,40oeytl8hbgcj,Ibrahim,Ma,Media/Press,ibrahim.ma@venturebeat.com,VentureBeat,Contributing Writer,US,Check-In,"Main Entrance, Level 1",Check History,iPad-Registration-01,registration@techforwardsummit.com,,,QR Scan,4.12.3,EntranceD2,Day 2 Registration & Entry,
29-Apr-2026 08:59:06,40oeytl8hbgcj,Ibrahim,Ma,Media/Press,ibrahim.ma@venturebeat.com,VentureBeat,Contributing Writer,US,Print,"Main Entrance, Level 1",Check History,iPad-Registration-01,registration@techforwardsummit.com,,,QR Scan,4.12.3,EntranceD2,Day 2 Registration & Entry,
29-Apr-2026 08:59:18,oau8p1wkisetu,Raj,White,Cybersecurity,raj.white@sentinelone.com,SentinelOne,Senior Security Engineer,US,Check-In,"Main Entrance, Level 1",Check History,iPad-Registration-01,registration@techforwardsummit.com,,,QR Scan,4.12.3,EntranceD2,Day 2 Registration & Entry,
29-Apr-2026 08:59:18,oau8p1wkisetu,Raj,White,Cybersecurity,raj.white@sentinelone.com,SentinelOne,Senior Security Engineer,US,Print,"Main Entrance, Level 1",Check History,iPad-Registration-01,registration@techforwardsummit.com,,,QR Scan,4.12.3,EntranceD2,Day 2 Registration & Entry,
29-Apr-2026 08:59:24,yqzvrhum921vf,Abena,Zheng,AI & Data,abena.zheng@scale.com,Scale AI,Research Scientist,US,Check-In,"Main Entrance, Level 1",Check History,iPad-Registration-01,registration@techforwardsummit.com,,,QR Scan,4.12.3,EntranceD2,Day 2 Registration & Entry,
29-Apr-2026 08:59:24,yqzvrhum921vf,Abena,Zheng,AI & Data,abena.zheng@scale.com,Scale AI,Research Scientist,US,Print,"Main Entrance, Level 1",Check History,iPad-Registration-01,registration@techforwardsummit.com,,,QR Scan,4.12.3,EntranceD2,Day 2 Registration & Entry,
29-Apr-2026 09:00:03,63ndttum2ixex,William,Verma,Cloud & Infrastructure,william.verma@cloud.google.com,Google Cloud,Senior Site Reliability Engineer,US,Check-In,"Main Entrance, Level 1",Check History,iPad-Registration-01,registration@techforwardsummit.com,,,QR Scan,4.12.3,EntranceD2,Day 2 Registration & Entry,
29-Apr-2026 09:00:03,63ndttum2ixex,William,Verma,Cloud & Infrastructure,william.verma@cloud.google.com,Google Cloud,Senior Site Reliability Engineer,US,Print,"Main Entrance, Level 1",Check History,iPad-Registration-01,registration@techforwardsummit.com,,,QR Scan,4.12.3,EntranceD2,Day 2 Registration & Entry,
29-Apr-2026 09:00:21,4wnsmw5gyrw6o,Franz,Hidayat,IT Consulting & SI,franz.hidayat@nttdata.com,NTT Data,Data & AI Practice Lead,JP,Check-In,"Main Entrance, Level 1",Check History,iPad-Registration-01,registration@techforwardsummit.com,,,QR Scan,4.12.3,EntranceD2,Day 2 Registration & Entry,
29-Apr-2026 09:00:21,4wnsmw5gyrw6o,Franz,Hidayat,IT Consulting & SI,franz.hidayat@nttdata.com,NTT Data,Data & AI Practice Lead,JP,Print,"Main Entrance, Level 1",Check History,iPad-Registration-01,registration@techforwardsummit.com,,,QR Scan,4.12.3,EntranceD2,Day 2 Registration & Entry,
29-Apr-2026 09:00:25,el88l12qfaf5k,Daniel,Edwards,Enterprise Software,daniel.edwards@sap.com,SAP,Senior Product Manager,DE,Session scan In,Hall A — Congress Level,Session Scan,iPad-HallA-01,halla.ops@techforwardsummit.com,,,QR Scan,4.12.3,S05_Cybersecurity,Zero Trust & Modern Threat Intelligence,
29-Apr-2026 09:00:50,2kjnvfom3vqri,Na,Rossi,Enterprise Software,na.rossi@zendesk.com,Zendesk,Principal Product Manager,US,Check-In,"Main Entrance, Level 1",Check History,iPad-Registration-01,registration@techforwardsummit.com,,,QR Scan,4.12.3,EntranceD2,Day 2 Registration & Entry,
29-Apr-2026 09:00:50,2kjnvfom3vqri,Na,Rossi,Enterprise Software,na.rossi@zendesk.com,Zendesk,Principal Product Manager,US,Print,"Main Entrance, Level 1",Check History,iPad-Registration-01,registration@techforwardsummit.com,,,QR Scan,4.12.3,EntranceD2,Day 2 Registration & Entry,
29-Apr-2026 09:01:18,9jc1yljuyun9v,Shan,Park,IT Consulting & SI,shan.park@accenture.com,Accenture,Agile Delivery Lead,IE,Session scan In,Hall A — Congress Level,Session Scan,iPad-HallA-01,halla.ops@techforwardsummit.com,,,QR Scan,4.12.3,S05_Cybersecurity,Zero Trust & Modern Threat Intelligence,
29-Apr-2026 09:01:24,8uogmvv6v3v02,Ali,Park,Dev Tools & Platforms,ali.park@jfrog.com,JFrog,Senior Developer Advocate,US,Session scan In,Hall A — Congress Level,Session Scan,iPad-HallA-01,halla.ops@techforwardsummit.com,,,QR Scan,4.12.3,S05_Cybersecurity,Zero Trust & Modern Threat Intelligence,
29-Apr-2026 09:01:28,r6eet0dy571vx,Ming,Petit,Enterprise Software,ming.petit@freshworks.com,Freshworks,Engineering Manager,IN,Check-In,"Main Entrance, Level 1",Check History,iPad-Registration-01,registration@techforwardsummit.com,,,QR Scan,4.12.3,EntranceD2,Day 2 Registration & Entry,
29-Apr-2026 09:01:28,r6eet0dy571vx,Ming,Petit,Enterprise Software,ming.petit@freshworks.com,Freshworks,Engineering Manager,IN,Print,"Main Entrance, Level 1",Check History,iPad-Registration-01,registration@techforwardsummit.com,,,QR Scan,4.12.3,EntranceD2,Day 2 Registration & Entry,
29-Apr-2026 09:01:48,oxqq8y1hend7h,Sara,Yoon,IT Consulting & SI,sara.yoon@ibm.com,IBM Consulting,Technology Consultant,US,Session scan In,Hall A — Congress Level,Session Scan,iPad-HallA-01,halla.ops@techforwardsummit.com,,,QR Scan,4.12.3,S05_Cybersecurity,Zero Trust & Modern Threat Intelligence,
29-Apr-2026 09:01:57,rhrlnf6nv5xu6,Divya,Seah,Hardware & Semiconductors,divya.seah@tsmc.com,TSMC,Senior Chip Design Engineer,TW,Session scan In,Hall A — Congress Level,Session Scan,iPad-HallA-01,halla.ops@techforwardsummit.com,,,QR Scan,4.12.3,S05_Cybersecurity,Zero Trust & Modern Threat Intelligence,
29-Apr-2026 09:01:59,zjxoq9v98o1lp,Mei,Seah,IT Consulting & SI,mei.seah@ibm.com,IBM Consulting,Senior Technology Consultant,US,Session scan In,Hall A — Congress Level,Session Scan,iPad-HallA-01,halla.ops@techforwardsummit.com,,,QR Scan,4.12.3,S05_Cybersecurity,Zero Trust & Modern Threat Intelligence,
29-Apr-2026 09:02:11,dk36m8jvh7ujo,Barbara,Jeong,Enterprise Software,barbara.jeong@atlassian.com,Atlassian,Solutions Architect,AU,Check-In,"Main Entrance, Level 1",Check History,iPad-Registration-01,registration@techforwardsummit.com,,,QR Scan,4.12.3,EntranceD2,Day 2 Registration & Entry,
29-Apr-2026 09:02:11,dk36m8jvh7ujo,Barbara,Jeong,Enterprise Software,barbara.jeong@atlassian.com,Atlassian,Solutions Architect,AU,Print,"Main Entrance, Level 1",Check History,iPad-Registration-01,registration@techforwardsummit.com,,,QR Scan,4.12.3,EntranceD2,Day 2 Registration & Entry,
29-Apr-2026 09:02:18,twjlsh3tow4yc,Juan,Gao,Cloud & Infrastructure,juan.gao@akamai.com,Akamai Technologies,Senior Site Reliability Engineer,US,Check-In,"Main Entrance, Level 1",Check History,iPad-Registration-01,registration@techforwardsummit.com,,,QR Scan,4.12.3,EntranceD2,Day 2 Registration & Entry,
29-Apr-2026 09:02:18,twjlsh3tow4yc,Juan,Gao,Cloud & Infrastructure,juan.gao@akamai.com,Akamai Technologies,Senior Site Reliability Engineer,US,Print,"Main Entrance, Level 1",Check History,iPad-Registration-01,registration@techforwardsummit.com,,,QR Scan,4.12.3,EntranceD2,Day 2 Registration & Entry,
29-Apr-2026 09:02:24,b38wxgc7jjy94,Peter,Tan,Enterprise Software,peter.tan@microsoft.com,Microsoft,Principal Product Manager,US,Check-In,"Main Entrance, Level 1",Check History,iPad-Registration-01,registration@techforwardsummit.com,,,QR Scan,4.12.3,EntranceD2,Day 2 Registration & Entry,
29-Apr-2026 09:02:24,b38wxgc7jjy94,Peter,Tan,Enterprise Software,peter.tan@microsoft.com,Microsoft,Principal Product Manager,US,Print,"Main Entrance, Level 1",Check History,iPad-Registration-01,registration@techforwardsummit.com,,,QR Scan,4.12.3,EntranceD2,Day 2 Registration & Entry,
29-Apr-2026 09:02:30,9jojwlrkxjtmy,Yuto,Iyer,IT Consulting & SI,yuto.iyer@bcg.com,BCG X,"Solution Architect, Digital",US,Session scan In,Hall A — Congress Level,Session Scan,iPad-HallA-01,halla.ops@techforwardsummit.com,,,QR Scan,4.12.3,S05_Cybersecurity,Zero Trust & Modern Threat Intelligence,
29-Apr-2026 09:02:39,xfqj3hxj3apnu,Hassan,Rogers,AI & Data,hassan.rogers@wandb.ai,Weights & Biases,Applied Research Scientist,US,Session scan In,Hall A — Congress Level,Session Scan,iPad-HallA-01,halla.ops@techforwardsummit.com,,,QR Scan,4.12.3,S05_Cybersecurity,Zero Trust & Modern Threat Intelligence,
29-Apr-2026 09:02:40,8p5aiekx6mj53,Andrea,Lai,Hardware & Semiconductors,andrea.lai@marvell.com,Marvell Technology,Senior Chip Design Engineer,US,Check-In,"Main Entrance, Level 1",Check History,iPad-Registration-01,registration@techforwardsummit.com,,,QR Scan,4.12.3,EntranceD2,Day 2 Registration & Entry,
29-Apr-2026 09:02:40,8p5aiekx6mj53,Andrea,Lai,Hardware & Semiconductors,andrea.lai@marvell.com,Marvell Technology,Senior Chip Design Engineer,US,Print,"Main Entrance, Level 1",Check History,iPad-Registration-01,registration@techforwardsummit.com,,,QR Scan,4.12.3,EntranceD2,Day 2 Registration & Entry,
29-Apr-2026 09:02:43,8w5038hvqrhof,Siti,Okonkwo,Enterprise Software,siti.okonkwo@intuit.com,Intuit,Senior Solutions Engineer,US,Session scan In,Hall A — Congress Level,Session Scan,iPad-HallA-01,halla.ops@techforwardsummit.com,,,QR Scan,4.12.3,S05_Cybersecurity,Zero Trust & Modern Threat Intelligence,
29-Apr-2026 09:02:48,fflzm764jwtek,Kento,Lee,Enterprise Software,kento.lee@intuit.com,Intuit,Senior Solutions Engineer,US,Session scan In,Hall A — Congress Level,Session Scan,iPad-HallA-01,halla.ops@techforwardsummit.com,,,QR Scan,4.12.3,S05_Cybersecurity,Zero Trust & Modern Threat Intelligence,
29-Apr-2026 09:02:57,eja1v2tg2ahn1,Dylan,Esposito,IT Consulting & SI,dylan.esposito@pwc.com,PwC Advisory,Technology Consultant,GB,Check-In,"Main Entrance, Level 1",Check History,iPad-Registration-01,registration@techforwardsummit.com,,,QR Scan,4.12.3,EntranceD2,Day 2 Registration & Entry,
29-Apr-2026 09:02:57,eja1v2tg2ahn1,Dylan,Esposito,IT Consulting & SI,dylan.esposito@pwc.com,PwC Advisory,Technology Consultant,GB,Print,"Main Entrance, Level 1",Check History,iPad-Registration-01,registration@techforwardsummit.com,,,QR Scan,4.12.3,EntranceD2,Day 2 Registration & Entry,
29-Apr-2026 09:03:14,c0bogwhupof0h,Gregory,Singh,Speaker,gregory.singh@cmu.edu,Carnegie Mellon University,Distinguished Engineer,US,Session scan In,Hall A — Congress Level,Session Scan,iPad-HallA-01,halla.ops@techforwardsummit.com,,,QR Scan,4.12.3,S05_Cybersecurity,Zero Trust & Modern Threat Intelligence,
29-Apr-2026 09:03:14,ai6aynpe6swyu,Ella,Schmidt,Dev Tools & Platforms,ella.schmidt@postman.com,Postman,Staff Software Engineer,US,Session scan In,Hall A — Congress Level,Session Scan,iPad-HallA-01,halla.ops@techforwardsummit.com,,,QR Scan,4.12.3,S05_Cybersecurity,Zero Trust & Modern Threat Intelligence,
29-Apr-2026 09:03:38,1d7xyljd2v57b,Swati,Ho,Cloud & Infrastructure,swati.ho@snowflake.com,Snowflake,Staff Infrastructure Engineer,US,Check-In,"Main Entrance, Level 1",Check History,iPad-Registration-01,registration@techforwardsummit.com,,,QR Scan,4.12.3,EntranceD2,Day 2 Registration & Entry,
29-Apr-2026 09:03:38,1d7xyljd2v57b,Swati,Ho,Cloud & Infrastructure,swati.ho@snowflake.com,Snowflake,Staff Infrastructure Engineer,US,Print,"Main Entrance, Level 1",Check History,iPad-Registration-01,registration@techforwardsummit.com,,,QR Scan,4.12.3,EntranceD2,Day 2 Registration & Entry,
29-Apr-2026 09:03:40,mfbuvldd9fkxz,Nurul,Pham,IT Consulting & SI,nurul.pham@nttdata.com,NTT Data,Senior Technology Consultant,JP,Session scan In,Hall A — Congress Level,Session Scan,iPad-HallA-01,halla.ops@techforwardsummit.com,,,QR Scan,4.12.3,S05_Cybersecurity,Zero Trust & Modern Threat Intelligence,
29-Apr-2026 09:03:51,5i87xw69hzgop,Scott,Carter,Cloud & Infrastructure,scott.carter@cloud.google.com,Google Cloud,Senior Site Reliability Engineer,US,Check-In,"Main Entrance, Level 1",Check History,iPad-Registration-01,registration@techforwardsummit.com,,,QR Scan,4.12.3,EntranceD2,Day 2 Registration & Entry,
29-Apr-2026 09:03:51,5i87xw69hzgop,Scott,Carter,Cloud & Infrastructure,scott.carter@cloud.google.com,Google Cloud,Senior Site Reliability Engineer,US,Print,"Main Entrance, Level 1",Check History,iPad-Registration-01,registration@techforwardsummit.com,,,QR Scan,4.12.3,EntranceD2,Day 2 Registration & Entry,
29-Apr-2026 09:04:04,ig5xixgsplti8,Scott,Peterson,VIP,scott.peterson@nvidia.com,NVIDIA,Chief Product Officer,US,Session scan In,Hall A — Congress Level,Session Scan,iPad-HallA-01,halla.ops@techforwardsummit.com,,,QR Scan,4.12.3,S05_Cybersecurity,Zero Trust & Modern Threat Intelligence,
29-Apr-2026 09:04:04,b4u33k2w1i5ki,Angela,Ng,Dev Tools & Platforms,angela.ng@twilio.com,Twilio,Developer Success Manager,US,Session scan In,Hall A — Congress Level,Session Scan,iPad-HallA-01,halla.ops@techforwardsummit.com,,,QR Scan,4.12.3,S05_Cybersecurity,Zero Trust & Modern Threat Intelligence,
29-Apr-2026 09:04:12,655ck3tb94cll,Hana,Turner,Media/Press,hana.turner@venturebeat.com,VentureBeat,Senior Correspondent,US,Session scan In,Hall A — Congress Level,Session Scan,iPad-HallA-01,halla.ops@techforwardsummit.com,,,QR Scan,4.12.3,S05_Cybersecurity,Zero Trust & Modern Threat Intelligence,
29-Apr-2026 09:04:32,tuo4uw590z92j,Wei,Chatterjee,Enterprise Software,wei.chatterjee@intuit.com,Intuit,Staff Software Engineer,US,Session scan In,Hall A — Congress Level,Session Scan,iPad-HallA-01,halla.ops@techforwardsummit.com,,,QR Scan,4.12.3,S05_Cybersecurity,Zero Trust & Modern Threat Intelligence,
29-Apr-2026 09:04:37,zbrqw5259gmq2,Mei,Richardson,Enterprise Software,mei.richardson@box.com,Box,Staff Software Engineer,US,Session scan In,Hall A — Congress Level,Session Scan,iPad-HallA-01,halla.ops@techforwardsummit.com,,,QR Scan,4.12.3,S05_Cybersecurity,Zero Trust & Modern Threat Intelligence,
29-Apr-2026 09:04:38,g3w3h98brzva9,Hans,Huang,Hardware & Semiconductors,hans.huang@qualcomm.com,Qualcomm,Principal VLSI Engineer,US,Session scan In,Hall A — Congress Level,Session Scan,iPad-HallA-01,halla.ops@techforwardsummit.com,,,QR Scan,4.12.3,S05_Cybersecurity,Zero Trust & Modern Threat Intelligence,
29-Apr-2026 09:04:39,7giu13gbj72bt,Hong,Garcia,IT Consulting & SI,hong.garcia@tcs.com,TCS,"Partner, Technology Practice",IN,Check-In,"Main Entrance, Level 1",Check History,iPad-Registration-01,registration@techforwardsummit.com,,,QR Scan,4.12.3,EntranceD2,Day 2 Registration & Entry,
29-Apr-2026 09:04:39,7giu13gbj72bt,Hong,Garcia,IT Consulting & SI,hong.garcia@tcs.com,TCS,"Partner, Technology Practice",IN,Print,"Main Entrance, Level 1",Check History,iPad-Registration-01,registration@techforwardsummit.com,,,QR Scan,4.12.3,EntranceD2,Day 2 Registration & Entry,
29-Apr-2026 09:04:42,ml12p5wpvi06b,Nicholas,Bose,AI & Data,nicholas.bose@databricks.com,Databricks,Head of Data Science,US,Session scan In,Hall A — Congress Level,Session Scan,iPad-HallA-01,halla.ops@techforwardsummit.com,,,QR Scan,4.12.3,S05_Cybersecurity,Zero Trust & Modern Threat Intelligence,
29-Apr-2026 09:04:48,end6bwbem0tpi,Astrid,Romano,AI & Data,astrid.romano@nvidia.com,NVIDIA,Senior Data Scientist,US,Check-In,"Main Entrance, Level 1",Check History,iPad-Registration-01,registration@techforwardsummit.com,,,QR Scan,4.12.3,EntranceD2,Day 2 Registration & Entry,
29-Apr-2026 09:04:48,end6bwbem0tpi,Astrid,Romano,AI & Data,astrid.romano@nvidia.com,NVIDIA,Senior Data Scientist,US,Print,"Main Entrance, Level 1",Check History,iPad-Registration-01,registration@techforwardsummit.com,,,QR Scan,4.12.3,EntranceD2,Day 2 Registration & Entry,
29-Apr-2026 09:04:48,kqqljwqrlvc35,Min-Ji,Seah,Enterprise Software,minji.seah@workday.com,Workday,Staff Software Engineer,US,Session scan In,Hall A — Congress Level,Session Scan,iPad-HallA-01,halla.ops@techforwardsummit.com,,,QR Scan,4.12.3,S05_Cybersecurity,Zero Trust & Modern Threat Intelligence,
29-Apr-2026 09:04:55,qpmqk8sz7iwdl,Chloe,Kapoor,Cybersecurity,chloe.kapoor@lacework.com,Lacework,Senior Security Engineer,US,Session scan In,Hall A — Congress Level,Session Scan,iPad-HallA-01,halla.ops@techforwardsummit.com,,,QR Scan,4.12.3,S05_Cybersecurity,Zero Trust & Modern Threat Intelligence,
29-Apr-2026 09:05:09,ubm9xhcgryqy4,Jae-Won,Pandey,Cybersecurity,jaewon.pandey@snyk.io,Snyk,Senior Security Engineer,GB,Check-In,"Main Entrance, Level 1",Check History,iPad-Registration-01,registration@techforwardsummit.com,,,QR Scan,4.12.3,EntranceD2,Day 2 Registration & Entry,
29-Apr-2026 09:05:09,ubm9xhcgryqy4,Jae-Won,Pandey,Cybersecurity,jaewon.pandey@snyk.io,Snyk,Senior Security Engineer,GB,Print,"Main Entrance, Level 1",Check History,iPad-Registration-01,registration@techforwardsummit.com,,,QR Scan,4.12.3,EntranceD2,Day 2 Registration & Entry,
29-Apr-2026 09:05:22,epz614umnwepr,Ryo,Hughes,Hardware & Semiconductors,ryo.hughes@intel.com,Intel,AI Hardware Architect,US,Check-In,"Main Entrance, Level 1",Check History,iPad-Registration-01,registration@techforwardsummit.com,,,QR Scan,4.12.3,EntranceD2,Day 2 Registration & Entry,
29-Apr-2026 09:05:22,epz614umnwepr,Ryo,Hughes,Hardware & Semiconductors,ryo.hughes@intel.com,Intel,AI Hardware Architect,US,Print,"Main Entrance, Level 1",Check History,iPad-Registration-01,registration@techforwardsummit.com,,,QR Scan,4.12.3,EntranceD2,Day 2 Registration & Entry,
29-Apr-2026 09:05:42,nbs5xrga3l710,Ethan,King,Hardware & Semiconductors,ethan.king@amd.com,AMD,Principal VLSI Engineer,US,Session scan In,Hall A — Congress Level,Session Scan,iPad-HallA-01,halla.ops@techforwardsummit.com,,,QR Scan,4.12.3,S05_Cybersecurity,Zero Trust & Modern Threat Intelligence,
29-Apr-2026 09:05:56,dsg2qfpodpehc,Marco,Watanabe,Cybersecurity,marco.watanabe@wiz.io,Wiz,Threat Intelligence Analyst,US,Session scan In,Hall A — Congress Level,Session Scan,iPad-HallA-01,halla.ops@techforwardsummit.com,,,QR Scan,4.12.3,S05_Cybersecurity,Zero Trust & Modern Threat Intelligence,
29-Apr-2026 09:05:58,go46x1w1qxph1,Marco,Teo,Enterprise Software,marco.teo@box.com,Box,Principal Product Manager,US,Check-In,"Main Entrance, Level 1",Check History,iPad-Registration-01,registration@techforwardsummit.com,,,QR Scan,4.12.3,EntranceD2,Day 2 Registration & Entry,
29-Apr-2026 09:05:58,go46x1w1qxph1,Marco,Teo,Enterprise Software,marco.teo@box.com,Box,Principal Product Manager,US,Print,"Main Entrance, Level 1",Check History,iPad-Registration-01,registration@techforwardsummit.com,,,QR Scan,4.12.3,EntranceD2,Day 2 Registration & Entry,
29-Apr-2026 09:06:05,fz8obk3g84utd,Adam,Clarke,Cloud & Infrastructure,adam.clarke@cloud.google.com,Google Cloud,Platform Engineering Lead,US,Session scan In,Hall A — Congress Level,Session Scan,iPad-HallA-01,halla.ops@techforwardsummit.com,,,QR Scan,4.12.3,S05_Cybersecurity,Zero Trust & Modern Threat Intelligence,
29-Apr-2026 09:06:33,hhddog2ue1iv0,William,Colombo,Cloud & Infrastructure,william.colombo@snowflake.com,Snowflake,Principal Solutions Architect,US,Session scan In,Hall A — Congress Level,Session Scan,iPad-HallA-01,halla.ops@techforwardsummit.com,,,QR Scan,4.12.3,S05_Cybersecurity,Zero Trust & Modern Threat Intelligence,
29-Apr-2026 09:06:40,7je5b99hexw8l,Miguel,Park,AI & Data,miguel.park@datarobot.com,DataRobot,Senior Data Scientist,US,Check-In,"Main Entrance, Level 1",Check History,iPad-Registration-01,registration@techforwardsummit.com,,,QR Scan,4.12.3,EntranceD2,Day 2 Registration & Entry,
29-Apr-2026 09:06:40,7je5b99hexw8l,Miguel,Park,AI & Data,miguel.park@datarobot.com,DataRobot,Senior Data Scientist,US,Print,"Main Entrance, Level 1",Check History,iPad-Registration-01,registration@techforwardsummit.com,,,QR Scan,4.12.3,EntranceD2,Day 2 Registration & Entry,
29-Apr-2026 09:06:47,7amkoh109zdo0,Patricia,Hughes,Cloud & Infrastructure,patricia.hughes@mongodb.com,MongoDB,Principal Solutions Architect,US,Session scan In,Hall A — Congress Level,Session Scan,iPad-HallA-01,halla.ops@techforwardsummit.com,,,QR Scan,4.12.3,S05_Cybersecurity,Zero Trust & Modern Threat Intelligence,
29-Apr-2026 09:06:51,zbrqw5259gmq2,Mei,Richardson,Enterprise Software,mei.richardson@box.com,Box,Staff Software Engineer,US,Check-In,"Main Entrance, Level 1",Check History,iPad-Registration-01,registration@techforwardsummit.com,,,QR Scan,4.12.3,EntranceD2,Day 2 Registration & Entry,
29-Apr-2026 09:06:51,zbrqw5259gmq2,Mei,Richardson,Enterprise Software,mei.richardson@box.com,Box,Staff Software Engineer,US,Print,"Main Entrance, Level 1",Check History,iPad-Registration-01,registration@techforwardsummit.com,,,QR Scan,4.12.3,EntranceD2,Day 2 Registration & Entry,
29-Apr-2026 09:06:55,mxsnwer8zdxhy,Shu,Khanna,VIP,shu.khanna@servicenow.com,ServiceNow,Chief Executive Officer,US,Session scan In,Hall A — Congress Level,Session Scan,iPad-HallA-01,halla.ops@techforwardsummit.com,,,QR Scan,4.12.3,S05_Cybersecurity,Zero Trust & Modern Threat Intelligence,
29-Apr-2026 09:07:01,3yk03o4gkwwjw,Edward,Chaudhary,Cybersecurity,edward.chaudhary@crowdstrike.com,CrowdStrike,Senior Security Engineer,US,Check-In,"Main Entrance, Level 1",Check History,iPad-Registration-01,registration@techforwardsummit.com,,,QR Scan,4.12.3,EntranceD2,Day 2 Registration & Entry,
29-Apr-2026 09:07:01,3yk03o4gkwwjw,Edward,Chaudhary,Cybersecurity,edward.chaudhary@crowdstrike.com,CrowdStrike,Senior Security Engineer,US,Print,"Main Entrance, Level 1",Check History,iPad-Registration-01,registration@techforwardsummit.com,,,QR Scan,4.12.3,EntranceD2,Day 2 Registration & Entry,
29-Apr-2026 09:07:01,cfchao73ku99e,Arjun,Pereira,IT Consulting & SI,arjun.pereira@kpmg.com,KPMG Advisory,Technology Consultant,NL,Session scan In,Hall A — Congress Level,Session Scan,iPad-HallA-01,halla.ops@techforwardsummit.com,,,QR Scan,4.12.3,S05_Cybersecurity,Zero Trust & Modern Threat Intelligence,
29-Apr-2026 09:07:26,4udtlvr7mgatn,Laura,Wright,Dev Tools & Platforms,laura.wright@pagerduty.com,PagerDuty,Head of Developer Relations,US,Session scan In,Hall A — Congress Level,Session Scan,iPad-HallA-01,halla.ops@techforwardsummit.com,,,QR Scan,4.12.3,S05_Cybersecurity,Zero Trust & Modern Threat Intelligence,
29-Apr-2026 09:07:44,mv5e71g4eai7x,Raj,Zheng,Cloud & Infrastructure,raj.zheng@render.com,Render,Cloud Architect,US,Session scan In,Hall A — Congress Level,Session Scan,iPad-HallA-01,halla.ops@techforwardsummit.com,,,QR Scan,4.12.3,S05_Cybersecurity,Zero Trust & Modern Threat Intelligence,
29-Apr-2026 09:08:05,ms55nmwhh4vl1,Nurul,Lee,IT Consulting & SI,nurul.lee@tcs.com,TCS,Technology Consultant,IN,Check-In,"Main Entrance, Level 1",Check History,iPad-Registration-01,registration@techforwardsummit.com,,,QR Scan,4.12.3,EntranceD2,Day 2 Registration & Entry,
29-Apr-2026 09:08:05,ms55nmwhh4vl1,Nurul,Lee,IT Consulting & SI,nurul.lee@tcs.com,TCS,Technology Consultant,IN,Print,"Main Entrance, Level 1",Check History,iPad-Registration-01,registration@techforwardsummit.com,,,QR Scan,4.12.3,EntranceD2,Day 2 Registration & Entry,
29-Apr-2026 09:08:47,mk99jcjn9978i,Divya,Yang,Speaker,divya.yang@stanford.edu,Stanford School of Engineering,Distinguished Engineer,US,Session scan In,Hall A — Congress Level,Session Scan,iPad-HallA-01,halla.ops@techforwardsummit.com,,,QR Scan,4.12.3,S05_Cybersecurity,Zero Trust & Modern Threat Intelligence,
29-Apr-2026 09:09:03,r43ur4mfjhoja,Kavita,Anderson,AI & Data,kavita.anderson@h2o.ai,H2O.ai,Head of Data Science,US,Session scan In,Hall A — Congress Level,Session Scan,iPad-HallA-01,halla.ops@techforwardsummit.com,,,QR Scan,4.12.3,S05_Cybersecurity,Zero Trust & Modern Threat Intelligence,
29-Apr-2026 09:09:05,fxloz2rcu8kd9,Jacob,Ramirez,Enterprise Software,jacob.ramirez@hubspot.com,HubSpot,Head of Growth,US,Check-In,"Main Entrance, Level 1",Check History,iPad-Registration-01,registration@techforwardsummit.com,,,QR Scan,4.12.3,EntranceD2,Day 2 Registration & Entry,
29-Apr-2026 09:09:05,fxloz2rcu8kd9,Jacob,Ramirez,Enterprise Software,jacob.ramirez@hubspot.com,HubSpot,Head of Growth,US,Print,"Main Entrance, Level 1",Check History,iPad-Registration-01,registration@techforwardsummit.com,,,QR Scan,4.12.3,EntranceD2,Day 2 Registration & Entry,
29-Apr-2026 09:09:41,17miav1g8ntaf,Nurul,Esposito,VC & Private Equity,nurul.esposito@lsvp.com,Lightspeed Venture Partners,Investment Director,US,Session scan In,Hall A — Congress Level,Session Scan,iPad-HallA-01,halla.ops@techforwardsummit.com,,,QR Scan,4.12.3,S05_Cybersecurity,Zero Trust & Modern Threat Intelligence,
29-Apr-2026 09:09:46,xu7fkc781hfl1,Ana,Jung,Enterprise Software,ana.jung@oracle.com,Oracle,Senior Product Manager,US,Check-In,"Main Entrance, Level 1",Check History,iPad-Registration-01,registration@techforwardsummit.com,,,QR Scan,4.12.3,EntranceD2,Day 2 Registration & Entry,
29-Apr-2026 09:09:46,xu7fkc781hfl1,Ana,Jung,Enterprise Software,ana.jung@oracle.com,Oracle,Senior Product Manager,US,Print,"Main Entrance, Level 1",Check History,iPad-Registration-01,registration@techforwardsummit.com,,,QR Scan,4.12.3,EntranceD2,Day 2 Registration & Entry,
29-Apr-2026 09:10:05,a9au87cm453kf,Camila,Kim,VC & Private Equity,camila.kim@bvp.com,Bessemer Venture Partners,Partner,US,Check-In,"Main Entrance, Level 1",Check History,iPad-Registration-01,registration@techforwardsummit.com,,,QR Scan,4.12.3,EntranceD2,Day 2 Registration & Entry,
29-Apr-2026 09:10:05,a9au87cm453kf,Camila,Kim,VC & Private Equity,camila.kim@bvp.com,Bessemer Venture Partners,Partner,US,Print,"Main Entrance, Level 1",Check History,iPad-Registration-01,registration@techforwardsummit.com,,,QR Scan,4.12.3,EntranceD2,Day 2 Registration & Entry,
29-Apr-2026 09:10:45,9r3vp8lim06et,Rachel,Luo,Cloud & Infrastructure,rachel.luo@cloudflare.com,Cloudflare,Staff Infrastructure Engineer,US,Check-In,"Main Entrance, Level 1",Check History,iPad-Registration-01,registration@techforwardsummit.com,,,QR Scan,4.12.3,EntranceD2,Day 2 Registration & Entry,
29-Apr-2026 09:10:45,9r3vp8lim06et,Rachel,Luo,Cloud & Infrastructure,rachel.luo@cloudflare.com,Cloudflare,Staff Infrastructure Engineer,US,Print,"Main Entrance, Level 1",Check History,iPad-Registration-01,registration@techforwardsummit.com,,,QR Scan,4.12.3,EntranceD2,Day 2 Registration & Entry,
29-Apr-2026 09:10:59,8anp8dmlc8xiz,Pierre,Loh,Enterprise Software,pierre.loh@adobe.com,Adobe,Chief Product Officer,US,Check-In,"Main Entrance, Level 1",Check History,iPad-Registration-01,registration@techforwardsummit.com,,,QR Scan,4.12.3,EntranceD2,Day 2 Registration & Entry,
29-Apr-2026 09:10:59,8anp8dmlc8xiz,Pierre,Loh,Enterprise Software,pierre.loh@adobe.com,Adobe,Chief Product Officer,US,Print,"Main Entrance, Level 1",Check History,iPad-Registration-01,registration@techforwardsummit.com,,,QR Scan,4.12.3,EntranceD2,Day 2 Registration & Entry,
29-Apr-2026 09:11:44,du0isb5iqnf74,Sung,Nielsen,Cloud & Infrastructure,sung.nielsen@elastic.co,Elastic,Developer Advocate,NL,Check-In,"Main Entrance, Level 1",Check History,iPad-Registration-01,registration@techforwardsummit.com,,,QR Scan,4.12.3,EntranceD2,Day 2 Registration & Entry,
29-Apr-2026 09:11:44,du0isb5iqnf74,Sung,Nielsen,Cloud & Infrastructure,sung.nielsen@elastic.co,Elastic,Developer Advocate,NL,Print,"Main Entrance, Level 1",Check History,iPad-Registration-01,registration@techforwardsummit.com,,,QR Scan,4.12.3,EntranceD2,Day 2 Registration & Entry,
29-Apr-2026 09:11:52,jw83579wrr513,Anna,Malhotra,Cloud & Infrastructure,anna.malhotra@fastly.com,Fastly,Staff Infrastructure Engineer,US,Check-In,"Main Entrance, Level 1",Check History,iPad-Registration-01,registration@techforwardsummit.com,,,QR Scan,4.12.3,EntranceD2,Day 2 Registration & Entry,
29-Apr-2026 09:11:52,jw83579wrr513,Anna,Malhotra,Cloud & Infrastructure,anna.malhotra@fastly.com,Fastly,Staff Infrastructure Engineer,US,Print,"Main Entrance, Level 1",Check History,iPad-Registration-01,registration@techforwardsummit.com,,,QR Scan,4.12.3,EntranceD2,Day 2 Registration & Entry,
29-Apr-2026 09:11:52,9ixfy1z682r6z,Deepak,Cox,AI & Data,deepak.cox@h2o.ai,H2O.ai,ML Solutions Architect,US,Session scan In,Hall A — Congress Level,Session Scan,iPad-HallA-01,halla.ops@techforwardsummit.com,,,QR Scan,4.12.3,S05_Cybersecurity,Zero Trust & Modern Threat Intelligence,
29-Apr-2026 09:12:54,gadktoc1yfmhb,Sofia,Nakamura,Dev Tools & Platforms,sofia.nakamura@postman.com,Postman,Developer Success Manager,US,Session scan In,Hall A — Congress Level,Session Scan,iPad-HallA-01,halla.ops@techforwardsummit.com,,,QR Scan,4.12.3,S05_Cybersecurity,Zero Trust & Modern Threat Intelligence,
29-Apr-2026 09:13:02,1d7xyljd2v57b,Swati,Ho,Cloud & Infrastructure,swati.ho@snowflake.com,Snowflake,Staff Infrastructure Engineer,US,Session scan In,Hall A — Congress Level,Session Scan,iPad-HallA-01,halla.ops@techforwardsummit.com,,,QR Scan,4.12.3,S05_Cybersecurity,Zero Trust & Modern Threat Intelligence,
29-Apr-2026 09:13:12,o100vhmygty3a,Patricia,Watanabe,IT Consulting & SI,patricia.watanabe@nttdata.com,NTT Data,Managing Consultant,JP,Check-In,"Main Entrance, Level 1",Check History,iPad-Registration-01,registration@techforwardsummit.com,,,QR Scan,4.12.3,EntranceD2,Day 2 Registration & Entry,
29-Apr-2026 09:13:12,o100vhmygty3a,Patricia,Watanabe,IT Consulting & SI,patricia.watanabe@nttdata.com,NTT Data,Managing Consultant,JP,Print,"Main Entrance, Level 1",Check History,iPad-Registration-01,registration@techforwardsummit.com,,,QR Scan,4.12.3,EntranceD2,Day 2 Registration & Entry,
29-Apr-2026 09:13:37,q6ktnn8ildasl,Lars,Le,Hardware & Semiconductors,lars.le@marvell.com,Marvell Technology,Chief Technology Officer,US,Check-In,"Main Entrance, Level 1",Check History,iPad-Registration-01,registration@techforwardsummit.com,,,QR Scan,4.12.3,EntranceD2,Day 2 Registration & Entry,
29-Apr-2026 09:13:37,q6ktnn8ildasl,Lars,Le,Hardware & Semiconductors,lars.le@marvell.com,Marvell Technology,Chief Technology Officer,US,Print,"Main Entrance, Level 1",Check History,iPad-Registration-01,registration@techforwardsummit.com,,,QR Scan,4.12.3,EntranceD2,Day 2 Registration & Entry,
29-Apr-2026 09:13:40,gcg1j6oww5fkn,Raymond,Thompson,IT Consulting & SI,raymond.thompson@cognizant.com,Cognizant,Technology Consultant,US,Check-In,"Main Entrance, Level 1",Check History,iPad-Registration-01,registration@techforwardsummit.com,,,QR Scan,4.12.3,EntranceD2,Day 2 Registration & Entry,
29-Apr-2026 09:13:40,gcg1j6oww5fkn,Raymond,Thompson,IT Consulting & SI,raymond.thompson@cognizant.com,Cognizant,Technology Consultant,US,Print,"Main Entrance, Level 1",Check History,iPad-Registration-01,registration@techforwardsummit.com,,,QR Scan,4.12.3,EntranceD2,Day 2 Registration & Entry,
29-Apr-2026 09:14:36,tcatplx3gguko,Yusuf,Foo,VC & Private Equity,yusuf.foo@a16z.com,Andreessen Horowitz,Venture Associate,US,Session scan In,Hall A — Congress Level,Session Scan,iPad-HallA-01,halla.ops@techforwardsummit.com,,,QR Scan,4.12.3,S05_Cybersecurity,Zero Trust & Modern Threat Intelligence,
29-Apr-2026 09:15:26,o46w4jkfyiifa,Oliver,Adeyemi,IT Consulting & SI,oliver.adeyemi@accenture.com,Accenture,Cloud Migration Specialist,IE,Session scan In,Hall B — Congress Level,Session Scan,iPad-HallB-01,hallb.ops@techforwardsummit.com,,,QR Scan,4.12.3,S06_DevEx,Developer Experience: From Inner Loop to Production,
29-Apr-2026 09:15:28,yjnxz6ytipa87,Philip,Nair,Cybersecurity,philip.nair@sentinelone.com,SentinelOne,SOC Analyst,US,Check-In,"Main Entrance, Level 1",Check History,iPad-Registration-01,registration@techforwardsummit.com,,,QR Scan,4.12.3,EntranceD2,Day 2 Registration & Entry,
29-Apr-2026 09:15:28,yjnxz6ytipa87,Philip,Nair,Cybersecurity,philip.nair@sentinelone.com,SentinelOne,SOC Analyst,US,Print,"Main Entrance, Level 1",Check History,iPad-Registration-01,registration@techforwardsummit.com,,,QR Scan,4.12.3,EntranceD2,Day 2 Registration & Entry,
29-Apr-2026 09:15:44,7hylgogfxlsrv,Hao,Nguyen,Staff,hao.nguyen@techforwardsummit.com,TechForward Organising Committee,Registration & Badging Lead,SG,Session scan In,Hall A — Congress Level,Session Scan,iPad-HallA-01,halla.ops@techforwardsummit.com,,,QR Scan,4.12.3,S05_Cybersecurity,Zero Trust & Modern Threat Intelligence,
29-Apr-2026 09:15:47,79wcxz2ei9212,Xin,Rossi,Cybersecurity,xin.rossi@sentinelone.com,SentinelOne,Head of Information Security,US,Session scan In,Hall B — Congress Level,Session Scan,iPad-HallB-01,hallb.ops@techforwardsummit.com,,,QR Scan,4.12.3,S06_DevEx,Developer Experience: From Inner Loop to Production,
29-Apr-2026 09:15:55,vy9rmjr211pv5,Andrea,Clarke,Enterprise Software,andrea.clarke@salesforce.com,Salesforce,VP of Sales,US,Session scan In,Hall B — Congress Level,Session Scan,iPad-HallB-01,hallb.ops@techforwardsummit.com,,,QR Scan,4.12.3,S06_DevEx,Developer Experience: From Inner Loop to Production,
29-Apr-2026 09:15:56,l7u4gp59z025j,Min-Soo,Guo,AI & Data,minsoo.guo@huggingface.co,Hugging Face,Data Engineer,US,Session scan In,Hall B — Congress Level,Session Scan,iPad-HallB-01,hallb.ops@techforwardsummit.com,,,QR Scan,4.12.3,S06_DevEx,Developer Experience: From Inner Loop to Production,
29-Apr-2026 09:16:01,6xda71ebvfwb5,Nicholas,Wilson,Enterprise Software,nicholas.wilson@salesforce.com,Salesforce,Senior Solutions Engineer,US,Session scan In,Hall B — Congress Level,Session Scan,iPad-HallB-01,hallb.ops@techforwardsummit.com,,,QR Scan,4.12.3,S06_DevEx,Developer Experience: From Inner Loop to Production,
29-Apr-2026 09:16:01,oej81o082sfr2,Abena,Kobayashi,Dev Tools & Platforms,abena.kobayashi@postman.com,Postman,Senior Developer Advocate,US,Session scan In,Hall B — Congress Level,Session Scan,iPad-HallB-01,hallb.ops@techforwardsummit.com,,,QR Scan,4.12.3,S06_DevEx,Developer Experience: From Inner Loop to Production,
29-Apr-2026 09:16:04,gvtn4ypkw7493,Anthony,Lewis,Enterprise Software,anthony.lewis@salesforce.com,Salesforce,Solutions Architect,US,Session scan In,Hall B — Congress Level,Session Scan,iPad-HallB-01,hallb.ops@techforwardsummit.com,,,QR Scan,4.12.3,S06_DevEx,Developer Experience: From Inner Loop to Production,
29-Apr-2026 09:16:23,ygo2ype4cwsjb,Alejandro,Thomas,Enterprise Software,alejandro.thomas@hubspot.com,HubSpot,Engineering Manager,US,Session scan In,Hall B — Congress Level,Session Scan,iPad-HallB-01,hallb.ops@techforwardsummit.com,,,QR Scan,4.12.3,S06_DevEx,Developer Experience: From Inner Loop to Production,
29-Apr-2026 09:16:23,omzolmyqa78cu,Cynthia,Garcia,Cloud & Infrastructure,cynthia.garcia@cloud.google.com,Google Cloud,Platform Engineer,US,Session scan In,Hall B — Congress Level,Session Scan,iPad-HallB-01,hallb.ops@techforwardsummit.com,,,QR Scan,4.12.3,S06_DevEx,Developer Experience: From Inner Loop to Production,
29-Apr-2026 09:16:30,4xgmpw5d3go8j,Xiao,Wagner,Cybersecurity,xiao.wagner@zscaler.com,Zscaler,Security Sales Engineer,US,Check-In,"Main Entrance, Level 1",Check History,iPad-Registration-01,registration@techforwardsummit.com,,,QR Scan,4.12.3,EntranceD2,Day 2 Registration & Entry,
29-Apr-2026 09:16:30,4xgmpw5d3go8j,Xiao,Wagner,Cybersecurity,xiao.wagner@zscaler.com,Zscaler,Security Sales Engineer,US,Print,"Main Entrance, Level 1",Check History,iPad-Registration-01,registration@techforwardsummit.com,,,QR Scan,4.12.3,EntranceD2,Day 2 Registration & Entry,
29-Apr-2026 09:16:43,i3l0q4ejhxptu,Steven,Pham,VIP,steven.pham@sap.com,SAP,Chief Executive Officer,DE,Session scan In,Hall B — Congress Level,Session Scan,iPad-HallB-01,hallb.ops@techforwardsummit.com,,,QR Scan,4.12.3,S06_DevEx,Developer Experience: From Inner Loop to Production,
29-Apr-2026 09:16:47,jqigyvzwd3kpu,Deborah,Lopez,Enterprise Software,deborah.lopez@adobe.com,Adobe,Senior Product Manager,US,Session scan In,Hall B — Congress Level,Session Scan,iPad-HallB-01,hallb.ops@techforwardsummit.com,,,QR Scan,4.12.3,S06_DevEx,Developer Experience: From Inner Loop to Production,
29-Apr-2026 09:16:54,ko31nzsxpefj3,Rania,Le,Enterprise Software,rania.le@microsoft.com,Microsoft,Customer Success Manager,US,Session scan In,Hall B — Congress Level,Session Scan,iPad-HallB-01,hallb.ops@techforwardsummit.com,,,QR Scan,4.12.3,S06_DevEx,Developer Experience: From Inner Loop to Production,
29-Apr-2026 09:17:06,gmdrdsferfxio,Anita,Chatterjee,Board Member,anita.chatterjee@aws.amazon.com,Amazon Web Services,Board Director,US,Session scan In,Hall B — Congress Level,Session Scan,iPad-HallB-01,hallb.ops@techforwardsummit.com,,,QR Scan,4.12.3,S06_DevEx,Developer Experience: From Inner Loop to Production,
29-Apr-2026 09:17:27,d7rina0vlrrba,Sandra,Clark,Enterprise Software,sandra.clark@box.com,Box,Solutions Architect,US,Session scan In,Hall B — Congress Level,Session Scan,iPad-HallB-01,hallb.ops@techforwardsummit.com,,,QR Scan,4.12.3,S06_DevEx,Developer Experience: From Inner Loop to Production,
29-Apr-2026 09:17:30,phb8oosprlzkc,Lucia,Choi,VC & Private Equity,lucia.choi@a16z.com,Andreessen Horowitz,General Partner,US,Session scan In,Hall B — Congress Level,Session Scan,iPad-HallB-01,hallb.ops@techforwardsummit.com,,,QR Scan,4.12.3,S06_DevEx,Developer Experience: From Inner Loop to Production,
29-Apr-2026 09:17:49,rzpx9v1uitdj4,Henrik,Okonkwo,AI & Data,henrik.okonkwo@palantir.com,Palantir Technologies,Chief AI Officer,US,Session scan In,Hall B — Congress Level,Session Scan,iPad-HallB-01,hallb.ops@techforwardsummit.com,,,QR Scan,4.12.3,S06_DevEx,Developer Experience: From Inner Loop to Production,
29-Apr-2026 09:17:59,4zcrhyqnrm31s,Arjun,Colombo,Enterprise Software,arjun.colombo@microsoft.com,Microsoft,"Account Executive, Enterprise",US,Session scan In,Hall A — Congress Level,Session Scan,iPad-HallA-01,halla.ops@techforwardsummit.com,,,QR Scan,4.12.3,S05_Cybersecurity,Zero Trust & Modern Threat Intelligence,
29-Apr-2026 09:18:02,8hl88kzruin3o,Nancy,Cho,IT Consulting & SI,nancy.cho@infosys.com,Infosys,"Solution Architect, Digital",IN,Session scan In,Hall B — Congress Level,Session Scan,iPad-HallB-01,hallb.ops@techforwardsummit.com,,,QR Scan,4.12.3,S06_DevEx,Developer Experience: From Inner Loop to Production,
29-Apr-2026 09:18:51,qtylu58ftylav,Mohammed,Ricci,VC & Private Equity,mohammed.ricci@accel.com,Accel,Principal,US,Session scan In,Hall B — Congress Level,Session Scan,iPad-HallB-01,hallb.ops@techforwardsummit.com,,,QR Scan,4.12.3,S06_DevEx,Developer Experience: From Inner Loop to Production,
29-Apr-2026 09:18:55,omzolmyqa78cu,Cynthia,Garcia,Cloud & Infrastructure,cynthia.garcia@cloud.google.com,Google Cloud,Platform Engineer,US,Session scan In,Hall A — Congress Level,Session Scan,iPad-HallA-01,halla.ops@techforwardsummit.com,,,QR Scan,4.12.3,S05_Cybersecurity,Zero Trust & Modern Threat Intelligence,
29-Apr-2026 09:19:08,9jojwlrkxjtmy,Yuto,Iyer,IT Consulting & SI,yuto.iyer@bcg.com,BCG X,"Solution Architect, Digital",US,Session scan In,Hall B — Congress Level,Session Scan,iPad-HallB-01,hallb.ops@techforwardsummit.com,,,QR Scan,4.12.3,S06_DevEx,Developer Experience: From Inner Loop to Production,
29-Apr-2026 09:19:34,536zx1tv18kgy,Christine,Campbell,Cybersecurity,christine.campbell@rapid7.com,Rapid7,Director of Cybersecurity,US,Session scan In,Hall B — Congress Level,Session Scan,iPad-HallB-01,hallb.ops@techforwardsummit.com,,,QR Scan,4.12.3,S06_DevEx,Developer Experience: From Inner Loop to Production,
29-Apr-2026 09:19:56,4xgmpw5d3go8j,Xiao,Wagner,Cybersecurity,xiao.wagner@zscaler.com,Zscaler,Security Sales Engineer,US,Session scan In,Hall A — Congress Level,Session Scan,iPad-HallA-01,halla.ops@techforwardsummit.com,,,QR Scan,4.12.3,S05_Cybersecurity,Zero Trust & Modern Threat Intelligence,
29-Apr-2026 09:20:08,f9i71a57e8a54,Sharon,Zhang,IT Consulting & SI,sharon.zhang@infosys.com,Infosys,Technology Consultant,IN,Session scan In,Hall A — Congress Level,Session Scan,iPad-HallA-01,halla.ops@techforwardsummit.com,,,QR Scan,4.12.3,S05_Cybersecurity,Zero Trust & Modern Threat Intelligence,
29-Apr-2026 09:20:10,e5u9in7ofhepn,Kwame,Han,Enterprise Software,kwame.han@sprinklr.com,Sprinklr,Principal Product Manager,US,Session scan In,Hall B — Congress Level,Session Scan,iPad-HallB-01,hallb.ops@techforwardsummit.com,,,QR Scan,4.12.3,S06_DevEx,Developer Experience: From Inner Loop to Production,
29-Apr-2026 09:20:15,uqb8rcp6i29gp,Hui,Mueller,Dev Tools & Platforms,hui.mueller@github.com,GitHub,Chief Revenue Officer,US,Session scan In,Hall B — Congress Level,Session Scan,iPad-HallB-01,hallb.ops@techforwardsummit.com,,,QR Scan,4.12.3,S06_DevEx,Developer Experience: From Inner Loop to Production,
29-Apr-2026 09:20:18,yxw1tbrwr965r,Yusuf,Wilson,Dev Tools & Platforms,yusuf.wilson@konghq.com,Kong,Head of Developer Relations,US,Session scan In,Hall B — Congress Level,Session Scan,iPad-HallB-01,hallb.ops@techforwardsummit.com,,,QR Scan,4.12.3,S06_DevEx,Developer Experience: From Inner Loop to Production,
29-Apr-2026 09:20:18,2hyvezrad8ejp,Rahul,Park,Cybersecurity,rahul.park@tenable.com,Tenable,Threat Intelligence Analyst,US,Session scan In,Hall B — Congress Level,Session Scan,iPad-HallB-01,hallb.ops@techforwardsummit.com,,,QR Scan,4.12.3,S06_DevEx,Developer Experience: From Inner Loop to Production,
29-Apr-2026 09:20:19,q5c9035vuuplt,Isabelle,Gray,Cybersecurity,isabelle.gray@paloaltonetworks.com,Palo Alto Networks,Senior Security Engineer,US,Session scan In,Hall B — Congress Level,Session Scan,iPad-HallB-01,hallb.ops@techforwardsummit.com,,,QR Scan,4.12.3,S06_DevEx,Developer Experience: From Inner Loop to Production,
29-Apr-2026 09:20:32,6vu6z5gf3bbt8,Steven,Hansen,Hardware & Semiconductors,steven.hansen@qualcomm.com,Qualcomm,Principal VLSI Engineer,US,Session scan In,Hall A — Congress Level,Session Scan,iPad-HallA-01,halla.ops@techforwardsummit.com,,,QR Scan,4.12.3,S05_Cybersecurity,Zero Trust & Modern Threat Intelligence,
29-Apr-2026 09:20:41,1uzq6rf8lw7y8,Sarah,Cox,IT Consulting & SI,sarah.cox@pwc.com,PwC Advisory,Technology Consultant,GB,Session scan In,Hall B — Congress Level,Session Scan,iPad-HallB-01,hallb.ops@techforwardsummit.com,,,QR Scan,4.12.3,S06_DevEx,Developer Experience: From Inner Loop to Production,
29-Apr-2026 09:20:44,7ht2ibtrvxoi4,Yusuf,Arora,Cybersecurity,yusuf.arora@fortinet.com,Fortinet,Director of Cybersecurity,US,Session scan In,Hall B — Congress Level,Session Scan,iPad-HallB-01,hallb.ops@techforwardsummit.com,,,QR Scan,4.12.3,S06_DevEx,Developer Experience: From Inner Loop to Production,
29-Apr-2026 09:20:50,e5u9in7ofhepn,Kwame,Han,Enterprise Software,kwame.han@sprinklr.com,Sprinklr,Principal Product Manager,US,Check-In,"Main Entrance, Level 1",Check History,iPad-Registration-01,registration@techforwardsummit.com,,,QR Scan,4.12.3,EntranceD2,Day 2 Registration & Entry,
29-Apr-2026 09:20:50,e5u9in7ofhepn,Kwame,Han,Enterprise Software,kwame.han@sprinklr.com,Sprinklr,Principal Product Manager,US,Print,"Main Entrance, Level 1",Check History,iPad-Registration-01,registration@techforwardsummit.com,,,QR Scan,4.12.3,EntranceD2,Day 2 Registration & Entry,
29-Apr-2026 09:21:39,natjq37cvxqe1,Jonathan,Wang,Cloud & Infrastructure,jonathan.wang@cloud.google.com,Google Cloud,Developer Advocate,US,Session scan In,Hall B — Congress Level,Session Scan,iPad-HallB-01,hallb.ops@techforwardsummit.com,,,QR Scan,4.12.3,S06_DevEx,Developer Experience: From Inner Loop to Production,
29-Apr-2026 09:21:42,o100vhmygty3a,Patricia,Watanabe,IT Consulting & SI,patricia.watanabe@nttdata.com,NTT Data,Managing Consultant,JP,Session scan In,Hall B — Congress Level,Session Scan,iPad-HallB-01,hallb.ops@techforwardsummit.com,,,QR Scan,4.12.3,S06_DevEx,Developer Experience: From Inner Loop to Production,
29-Apr-2026 09:22:04,mwpq82k8ryqf8,Astrid,Choi,Hardware & Semiconductors,astrid.choi@arm.com,Arm Holdings,"Research Scientist, Silicon",GB,Session scan In,Hall B — Congress Level,Session Scan,iPad-HallB-01,hallb.ops@techforwardsummit.com,,,QR Scan,4.12.3,S06_DevEx,Developer Experience: From Inner Loop to Production,
29-Apr-2026 09:22:04,6h95d9y8y0awr,Stephanie,Chua,Cloud & Infrastructure,stephanie.chua@elastic.co,Elastic,Staff Infrastructure Engineer,NL,Session scan In,Hall B — Congress Level,Session Scan,iPad-HallB-01,hallb.ops@techforwardsummit.com,,,QR Scan,4.12.3,S06_DevEx,Developer Experience: From Inner Loop to Production,
29-Apr-2026 09:22:13,sxjzvuv3cb0ix,Aoi,Schmidt,VIP,aoi.schmidt@oracle.com,Oracle,Chief Technology Officer,US,Session scan In,Hall B — Congress Level,Session Scan,iPad-HallB-01,hallb.ops@techforwardsummit.com,,,QR Scan,4.12.3,S06_DevEx,Developer Experience: From Inner Loop to Production,
29-Apr-2026 09:22:43,iymyk86adnokk,Fazilah,Andersen,VC & Private Equity,fazilah.andersen@lsvp.com,Lightspeed Venture Partners,Partner,US,Session scan In,Hall B — Congress Level,Session Scan,iPad-HallB-01,hallb.ops@techforwardsummit.com,,,QR Scan,4.12.3,S06_DevEx,Developer Experience: From Inner Loop to Production,
29-Apr-2026 09:23:07,safyh1fkj4yk1,William,Dey,IT Consulting & SI,william.dey@ltimindtree.com,LTIMindtree,Technology Consultant,IN,Session scan In,Hall B — Congress Level,Session Scan,iPad-HallB-01,hallb.ops@techforwardsummit.com,,,QR Scan,4.12.3,S06_DevEx,Developer Experience: From Inner Loop to Production,
29-Apr-2026 09:23:29,hnnk8fwrpk0zf,Priya,Santos,IT Consulting & SI,priya.santos@nttdata.com,NTT Data,Director of Technology,JP,Session scan In,Hall B — Congress Level,Session Scan,iPad-HallB-01,hallb.ops@techforwardsummit.com,,,QR Scan,4.12.3,S06_DevEx,Developer Experience: From Inner Loop to Production,
29-Apr-2026 09:23:31,69phwn8ddinz2,Nicholas,Rossi,VC & Private Equity,nicholas.rossi@accel.com,Accel,Partner,US,Session scan In,Hall B — Congress Level,Session Scan,iPad-HallB-01,hallb.ops@techforwardsummit.com,,,QR Scan,4.12.3,S06_DevEx,Developer Experience: From Inner Loop to Production,
29-Apr-2026 09:23:56,1l1vj35yrg29d,Ella,Yap,VC & Private Equity,ella.yap@sequoiacap.com,Sequoia Capital,Partner,US,Check-In,"Main Entrance, Level 1",Check History,iPad-Registration-01,registration@techforwardsummit.com,,,QR Scan,4.12.3,EntranceD2,Day 2 Registration & Entry,
29-Apr-2026 09:23:56,1l1vj35yrg29d,Ella,Yap,VC & Private Equity,ella.yap@sequoiacap.com,Sequoia Capital,Partner,US,Print,"Main Entrance, Level 1",Check History,iPad-Registration-01,registration@techforwardsummit.com,,,QR Scan,4.12.3,EntranceD2,Day 2 Registration & Entry,
29-Apr-2026 09:24:08,qw5dsk7n8la10,Ali,Tang,Dev Tools & Platforms,ali.tang@temporal.io,Temporal,Senior Developer Advocate,US,Session scan In,Hall B — Congress Level,Session Scan,iPad-HallB-01,hallb.ops@techforwardsummit.com,,,QR Scan,4.12.3,S06_DevEx,Developer Experience: From Inner Loop to Production,
29-Apr-2026 09:24:12,uw7wr0r35ikge,Kenji,Wee,VC & Private Equity,kenji.wee@ggvc.com,GGV Capital,Partner,US,Check-In,"Main Entrance, Level 1",Check History,iPad-Registration-01,registration@techforwardsummit.com,,,QR Scan,4.12.3,EntranceD2,Day 2 Registration & Entry,
29-Apr-2026 09:24:12,uw7wr0r35ikge,Kenji,Wee,VC & Private Equity,kenji.wee@ggvc.com,GGV Capital,Partner,US,Print,"Main Entrance, Level 1",Check History,iPad-Registration-01,registration@techforwardsummit.com,,,QR Scan,4.12.3,EntranceD2,Day 2 Registration & Entry,
29-Apr-2026 09:24:18,mfbuvldd9fkxz,Nurul,Pham,IT Consulting & SI,nurul.pham@nttdata.com,NTT Data,Senior Technology Consultant,JP,Session scan In,Hall B — Congress Level,Session Scan,iPad-HallB-01,hallb.ops@techforwardsummit.com,,,QR Scan,4.12.3,S06_DevEx,Developer Experience: From Inner Loop to Production,
29-Apr-2026 09:24:43,qmktgv44ftj5c,Rachel,Jones,VC & Private Equity,rachel.jones@softbank.com,SoftBank Vision Fund,Venture Associate,JP,Session scan In,Hall B — Congress Level,Session Scan,iPad-HallB-01,hallb.ops@techforwardsummit.com,,,QR Scan,4.12.3,S06_DevEx,Developer Experience: From Inner Loop to Production,
29-Apr-2026 09:25:42,b68rervt997e4,Seo-Yeon,Zhu,Staff,seoyeon.zhu@fielddrive.com,FieldDrive Events,Conference Coordinator,BE,Session scan In,Hall A — Congress Level,Session Scan,iPad-HallA-01,halla.ops@techforwardsummit.com,,,QR Scan,4.12.3,S05_Cybersecurity,Zero Trust & Modern Threat Intelligence,
29-Apr-2026 09:26:46,gelw8ivi3rqas,Matthew,Liu,Dev Tools & Platforms,matthew.liu@gitlab.com,GitLab,Platform Product Manager,US,Session scan In,Hall B — Congress Level,Session Scan,iPad-HallB-01,hallb.ops@techforwardsummit.com,,,QR Scan,4.12.3,S06_DevEx,Developer Experience: From Inner Loop to Production,
29-Apr-2026 09:28:21,8tjwofc57paco,Wei,Nkosi,Hardware & Semiconductors,wei.nkosi@graphcore.ai,Graphcore,System Architecture Engineer,GB,Session scan In,Hall B — Congress Level,Session Scan,iPad-HallB-01,hallb.ops@techforwardsummit.com,,,QR Scan,4.12.3,S06_DevEx,Developer Experience: From Inner Loop to Production,
29-Apr-2026 09:28:28,q5f7uxke4qwl6,Juan,Robinson,IT Consulting & SI,juan.robinson@publicissapient.com,Publicis Sapient,Associate Director,FR,Session scan In,Hall B — Congress Level,Session Scan,iPad-HallB-01,hallb.ops@techforwardsummit.com,,,QR Scan,4.12.3,S06_DevEx,Developer Experience: From Inner Loop to Production,
29-Apr-2026 09:28:35,malwvmb0idd0w,Feng,Kumar,Cybersecurity,feng.kumar@tenable.com,Tenable,Senior Security Engineer,US,Session scan In,Hall B — Congress Level,Session Scan,iPad-HallB-01,hallb.ops@techforwardsummit.com,,,QR Scan,4.12.3,S06_DevEx,Developer Experience: From Inner Loop to Production,
29-Apr-2026 09:28:41,hhddog2ue1iv0,William,Colombo,Cloud & Infrastructure,william.colombo@snowflake.com,Snowflake,Principal Solutions Architect,US,Session scan In,Hall B — Congress Level,Session Scan,iPad-HallB-01,hallb.ops@techforwardsummit.com,,,QR Scan,4.12.3,S06_DevEx,Developer Experience: From Inner Loop to Production,
29-Apr-2026 09:28:59,dg680iuga4feg,Marco,Chaudhary,IT Consulting & SI,marco.chaudhary@cognizant.com,Cognizant,Cloud Migration Specialist,US,Session scan In,Hall B — Congress Level,Session Scan,iPad-HallB-01,hallb.ops@techforwardsummit.com,,,QR Scan,4.12.3,S06_DevEx,Developer Experience: From Inner Loop to Production,
29-Apr-2026 09:29:22,e84l9yilzr015,Vikram,Tanaka,IT Consulting & SI,vikram.tanaka@thoughtworks.com,Thoughtworks,Senior Technology Consultant,US,Session scan In,Hall B — Congress Level,Session Scan,iPad-HallB-01,hallb.ops@techforwardsummit.com,,,QR Scan,4.12.3,S06_DevEx,Developer Experience: From Inner Loop to Production,
29-Apr-2026 09:30:33,8uogmvv6v3v02,Ali,Park,Dev Tools & Platforms,ali.park@jfrog.com,JFrog,Senior Developer Advocate,US,Session scan In,Hall B — Congress Level,Session Scan,iPad-HallB-01,hallb.ops@techforwardsummit.com,,,QR Scan,4.12.3,S06_DevEx,Developer Experience: From Inner Loop to Production,
29-Apr-2026 09:31:20,24479qtkcd0rl,Timothy,Abdullah,Enterprise Software,timothy.abdullah@microsoft.com,Microsoft,Staff Software Engineer,US,Session scan In,Hall B — Congress Level,Session Scan,iPad-HallB-01,hallb.ops@techforwardsummit.com,,,QR Scan,4.12.3,S06_DevEx,Developer Experience: From Inner Loop to Production,
29-Apr-2026 09:32:42,u9dkbpvwzophg,Carol,Collins,Enterprise Software,carol.collins@salesforce.com,Salesforce,Principal Product Manager,US,Check-In,"Main Entrance, Level 1",Check History,iPad-Registration-01,registration@techforwardsummit.com,,,QR Scan,4.12.3,EntranceD2,Day 2 Registration & Entry,
29-Apr-2026 09:32:42,u9dkbpvwzophg,Carol,Collins,Enterprise Software,carol.collins@salesforce.com,Salesforce,Principal Product Manager,US,Print,"Main Entrance, Level 1",Check History,iPad-Registration-01,registration@techforwardsummit.com,,,QR Scan,4.12.3,EntranceD2,Day 2 Registration & Entry,
29-Apr-2026 09:34:21,dw7v1qsa11ptk,Richard,Wang,Dev Tools & Platforms,richard.wang@twilio.com,Twilio,Chief Revenue Officer,US,Session scan In,Hall B — Congress Level,Session Scan,iPad-HallB-01,hallb.ops@techforwardsummit.com,,,QR Scan,4.12.3,S06_DevEx,Developer Experience: From Inner Loop to Production,
29-Apr-2026 09:38:31,xu7fkc781hfl1,Ana,Jung,Enterprise Software,ana.jung@oracle.com,Oracle,Senior Product Manager,US,Session scan In,Hall B — Congress Level,Session Scan,iPad-HallB-01,hallb.ops@techforwardsummit.com,,,QR Scan,4.12.3,S06_DevEx,Developer Experience: From Inner Loop to Production,
29-Apr-2026 09:38:48,yjnxz6ytipa87,Philip,Nair,Cybersecurity,philip.nair@sentinelone.com,SentinelOne,SOC Analyst,US,Session scan In,Hall B — Congress Level,Session Scan,iPad-HallB-01,hallb.ops@techforwardsummit.com,,,QR Scan,4.12.3,S06_DevEx,Developer Experience: From Inner Loop to Production,
29-Apr-2026 09:40:13,c62g3aut3rsvz,Ethan,Santoso,Cloud & Infrastructure,ethan.santoso@akamai.com,Akamai Technologies,Platform Engineer,US,Session scan In,Hall B — Congress Level,Session Scan,iPad-HallB-01,hallb.ops@techforwardsummit.com,,,QR Scan,4.12.3,S06_DevEx,Developer Experience: From Inner Loop to Production,
29-Apr-2026 09:55:42,9ixfy1z682r6z,Deepak,Cox,AI & Data,deepak.cox@h2o.ai,H2O.ai,ML Solutions Architect,US,Session scan Out,Hall A — Congress Level,Session Scan,iPad-HallA-01,halla.ops@techforwardsummit.com,,,QR Scan,4.12.3,S05_Cybersecurity,Zero Trust & Modern Threat Intelligence,
29-Apr-2026 09:57:40,f9i71a57e8a54,Sharon,Zhang,IT Consulting & SI,sharon.zhang@infosys.com,Infosys,Technology Consultant,IN,Session scan Out,Hall A — Congress Level,Session Scan,iPad-HallA-01,halla.ops@techforwardsummit.com,,,QR Scan,4.12.3,S05_Cybersecurity,Zero Trust & Modern Threat Intelligence,
29-Apr-2026 09:57:41,mfbuvldd9fkxz,Nurul,Pham,IT Consulting & SI,nurul.pham@nttdata.com,NTT Data,Senior Technology Consultant,JP,Session scan Out,Hall A — Congress Level,Session Scan,iPad-HallA-01,halla.ops@techforwardsummit.com,,,QR Scan,4.12.3,S05_Cybersecurity,Zero Trust & Modern Threat Intelligence,
29-Apr-2026 09:57:52,r43ur4mfjhoja,Kavita,Anderson,AI & Data,kavita.anderson@h2o.ai,H2O.ai,Head of Data Science,US,Session scan Out,Hall A — Congress Level,Session Scan,iPad-HallA-01,halla.ops@techforwardsummit.com,,,QR Scan,4.12.3,S05_Cybersecurity,Zero Trust & Modern Threat Intelligence,
29-Apr-2026 09:58:43,qpmqk8sz7iwdl,Chloe,Kapoor,Cybersecurity,chloe.kapoor@lacework.com,Lacework,Senior Security Engineer,US,Session scan Out,Hall A — Congress Level,Session Scan,iPad-HallA-01,halla.ops@techforwardsummit.com,,,QR Scan,4.12.3,S05_Cybersecurity,Zero Trust & Modern Threat Intelligence,
29-Apr-2026 10:00:29,655ck3tb94cll,Hana,Turner,Media/Press,hana.turner@venturebeat.com,VentureBeat,Senior Correspondent,US,Session scan Out,Hall A — Congress Level,Session Scan,iPad-HallA-01,halla.ops@techforwardsummit.com,,,QR Scan,4.12.3,S05_Cybersecurity,Zero Trust & Modern Threat Intelligence,
29-Apr-2026 10:03:41,mxsnwer8zdxhy,Shu,Khanna,VIP,shu.khanna@servicenow.com,ServiceNow,Chief Executive Officer,US,Session scan Out,Hall A — Congress Level,Session Scan,iPad-HallA-01,halla.ops@techforwardsummit.com,,,QR Scan,4.12.3,S05_Cybersecurity,Zero Trust & Modern Threat Intelligence,
29-Apr-2026 10:09:27,tcatplx3gguko,Yusuf,Foo,VC & Private Equity,yusuf.foo@a16z.com,Andreessen Horowitz,Venture Associate,US,Session scan Out,Hall A — Congress Level,Session Scan,iPad-HallA-01,halla.ops@techforwardsummit.com,,,QR Scan,4.12.3,S05_Cybersecurity,Zero Trust & Modern Threat Intelligence,
29-Apr-2026 10:11:20,8uogmvv6v3v02,Ali,Park,Dev Tools & Platforms,ali.park@jfrog.com,JFrog,Senior Developer Advocate,US,Session scan Out,Hall A — Congress Level,Session Scan,iPad-HallA-01,halla.ops@techforwardsummit.com,,,QR Scan,4.12.3,S05_Cybersecurity,Zero Trust & Modern Threat Intelligence,
29-Apr-2026 10:12:51,l7u4gp59z025j,Min-Soo,Guo,AI & Data,minsoo.guo@huggingface.co,Hugging Face,Data Engineer,US,Session scan Out,Hall B — Congress Level,Session Scan,iPad-HallB-01,hallb.ops@techforwardsummit.com,,,QR Scan,4.12.3,S06_DevEx,Developer Experience: From Inner Loop to Production,
29-Apr-2026 10:13:26,malwvmb0idd0w,Feng,Kumar,Cybersecurity,feng.kumar@tenable.com,Tenable,Senior Security Engineer,US,Session scan Out,Hall B — Congress Level,Session Scan,iPad-HallB-01,hallb.ops@techforwardsummit.com,,,QR Scan,4.12.3,S06_DevEx,Developer Experience: From Inner Loop to Production,
29-Apr-2026 10:14:17,dsg2qfpodpehc,Marco,Watanabe,Cybersecurity,marco.watanabe@wiz.io,Wiz,Threat Intelligence Analyst,US,Session scan Out,Hall A — Congress Level,Session Scan,iPad-HallA-01,halla.ops@techforwardsummit.com,,,QR Scan,4.12.3,S05_Cybersecurity,Zero Trust & Modern Threat Intelligence,
29-Apr-2026 10:14:48,el88l12qfaf5k,Daniel,Edwards,Enterprise Software,daniel.edwards@sap.com,SAP,Senior Product Manager,DE,Session scan Out,Hall A — Congress Level,Session Scan,iPad-HallA-01,halla.ops@techforwardsummit.com,,,QR Scan,4.12.3,S05_Cybersecurity,Zero Trust & Modern Threat Intelligence,
29-Apr-2026 10:14:56,o100vhmygty3a,Patricia,Watanabe,IT Consulting & SI,patricia.watanabe@nttdata.com,NTT Data,Managing Consultant,JP,Session scan Out,Hall B — Congress Level,Session Scan,iPad-HallB-01,hallb.ops@techforwardsummit.com,,,QR Scan,4.12.3,S06_DevEx,Developer Experience: From Inner Loop to Production,
29-Apr-2026 10:15:23,ml12p5wpvi06b,Nicholas,Bose,AI & Data,nicholas.bose@databricks.com,Databricks,Head of Data Science,US,Session scan Out,Hall A — Congress Level,Session Scan,iPad-HallA-01,halla.ops@techforwardsummit.com,,,QR Scan,4.12.3,S05_Cybersecurity,Zero Trust & Modern Threat Intelligence,
29-Apr-2026 10:17:29,c62g3aut3rsvz,Ethan,Santoso,Cloud & Infrastructure,ethan.santoso@akamai.com,Akamai Technologies,Platform Engineer,US,Session scan Out,Hall B — Congress Level,Session Scan,iPad-HallB-01,hallb.ops@techforwardsummit.com,,,QR Scan,4.12.3,S06_DevEx,Developer Experience: From Inner Loop to Production,
29-Apr-2026 10:18:01,6xda71ebvfwb5,Nicholas,Wilson,Enterprise Software,nicholas.wilson@salesforce.com,Salesforce,Senior Solutions Engineer,US,Session scan Out,Hall B — Congress Level,Session Scan,iPad-HallB-01,hallb.ops@techforwardsummit.com,,,QR Scan,4.12.3,S06_DevEx,Developer Experience: From Inner Loop to Production,
29-Apr-2026 10:18:50,d7rina0vlrrba,Sandra,Clark,Enterprise Software,sandra.clark@box.com,Box,Solutions Architect,US,Session scan Out,Hall B — Congress Level,Session Scan,iPad-HallB-01,hallb.ops@techforwardsummit.com,,,QR Scan,4.12.3,S06_DevEx,Developer Experience: From Inner Loop to Production,
29-Apr-2026 10:19:45,8hl88kzruin3o,Nancy,Cho,IT Consulting & SI,nancy.cho@infosys.com,Infosys,"Solution Architect, Digital",IN,Session scan Out,Hall B — Congress Level,Session Scan,iPad-HallB-01,hallb.ops@techforwardsummit.com,,,QR Scan,4.12.3,S06_DevEx,Developer Experience: From Inner Loop to Production,
29-Apr-2026 10:23:57,24479qtkcd0rl,Timothy,Abdullah,Enterprise Software,timothy.abdullah@microsoft.com,Microsoft,Staff Software Engineer,US,Session scan Out,Hall B — Congress Level,Session Scan,iPad-HallB-01,hallb.ops@techforwardsummit.com,,,QR Scan,4.12.3,S06_DevEx,Developer Experience: From Inner Loop to Production,
29-Apr-2026 10:25:53,8tjwofc57paco,Wei,Nkosi,Hardware & Semiconductors,wei.nkosi@graphcore.ai,Graphcore,System Architecture Engineer,GB,Session scan Out,Hall B — Congress Level,Session Scan,iPad-HallB-01,hallb.ops@techforwardsummit.com,,,QR Scan,4.12.3,S06_DevEx,Developer Experience: From Inner Loop to Production,
29-Apr-2026 10:27:22,qw5dsk7n8la10,Ali,Tang,Dev Tools & Platforms,ali.tang@temporal.io,Temporal,Senior Developer Advocate,US,Session scan Out,Hall B — Congress Level,Session Scan,iPad-HallB-01,hallb.ops@techforwardsummit.com,,,QR Scan,4.12.3,S06_DevEx,Developer Experience: From Inner Loop to Production,
29-Apr-2026 10:29:37,mfbuvldd9fkxz,Nurul,Pham,IT Consulting & SI,nurul.pham@nttdata.com,NTT Data,Senior Technology Consultant,JP,Session scan Out,Hall B — Congress Level,Session Scan,iPad-HallB-01,hallb.ops@techforwardsummit.com,,,QR Scan,4.12.3,S06_DevEx,Developer Experience: From Inner Loop to Production,
29-Apr-2026 11:00:20,4udtlvr7mgatn,Laura,Wright,Dev Tools & Platforms,laura.wright@pagerduty.com,PagerDuty,Head of Developer Relations,US,Session scan In,Hall A — Congress Level,Session Scan,iPad-HallA-01,halla.ops@techforwardsummit.com,,,QR Scan,4.12.3,S07_Startup,Startup Showcase & VC Panel: Who Is Funding What,
29-Apr-2026 11:00:26,8y2deg3zgarfi,Mateus,Wee,Hardware & Semiconductors,mateus.wee@groq.com,Groq,System Architecture Engineer,US,Session scan In,Hall B — Congress Level,Session Scan,iPad-HallB-01,hallb.ops@techforwardsummit.com,,,QR Scan,4.12.3,S08_DataInfra,"Modern Data Infrastructure: Lakehouses, Streaming & Governance",
29-Apr-2026 11:00:27,spaqaluldryhr,Abena,Sanchez,Speaker,abena.sanchez@ethz.ch,ETH Zurich,Professor of Computer Science,CH,Session scan In,Hall B — Congress Level,Session Scan,iPad-HallB-01,hallb.ops@techforwardsummit.com,,,QR Scan,4.12.3,S08_DataInfra,"Modern Data Infrastructure: Lakehouses, Streaming & Governance",
29-Apr-2026 11:00:35,0wtgxy7in1r6x,Robert,Mueller,Hardware & Semiconductors,robert.mueller@mediatek.com,MediaTek,AI Hardware Architect,TW,Session scan In,Hall A — Congress Level,Session Scan,iPad-HallA-01,halla.ops@techforwardsummit.com,,,QR Scan,4.12.3,S07_Startup,Startup Showcase & VC Panel: Who Is Funding What,
29-Apr-2026 11:00:39,ig5xixgsplti8,Scott,Peterson,VIP,scott.peterson@nvidia.com,NVIDIA,Chief Product Officer,US,Session scan In,Hall A — Congress Level,Session Scan,iPad-HallA-01,halla.ops@techforwardsummit.com,,,QR Scan,4.12.3,S07_Startup,Startup Showcase & VC Panel: Who Is Funding What,
29-Apr-2026 11:00:45,0ic1l7dypmlva,Deepak,Phillips,VC & Private Equity,deepak.phillips@lsvp.com,Lightspeed Venture Partners,General Partner,US,Session scan In,Hall A — Congress Level,Session Scan,iPad-HallA-01,halla.ops@techforwardsummit.com,,,QR Scan,4.12.3,S07_Startup,Startup Showcase & VC Panel: Who Is Funding What,
29-Apr-2026 11:00:49,sf6k9kohd5mhb,Paul,Chaudhary,IT Consulting & SI,paul.chaudhary@nttdata.com,NTT Data,VP of Digital Transformation,JP,Session scan In,Hall A — Congress Level,Session Scan,iPad-HallA-01,halla.ops@techforwardsummit.com,,,QR Scan,4.12.3,S07_Startup,Startup Showcase & VC Panel: Who Is Funding What,
29-Apr-2026 11:00:50,a9czv7pqovvi1,Andrea,Davis,Cybersecurity,andrea.davis@wiz.io,Wiz,Threat Intelligence Analyst,US,Session scan In,Hall B — Congress Level,Session Scan,iPad-HallB-01,hallb.ops@techforwardsummit.com,,,QR Scan,4.12.3,S08_DataInfra,"Modern Data Infrastructure: Lakehouses, Streaming & Governance",
29-Apr-2026 11:00:56,6vu6z5gf3bbt8,Steven,Hansen,Hardware & Semiconductors,steven.hansen@qualcomm.com,Qualcomm,Principal VLSI Engineer,US,Session scan In,Hall B — Congress Level,Session Scan,iPad-HallB-01,hallb.ops@techforwardsummit.com,,,QR Scan,4.12.3,S08_DataInfra,"Modern Data Infrastructure: Lakehouses, Streaming & Governance",
29-Apr-2026 11:00:57,7hylgogfxlsrv,Hao,Nguyen,Staff,hao.nguyen@techforwardsummit.com,TechForward Organising Committee,Registration & Badging Lead,SG,Session scan In,Hall B — Congress Level,Session Scan,iPad-HallB-01,hallb.ops@techforwardsummit.com,,,QR Scan,4.12.3,S08_DataInfra,"Modern Data Infrastructure: Lakehouses, Streaming & Governance",
29-Apr-2026 11:00:57,1a6xvaj2k8xpn,Neha,Tang,Cloud & Infrastructure,neha.tang@cloudflare.com,Cloudflare,Staff Infrastructure Engineer,US,Session scan In,Hall B — Congress Level,Session Scan,iPad-HallB-01,hallb.ops@techforwardsummit.com,,,QR Scan,4.12.3,S08_DataInfra,"Modern Data Infrastructure: Lakehouses, Streaming & Governance",
29-Apr-2026 11:01:01,t3f2f3hycpesb,Anthony,Lim,IT Consulting & SI,anthony.lim@infosys.com,Infosys,Associate Director,IN,Session scan In,Hall B — Congress Level,Session Scan,iPad-HallB-01,hallb.ops@techforwardsummit.com,,,QR Scan,4.12.3,S08_DataInfra,"Modern Data Infrastructure: Lakehouses, Streaming & Governance",
29-Apr-2026 11:01:02,b38wxgc7jjy94,Peter,Tan,Enterprise Software,peter.tan@microsoft.com,Microsoft,Principal Product Manager,US,Session scan In,Hall B — Congress Level,Session Scan,iPad-HallB-01,hallb.ops@techforwardsummit.com,,,QR Scan,4.12.3,S08_DataInfra,"Modern Data Infrastructure: Lakehouses, Streaming & Governance",
29-Apr-2026 11:01:10,ozg7fbv2i6oeu,Benjamin,Zhou,Enterprise Software,benjamin.zhou@workday.com,Workday,Engineering Manager,US,Session scan In,Hall A — Congress Level,Session Scan,iPad-HallA-01,halla.ops@techforwardsummit.com,,,QR Scan,4.12.3,S07_Startup,Startup Showcase & VC Panel: Who Is Funding What,
29-Apr-2026 11:01:15,ekot16migovr9,Sarah,Huang,AI & Data,sarah.huang@scale.com,Scale AI,AI/ML Platform Lead,US,Session scan In,Hall A — Congress Level,Session Scan,iPad-HallA-01,halla.ops@techforwardsummit.com,,,QR Scan,4.12.3,S07_Startup,Startup Showcase & VC Panel: Who Is Funding What,
29-Apr-2026 11:01:28,cn3on4fg0djq1,Mei,Wang,Cybersecurity,mei.wang@cyberark.com,CyberArk,Senior Security Engineer,IL,Session scan In,Hall B — Congress Level,Session Scan,iPad-HallB-01,hallb.ops@techforwardsummit.com,,,QR Scan,4.12.3,S08_DataInfra,"Modern Data Infrastructure: Lakehouses, Streaming & Governance",
29-Apr-2026 11:01:30,7giu13gbj72bt,Hong,Garcia,IT Consulting & SI,hong.garcia@tcs.com,TCS,"Partner, Technology Practice",IN,Session scan In,Hall A — Congress Level,Session Scan,iPad-HallA-01,halla.ops@techforwardsummit.com,,,QR Scan,4.12.3,S07_Startup,Startup Showcase & VC Panel: Who Is Funding What,
29-Apr-2026 11:01:39,twjlsh3tow4yc,Juan,Gao,Cloud & Infrastructure,juan.gao@akamai.com,Akamai Technologies,Senior Site Reliability Engineer,US,Session scan In,Hall B — Congress Level,Session Scan,iPad-HallB-01,hallb.ops@techforwardsummit.com,,,QR Scan,4.12.3,S08_DataInfra,"Modern Data Infrastructure: Lakehouses, Streaming & Governance",
29-Apr-2026 11:01:52,v9dt94g8v9zy9,Carmen,Adams,AI & Data,carmen.adams@mistral.ai,Mistral AI,Research Scientist,FR,Session scan In,Hall B — Congress Level,Session Scan,iPad-HallB-01,hallb.ops@techforwardsummit.com,,,QR Scan,4.12.3,S08_DataInfra,"Modern Data Infrastructure: Lakehouses, Streaming & Governance",
29-Apr-2026 11:02:03,xgumdf4nzkrsn,Fatimah,Iyer,Dev Tools & Platforms,fatimah.iyer@gitlab.com,GitLab,Head of Developer Relations,US,Session scan In,Hall A — Congress Level,Session Scan,iPad-HallA-01,halla.ops@techforwardsummit.com,,,QR Scan,4.12.3,S07_Startup,Startup Showcase & VC Panel: Who Is Funding What,
29-Apr-2026 11:02:03,nqvnopcfloig8,William,Adams,Enterprise Software,william.adams@sap.com,SAP,"Account Executive, Enterprise",DE,Session scan In,Hall B — Congress Level,Session Scan,iPad-HallB-01,hallb.ops@techforwardsummit.com,,,QR Scan,4.12.3,S08_DataInfra,"Modern Data Infrastructure: Lakehouses, Streaming & Governance",
29-Apr-2026 11:02:19,0gq34pggcbi6q,Ryo,Davies,Cybersecurity,ryo.davies@lacework.com,Lacework,Senior Security Engineer,US,Session scan In,Hall A — Congress Level,Session Scan,iPad-HallA-01,halla.ops@techforwardsummit.com,,,QR Scan,4.12.3,S07_Startup,Startup Showcase & VC Panel: Who Is Funding What,
29-Apr-2026 11:02:25,gx8m8ct71wb0b,Alexander,Durand,IT Consulting & SI,alexander.durand@capgemini.com,Capgemini,Associate Director,FR,Session scan In,Hall A — Congress Level,Session Scan,iPad-HallA-01,halla.ops@techforwardsummit.com,,,QR Scan,4.12.3,S07_Startup,Startup Showcase & VC Panel: Who Is Funding What,
29-Apr-2026 11:02:26,lmwa6tj3kps04,Scott,Wee,Cybersecurity,scott.wee@cyberark.com,CyberArk,Head of Information Security,IL,Session scan In,Hall A — Congress Level,Session Scan,iPad-HallA-01,halla.ops@techforwardsummit.com,,,QR Scan,4.12.3,S07_Startup,Startup Showcase & VC Panel: Who Is Funding What,
29-Apr-2026 11:02:27,1l1vj35yrg29d,Ella,Yap,VC & Private Equity,ella.yap@sequoiacap.com,Sequoia Capital,Partner,US,Session scan In,Hall A — Congress Level,Session Scan,iPad-HallA-01,halla.ops@techforwardsummit.com,,,QR Scan,4.12.3,S07_Startup,Startup Showcase & VC Panel: Who Is Funding What,
29-Apr-2026 11:02:28,4wnsmw5gyrw6o,Franz,Hidayat,IT Consulting & SI,franz.hidayat@nttdata.com,NTT Data,Data & AI Practice Lead,JP,Session scan In,Hall B — Congress Level,Session Scan,iPad-HallB-01,hallb.ops@techforwardsummit.com,,,QR Scan,4.12.3,S08_DataInfra,"Modern Data Infrastructure: Lakehouses, Streaming & Governance",
29-Apr-2026 11:02:29,1uzq6rf8lw7y8,Sarah,Cox,IT Consulting & SI,sarah.cox@pwc.com,PwC Advisory,Technology Consultant,GB,Session scan In,Hall B — Congress Level,Session Scan,iPad-HallB-01,hallb.ops@techforwardsummit.com,,,QR Scan,4.12.3,S08_DataInfra,"Modern Data Infrastructure: Lakehouses, Streaming & Governance",
29-Apr-2026 11:02:36,jqigyvzwd3kpu,Deborah,Lopez,Enterprise Software,deborah.lopez@adobe.com,Adobe,Senior Product Manager,US,Session scan In,Hall B — Congress Level,Session Scan,iPad-HallB-01,hallb.ops@techforwardsummit.com,,,QR Scan,4.12.3,S08_DataInfra,"Modern Data Infrastructure: Lakehouses, Streaming & Governance",
29-Apr-2026 11:02:44,lbnqandtqypic,Arjun,Yap,Dev Tools & Platforms,arjun.yap@twilio.com,Twilio,Head of Developer Relations,US,Session scan In,Hall A — Congress Level,Session Scan,iPad-HallA-01,halla.ops@techforwardsummit.com,,,QR Scan,4.12.3,S07_Startup,Startup Showcase & VC Panel: Who Is Funding What,
29-Apr-2026 11:02:44,l16cr3uv43mco,Hassan,Goh,Hardware & Semiconductors,hassan.goh@sambanova.ai,SambaNova Systems,Chief Technology Officer,US,Session scan In,Hall B — Congress Level,Session Scan,iPad-HallB-01,hallb.ops@techforwardsummit.com,,,QR Scan,4.12.3,S08_DataInfra,"Modern Data Infrastructure: Lakehouses, Streaming & Governance",
29-Apr-2026 11:02:45,yqzvrhum921vf,Abena,Zheng,AI & Data,abena.zheng@scale.com,Scale AI,Research Scientist,US,Session scan In,Hall A — Congress Level,Session Scan,iPad-HallA-01,halla.ops@techforwardsummit.com,,,QR Scan,4.12.3,S07_Startup,Startup Showcase & VC Panel: Who Is Funding What,
29-Apr-2026 11:03:03,6ridlofas1ekt,Pablo,Clarke,AI & Data,pablo.clarke@together.ai,Together AI,Head of Data Science,US,Session scan In,Hall A — Congress Level,Session Scan,iPad-HallA-01,halla.ops@techforwardsummit.com,,,QR Scan,4.12.3,S07_Startup,Startup Showcase & VC Panel: Who Is Funding What,
29-Apr-2026 11:03:15,mfbuvldd9fkxz,Nurul,Pham,IT Consulting & SI,nurul.pham@nttdata.com,NTT Data,Senior Technology Consultant,JP,Session scan In,Hall A — Congress Level,Session Scan,iPad-HallA-01,halla.ops@techforwardsummit.com,,,QR Scan,4.12.3,S07_Startup,Startup Showcase & VC Panel: Who Is Funding What,
29-Apr-2026 11:03:18,g0z0c682u9wt2,Carmen,Larsen,Cloud & Infrastructure,carmen.larsen@datadoghq.com,Datadog,DevOps Engineer,US,Session scan In,Hall B — Congress Level,Session Scan,iPad-HallB-01,hallb.ops@techforwardsummit.com,,,QR Scan,4.12.3,S08_DataInfra,"Modern Data Infrastructure: Lakehouses, Streaming & Governance",
29-Apr-2026 11:03:34,802xvxitifxzi,Fazilah,Santos,IT Consulting & SI,fazilah.santos@ey.com,EY Technology,Associate Director,GB,Session scan In,Hall B — Congress Level,Session Scan,iPad-HallB-01,hallb.ops@techforwardsummit.com,,,QR Scan,4.12.3,S08_DataInfra,"Modern Data Infrastructure: Lakehouses, Streaming & Governance",
29-Apr-2026 11:03:35,085i4rzpcd140,Adam,Ho,IT Consulting & SI,adam.ho@deloitte.com,Deloitte Technology,Associate Director,US,Session scan In,Hall B — Congress Level,Session Scan,iPad-HallB-01,hallb.ops@techforwardsummit.com,,,QR Scan,4.12.3,S08_DataInfra,"Modern Data Infrastructure: Lakehouses, Streaming & Governance",
29-Apr-2026 11:03:43,wrpmehrtvce3s,Arthur,Foo,Cloud & Infrastructure,arthur.foo@snowflake.com,Snowflake,Platform Engineer,US,Session scan In,Hall B — Congress Level,Session Scan,iPad-HallB-01,hallb.ops@techforwardsummit.com,,,QR Scan,4.12.3,S08_DataInfra,"Modern Data Infrastructure: Lakehouses, Streaming & Governance",
29-Apr-2026 11:03:50,pab05dwjate4v,Dewi,Lopez,AI & Data,dewi.lopez@pinecone.io,Pinecone,Head of Data Science,US,Session scan In,Hall B — Congress Level,Session Scan,iPad-HallB-01,hallb.ops@techforwardsummit.com,,,QR Scan,4.12.3,S08_DataInfra,"Modern Data Infrastructure: Lakehouses, Streaming & Governance",
29-Apr-2026 11:03:50,go46x1w1qxph1,Marco,Teo,Enterprise Software,marco.teo@box.com,Box,Principal Product Manager,US,Session scan In,Hall B — Congress Level,Session Scan,iPad-HallB-01,hallb.ops@techforwardsummit.com,,,QR Scan,4.12.3,S08_DataInfra,"Modern Data Infrastructure: Lakehouses, Streaming & Governance",
29-Apr-2026 11:03:51,ahukwqvr1h61i,Sarah,Zhou,IT Consulting & SI,sarah.zhou@accenture.com,Accenture,"Solution Architect, Digital",IE,Session scan In,Hall A — Congress Level,Session Scan,iPad-HallA-01,halla.ops@techforwardsummit.com,,,QR Scan,4.12.3,S07_Startup,Startup Showcase & VC Panel: Who Is Funding What,
29-Apr-2026 11:03:58,a3yjtu7fbmenu,Kathleen,Peterson,Dev Tools & Platforms,kathleen.peterson@jfrog.com,JFrog,Platform Product Manager,US,Session scan In,Hall A — Congress Level,Session Scan,iPad-HallA-01,halla.ops@techforwardsummit.com,,,QR Scan,4.12.3,S07_Startup,Startup Showcase & VC Panel: Who Is Funding What,
29-Apr-2026 11:04:01,k3qmvifiit201,Patrick,Lim,Enterprise Software,patrick.lim@adobe.com,Adobe,VP of Engineering,US,Session scan In,Hall B — Congress Level,Session Scan,iPad-HallB-01,hallb.ops@techforwardsummit.com,,,QR Scan,4.12.3,S08_DataInfra,"Modern Data Infrastructure: Lakehouses, Streaming & Governance",
29-Apr-2026 11:04:02,xloyeyqe6836h,Angela,Wilson,Enterprise Software,angela.wilson@workday.com,Workday,"Account Executive, Enterprise",US,Session scan In,Hall A — Congress Level,Session Scan,iPad-HallA-01,halla.ops@techforwardsummit.com,,,QR Scan,4.12.3,S07_Startup,Startup Showcase & VC Panel: Who Is Funding What,
29-Apr-2026 11:04:09,safyh1fkj4yk1,William,Dey,IT Consulting & SI,william.dey@ltimindtree.com,LTIMindtree,Technology Consultant,IN,Session scan In,Hall B — Congress Level,Session Scan,iPad-HallB-01,hallb.ops@techforwardsummit.com,,,QR Scan,4.12.3,S08_DataInfra,"Modern Data Infrastructure: Lakehouses, Streaming & Governance",
29-Apr-2026 11:04:13,kzcrnq0y4io9p,Diego,Garcia,Hardware & Semiconductors,diego.garcia@tsmc.com,TSMC,Principal VLSI Engineer,TW,Session scan In,Hall B — Congress Level,Session Scan,iPad-HallB-01,hallb.ops@techforwardsummit.com,,,QR Scan,4.12.3,S08_DataInfra,"Modern Data Infrastructure: Lakehouses, Streaming & Governance",
29-Apr-2026 11:04:20,y40i6qv4tl70z,Ping,Zeng,Enterprise Software,ping.zeng@servicenow.com,ServiceNow,Engineering Manager,US,Session scan In,Hall B — Congress Level,Session Scan,iPad-HallB-01,hallb.ops@techforwardsummit.com,,,QR Scan,4.12.3,S08_DataInfra,"Modern Data Infrastructure: Lakehouses, Streaming & Governance",
29-Apr-2026 11:04:21,b38wxgc7jjy94,Peter,Tan,Enterprise Software,peter.tan@microsoft.com,Microsoft,Principal Product Manager,US,Session scan In,Hall A — Congress Level,Session Scan,iPad-HallA-01,halla.ops@techforwardsummit.com,,,QR Scan,4.12.3,S07_Startup,Startup Showcase & VC Panel: Who Is Funding What,
29-Apr-2026 11:04:23,40oeytl8hbgcj,Ibrahim,Ma,Media/Press,ibrahim.ma@venturebeat.com,VentureBeat,Contributing Writer,US,Session scan In,Hall B — Congress Level,Session Scan,iPad-HallB-01,hallb.ops@techforwardsummit.com,,,QR Scan,4.12.3,S08_DataInfra,"Modern Data Infrastructure: Lakehouses, Streaming & Governance",
29-Apr-2026 11:04:29,ml12p5wpvi06b,Nicholas,Bose,AI & Data,nicholas.bose@databricks.com,Databricks,Head of Data Science,US,Session scan In,Hall A — Congress Level,Session Scan,iPad-HallA-01,halla.ops@techforwardsummit.com,,,QR Scan,4.12.3,S07_Startup,Startup Showcase & VC Panel: Who Is Funding What,
29-Apr-2026 11:04:38,e61493685efzv,Divya,Wilson,IT Consulting & SI,divya.wilson@slalom.com,Slalom,Associate Director,US,Session scan In,Hall A — Congress Level,Session Scan,iPad-HallA-01,halla.ops@techforwardsummit.com,,,QR Scan,4.12.3,S07_Startup,Startup Showcase & VC Panel: Who Is Funding What,
29-Apr-2026 11:04:49,1d7xyljd2v57b,Swati,Ho,Cloud & Infrastructure,swati.ho@snowflake.com,Snowflake,Staff Infrastructure Engineer,US,Session scan In,Hall A — Congress Level,Session Scan,iPad-HallA-01,halla.ops@techforwardsummit.com,,,QR Scan,4.12.3,S07_Startup,Startup Showcase & VC Panel: Who Is Funding What,
29-Apr-2026 11:04:51,zbrqw5259gmq2,Mei,Richardson,Enterprise Software,mei.richardson@box.com,Box,Staff Software Engineer,US,Session scan In,Hall A — Congress Level,Session Scan,iPad-HallA-01,halla.ops@techforwardsummit.com,,,QR Scan,4.12.3,S07_Startup,Startup Showcase & VC Panel: Who Is Funding What,
29-Apr-2026 11:05:06,eo0eu2ci4eure,Lucas,Kapoor,IT Consulting & SI,lucas.kapoor@tcs.com,TCS,Cloud Migration Specialist,IN,Session scan In,Hall B — Congress Level,Session Scan,iPad-HallB-01,hallb.ops@techforwardsummit.com,,,QR Scan,4.12.3,S08_DataInfra,"Modern Data Infrastructure: Lakehouses, Streaming & Governance",
29-Apr-2026 11:05:31,66pb90spo3zdr,Amy,Choi,AI & Data,amy.choi@cohere.com,Cohere,Principal ML Engineer,CA,Session scan In,Hall B — Congress Level,Session Scan,iPad-HallB-01,hallb.ops@techforwardsummit.com,,,QR Scan,4.12.3,S08_DataInfra,"Modern Data Infrastructure: Lakehouses, Streaming & Governance",
29-Apr-2026 11:05:57,e5tnlztwxol4b,Arthur,Chaudhary,IT Consulting & SI,arthur.chaudhary@ibm.com,IBM Consulting,"Solution Architect, Digital",US,Session scan In,Hall A — Congress Level,Session Scan,iPad-HallA-01,halla.ops@techforwardsummit.com,,,QR Scan,4.12.3,S07_Startup,Startup Showcase & VC Panel: Who Is Funding What,
29-Apr-2026 11:05:58,533uot477iqfx,Steven,Song,VC & Private Equity,steven.song@accel.com,Accel,Partner,US,Session scan In,Hall A — Congress Level,Session Scan,iPad-HallA-01,halla.ops@techforwardsummit.com,,,QR Scan,4.12.3,S07_Startup,Startup Showcase & VC Panel: Who Is Funding What,
29-Apr-2026 11:06:05,6h95d9y8y0awr,Stephanie,Chua,Cloud & Infrastructure,stephanie.chua@elastic.co,Elastic,Staff Infrastructure Engineer,NL,Session scan In,Hall A — Congress Level,Session Scan,iPad-HallA-01,halla.ops@techforwardsummit.com,,,QR Scan,4.12.3,S07_Startup,Startup Showcase & VC Panel: Who Is Funding What,
29-Apr-2026 11:06:06,ui31physvkuev,Kwame,Brown,Cybersecurity,kwame.brown@fortinet.com,Fortinet,Security Consultant,US,Session scan In,Hall A — Congress Level,Session Scan,iPad-HallA-01,halla.ops@techforwardsummit.com,,,QR Scan,4.12.3,S07_Startup,Startup Showcase & VC Panel: Who Is Funding What,
29-Apr-2026 11:06:10,2sw24wjt8hdpw,Dewi,Mitchell,IT Consulting & SI,dewi.mitchell@capgemini.com,Capgemini,Director of Technology,FR,Session scan In,Hall A — Congress Level,Session Scan,iPad-HallA-01,halla.ops@techforwardsummit.com,,,QR Scan,4.12.3,S07_Startup,Startup Showcase & VC Panel: Who Is Funding What,
29-Apr-2026 11:06:16,4xgmpw5d3go8j,Xiao,Wagner,Cybersecurity,xiao.wagner@zscaler.com,Zscaler,Security Sales Engineer,US,Session scan In,Hall B — Congress Level,Session Scan,iPad-HallB-01,hallb.ops@techforwardsummit.com,,,QR Scan,4.12.3,S08_DataInfra,"Modern Data Infrastructure: Lakehouses, Streaming & Governance",
29-Apr-2026 11:06:32,6om1fb8c7x0h3,Frank,Jeong,AI & Data,frank.jeong@weaviate.io,Weaviate,AI/ML Platform Lead,NL,Session scan In,Hall B — Congress Level,Session Scan,iPad-HallB-01,hallb.ops@techforwardsummit.com,,,QR Scan,4.12.3,S08_DataInfra,"Modern Data Infrastructure: Lakehouses, Streaming & Governance",
29-Apr-2026 11:06:35,gx8m8ct71wb0b,Alexander,Durand,IT Consulting & SI,alexander.durand@capgemini.com,Capgemini,Associate Director,FR,Session scan In,Hall B — Congress Level,Session Scan,iPad-HallB-01,hallb.ops@techforwardsummit.com,,,QR Scan,4.12.3,S08_DataInfra,"Modern Data Infrastructure: Lakehouses, Streaming & Governance",
29-Apr-2026 11:06:47,zxskoytk06akt,Michelle,Hoffmann,Cybersecurity,michelle.hoffmann@okta.com,Okta,CISO,US,Session scan In,Hall A — Congress Level,Session Scan,iPad-HallA-01,halla.ops@techforwardsummit.com,,,QR Scan,4.12.3,S07_Startup,Startup Showcase & VC Panel: Who Is Funding What,
29-Apr-2026 11:07:00,6vu6z5gf3bbt8,Steven,Hansen,Hardware & Semiconductors,steven.hansen@qualcomm.com,Qualcomm,Principal VLSI Engineer,US,Session scan In,Hall A — Congress Level,Session Scan,iPad-HallA-01,halla.ops@techforwardsummit.com,,,QR Scan,4.12.3,S07_Startup,Startup Showcase & VC Panel: Who Is Funding What,
29-Apr-2026 11:07:01,7n3bfh024kwk5,Charlotte,Pereira,Enterprise Software,charlotte.pereira@intuit.com,Intuit,Director of Engineering,US,Session scan In,Hall A — Congress Level,Session Scan,iPad-HallA-01,halla.ops@techforwardsummit.com,,,QR Scan,4.12.3,S07_Startup,Startup Showcase & VC Panel: Who Is Funding What,
29-Apr-2026 11:07:25,31nyc7h81jmbp,Ji-Won,Evans,AI & Data,jiwon.evans@datarobot.com,DataRobot,Senior Data Scientist,US,Session scan In,Hall B — Congress Level,Session Scan,iPad-HallB-01,hallb.ops@techforwardsummit.com,,,QR Scan,4.12.3,S08_DataInfra,"Modern Data Infrastructure: Lakehouses, Streaming & Governance",
29-Apr-2026 11:07:28,hqzbc5f9e0kll,Rebecca,Petit,VC & Private Equity,rebecca.petit@softbank.com,SoftBank Vision Fund,Venture Associate,JP,Session scan In,Hall B — Congress Level,Session Scan,iPad-HallB-01,hallb.ops@techforwardsummit.com,,,QR Scan,4.12.3,S08_DataInfra,"Modern Data Infrastructure: Lakehouses, Streaming & Governance",
29-Apr-2026 11:07:48,99u26uon8cnrl,Shan,Ho,VC & Private Equity,shan.ho@sequoiacap.com,Sequoia Capital,Principal,US,Session scan In,Hall B — Congress Level,Session Scan,iPad-HallB-01,hallb.ops@techforwardsummit.com,,,QR Scan,4.12.3,S08_DataInfra,"Modern Data Infrastructure: Lakehouses, Streaming & Governance",
29-Apr-2026 11:07:55,9bc2be3yqy5fu,Andrew,Taylor,IT Consulting & SI,andrew.taylor@thoughtworks.com,Thoughtworks,VP of Digital Transformation,US,Session scan In,Hall B — Congress Level,Session Scan,iPad-HallB-01,hallb.ops@techforwardsummit.com,,,QR Scan,4.12.3,S08_DataInfra,"Modern Data Infrastructure: Lakehouses, Streaming & Governance",
29-Apr-2026 11:08:05,smv30qabxw2eo,Henrik,Reddy,AI & Data,henrik.reddy@scale.com,Scale AI,ML Solutions Architect,US,Session scan In,Hall B — Congress Level,Session Scan,iPad-HallB-01,hallb.ops@techforwardsummit.com,,,QR Scan,4.12.3,S08_DataInfra,"Modern Data Infrastructure: Lakehouses, Streaming & Governance",
29-Apr-2026 11:08:08,9eoxxc7hz364p,Vikram,Chatterjee,Enterprise Software,vikram.chatterjee@microsoft.com,Microsoft,Customer Success Manager,US,Session scan In,Hall B — Congress Level,Session Scan,iPad-HallB-01,hallb.ops@techforwardsummit.com,,,QR Scan,4.12.3,S08_DataInfra,"Modern Data Infrastructure: Lakehouses, Streaming & Governance",
29-Apr-2026 11:08:10,nwyubekt2mnj7,Jun,Tang,Hardware & Semiconductors,jun.tang@amd.com,AMD,Senior Chip Design Engineer,US,Session scan In,Hall B — Congress Level,Session Scan,iPad-HallB-01,hallb.ops@techforwardsummit.com,,,QR Scan,4.12.3,S08_DataInfra,"Modern Data Infrastructure: Lakehouses, Streaming & Governance",
29-Apr-2026 11:08:32,ftnm8vh1xsn66,Sakura,Tang,IT Consulting & SI,sakura.tang@thoughtworks.com,Thoughtworks,Technology Consultant,US,Session scan In,Hall B — Congress Level,Session Scan,iPad-HallB-01,hallb.ops@techforwardsummit.com,,,QR Scan,4.12.3,S08_DataInfra,"Modern Data Infrastructure: Lakehouses, Streaming & Governance",
29-Apr-2026 11:08:35,g0z0c682u9wt2,Carmen,Larsen,Cloud & Infrastructure,carmen.larsen@datadoghq.com,Datadog,DevOps Engineer,US,Session scan In,Hall A — Congress Level,Session Scan,iPad-HallA-01,halla.ops@techforwardsummit.com,,,QR Scan,4.12.3,S07_Startup,Startup Showcase & VC Panel: Who Is Funding What,
29-Apr-2026 11:08:39,ai6aynpe6swyu,Ella,Schmidt,Dev Tools & Platforms,ella.schmidt@postman.com,Postman,Staff Software Engineer,US,Session scan In,Hall B — Congress Level,Session Scan,iPad-HallB-01,hallb.ops@techforwardsummit.com,,,QR Scan,4.12.3,S08_DataInfra,"Modern Data Infrastructure: Lakehouses, Streaming & Governance",
29-Apr-2026 11:08:40,utpmc3skxlojs,Luca,Sanchez,Dev Tools & Platforms,luca.sanchez@twilio.com,Twilio,Head of Developer Relations,US,Session scan In,Hall A — Congress Level,Session Scan,iPad-HallA-01,halla.ops@techforwardsummit.com,,,QR Scan,4.12.3,S07_Startup,Startup Showcase & VC Panel: Who Is Funding What,
29-Apr-2026 11:08:46,jotv7h10b8vk9,Liang,Thomas,Cloud & Infrastructure,liang.thomas@cloud.google.com,Google Cloud,VP of Engineering,US,Session scan In,Hall A — Congress Level,Session Scan,iPad-HallA-01,halla.ops@techforwardsummit.com,,,QR Scan,4.12.3,S07_Startup,Startup Showcase & VC Panel: Who Is Funding What,
29-Apr-2026 11:08:56,izq2nmnr06dji,Pranav,Gray,Dev Tools & Platforms,pranav.gray@github.com,GitHub,Senior Developer Advocate,US,Session scan In,Hall A — Congress Level,Session Scan,iPad-HallA-01,halla.ops@techforwardsummit.com,,,QR Scan,4.12.3,S07_Startup,Startup Showcase & VC Panel: Who Is Funding What,
29-Apr-2026 11:09:01,ydz0b545k5q5g,Shu,Adams,Cybersecurity,shu.adams@fortinet.com,Fortinet,Threat Intelligence Analyst,US,Session scan In,Hall B — Congress Level,Session Scan,iPad-HallB-01,hallb.ops@techforwardsummit.com,,,QR Scan,4.12.3,S08_DataInfra,"Modern Data Infrastructure: Lakehouses, Streaming & Governance",
29-Apr-2026 11:09:09,uk94iw54w487k,Jing,Lefebvre,AI & Data,jing.lefebvre@databricks.com,Databricks,Senior Data Scientist,US,Session scan In,Hall A — Congress Level,Session Scan,iPad-HallA-01,halla.ops@techforwardsummit.com,,,QR Scan,4.12.3,S07_Startup,Startup Showcase & VC Panel: Who Is Funding What,
29-Apr-2026 11:09:51,3yk03o4gkwwjw,Edward,Chaudhary,Cybersecurity,edward.chaudhary@crowdstrike.com,CrowdStrike,Senior Security Engineer,US,Session scan In,Hall B — Congress Level,Session Scan,iPad-HallB-01,hallb.ops@techforwardsummit.com,,,QR Scan,4.12.3,S08_DataInfra,"Modern Data Infrastructure: Lakehouses, Streaming & Governance",
29-Apr-2026 11:09:59,oxqq8y1hend7h,Sara,Yoon,IT Consulting & SI,sara.yoon@ibm.com,IBM Consulting,Technology Consultant,US,Session scan In,Hall A — Congress Level,Session Scan,iPad-HallA-01,halla.ops@techforwardsummit.com,,,QR Scan,4.12.3,S07_Startup,Startup Showcase & VC Panel: Who Is Funding What,
29-Apr-2026 11:10:03,9jc1yljuyun9v,Shan,Park,IT Consulting & SI,shan.park@accenture.com,Accenture,Agile Delivery Lead,IE,Session scan In,Hall B — Congress Level,Session Scan,iPad-HallB-01,hallb.ops@techforwardsummit.com,,,QR Scan,4.12.3,S08_DataInfra,"Modern Data Infrastructure: Lakehouses, Streaming & Governance",
29-Apr-2026 11:10:15,95g5dog8cfeff,Nicholas,Sato,VIP,nicholas.sato@cloud.google.com,Google Cloud,Executive Vice President,US,Session scan In,Hall B — Congress Level,Session Scan,iPad-HallB-01,hallb.ops@techforwardsummit.com,,,QR Scan,4.12.3,S08_DataInfra,"Modern Data Infrastructure: Lakehouses, Streaming & Governance",
29-Apr-2026 11:10:33,c3jr7t3spj9wr,Barbara,Deng,IT Consulting & SI,barbara.deng@mckinsey.com,McKinsey Digital,Agile Delivery Lead,US,Session scan In,Hall A — Congress Level,Session Scan,iPad-HallA-01,halla.ops@techforwardsummit.com,,,QR Scan,4.12.3,S07_Startup,Startup Showcase & VC Panel: Who Is Funding What,
29-Apr-2026 11:10:39,mk99jcjn9978i,Divya,Yang,Speaker,divya.yang@stanford.edu,Stanford School of Engineering,Distinguished Engineer,US,Session scan In,Hall A — Congress Level,Session Scan,iPad-HallA-01,halla.ops@techforwardsummit.com,,,QR Scan,4.12.3,S07_Startup,Startup Showcase & VC Panel: Who Is Funding What,
29-Apr-2026 11:11:06,mph7vqja6614r,Hana,Simon,AI & Data,hana.simon@mistral.ai,Mistral AI,Head of Data Science,FR,Session scan In,Hall B — Congress Level,Session Scan,iPad-HallB-01,hallb.ops@techforwardsummit.com,,,QR Scan,4.12.3,S08_DataInfra,"Modern Data Infrastructure: Lakehouses, Streaming & Governance",
29-Apr-2026 11:11:19,jx20au5ik31yu,Ingrid,Lim,Dev Tools & Platforms,ingrid.lim@github.com,GitHub,Head of Developer Relations,US,Session scan In,Hall B — Congress Level,Session Scan,iPad-HallB-01,hallb.ops@techforwardsummit.com,,,QR Scan,4.12.3,S08_DataInfra,"Modern Data Infrastructure: Lakehouses, Streaming & Governance",
29-Apr-2026 11:11:30,wh50jyook63rv,Henrik,Becker,Enterprise Software,henrik.becker@freshworks.com,Freshworks,Senior Product Manager,IN,Session scan In,Hall B — Congress Level,Session Scan,iPad-HallB-01,hallb.ops@techforwardsummit.com,,,QR Scan,4.12.3,S08_DataInfra,"Modern Data Infrastructure: Lakehouses, Streaming & Governance",
29-Apr-2026 11:11:43,g3w3h98brzva9,Hans,Huang,Hardware & Semiconductors,hans.huang@qualcomm.com,Qualcomm,Principal VLSI Engineer,US,Session scan In,Hall B — Congress Level,Session Scan,iPad-HallB-01,hallb.ops@techforwardsummit.com,,,QR Scan,4.12.3,S08_DataInfra,"Modern Data Infrastructure: Lakehouses, Streaming & Governance",
29-Apr-2026 11:12:05,svbcq7g4asmzx,Nomsa,Jeong,Media/Press,nomsa.jeong@technologyreview.com,MIT Technology Review,Tech Reporter,US,Session scan In,Hall A — Congress Level,Session Scan,iPad-HallA-01,halla.ops@techforwardsummit.com,,,QR Scan,4.12.3,S07_Startup,Startup Showcase & VC Panel: Who Is Funding What,
29-Apr-2026 11:12:14,kn9ntwjipo86k,Charlotte,Liu,AI & Data,charlotte.liu@databricks.com,Databricks,Head of Data Science,US,Session scan In,Hall A — Congress Level,Session Scan,iPad-HallA-01,halla.ops@techforwardsummit.com,,,QR Scan,4.12.3,S07_Startup,Startup Showcase & VC Panel: Who Is Funding What,
29-Apr-2026 11:12:24,a245j8o98bujd,Yuto,Lefebvre,Enterprise Software,yuto.lefebvre@zendesk.com,Zendesk,VP of Engineering,US,Session scan In,Hall B — Congress Level,Session Scan,iPad-HallB-01,hallb.ops@techforwardsummit.com,,,QR Scan,4.12.3,S08_DataInfra,"Modern Data Infrastructure: Lakehouses, Streaming & Governance",
29-Apr-2026 11:12:31,eja1v2tg2ahn1,Dylan,Esposito,IT Consulting & SI,dylan.esposito@pwc.com,PwC Advisory,Technology Consultant,GB,Session scan In,Hall A — Congress Level,Session Scan,iPad-HallA-01,halla.ops@techforwardsummit.com,,,QR Scan,4.12.3,S07_Startup,Startup Showcase & VC Panel: Who Is Funding What,
29-Apr-2026 11:13:08,phmzoim2caml5,Rania,Nkosi,Hardware & Semiconductors,rania.nkosi@sambanova.ai,SambaNova Systems,"Research Scientist, Silicon",US,Session scan In,Hall B — Congress Level,Session Scan,iPad-HallB-01,hallb.ops@techforwardsummit.com,,,QR Scan,4.12.3,S08_DataInfra,"Modern Data Infrastructure: Lakehouses, Streaming & Governance",
29-Apr-2026 11:14:02,9bd9zmq77hns5,Camila,Edwards,Hardware & Semiconductors,camila.edwards@amd.com,AMD,System Architecture Engineer,US,Session scan In,Hall B — Congress Level,Session Scan,iPad-HallB-01,hallb.ops@techforwardsummit.com,,,QR Scan,4.12.3,S08_DataInfra,"Modern Data Infrastructure: Lakehouses, Streaming & Governance",
29-Apr-2026 11:14:05,xlul6lgjlpefj,Emma,Seah,VC & Private Equity,emma.seah@insightpartners.com,Insight Partners,Venture Associate,US,Session scan In,Hall B — Congress Level,Session Scan,iPad-HallB-01,hallb.ops@techforwardsummit.com,,,QR Scan,4.12.3,S08_DataInfra,"Modern Data Infrastructure: Lakehouses, Streaming & Governance",
29-Apr-2026 11:14:13,lap1j55cuk5x6,Christine,Nelson,Cloud & Infrastructure,christine.nelson@confluent.io,Confluent,Platform Engineer,US,Session scan In,Hall A — Congress Level,Session Scan,iPad-HallA-01,halla.ops@techforwardsummit.com,,,QR Scan,4.12.3,S07_Startup,Startup Showcase & VC Panel: Who Is Funding What,
29-Apr-2026 11:15:41,gadktoc1yfmhb,Sofia,Nakamura,Dev Tools & Platforms,sofia.nakamura@postman.com,Postman,Developer Success Manager,US,Session scan In,Hall B — Congress Level,Session Scan,iPad-HallB-01,hallb.ops@techforwardsummit.com,,,QR Scan,4.12.3,S08_DataInfra,"Modern Data Infrastructure: Lakehouses, Streaming & Governance",
29-Apr-2026 11:16:44,r43ur4mfjhoja,Kavita,Anderson,AI & Data,kavita.anderson@h2o.ai,H2O.ai,Head of Data Science,US,Session scan In,Hall A — Congress Level,Session Scan,iPad-HallA-01,halla.ops@techforwardsummit.com,,,QR Scan,4.12.3,S07_Startup,Startup Showcase & VC Panel: Who Is Funding What,
29-Apr-2026 11:17:01,jw83579wrr513,Anna,Malhotra,Cloud & Infrastructure,anna.malhotra@fastly.com,Fastly,Staff Infrastructure Engineer,US,Session scan In,Hall A — Congress Level,Session Scan,iPad-HallA-01,halla.ops@techforwardsummit.com,,,QR Scan,4.12.3,S07_Startup,Startup Showcase & VC Panel: Who Is Funding What,
29-Apr-2026 11:17:22,zduckqviifrch,Carmen,Ng,IT Consulting & SI,carmen.ng@publicissapient.com,Publicis Sapient,Data & AI Practice Lead,FR,Session scan In,Hall B — Congress Level,Session Scan,iPad-HallB-01,hallb.ops@techforwardsummit.com,,,QR Scan,4.12.3,S08_DataInfra,"Modern Data Infrastructure: Lakehouses, Streaming & Governance",
29-Apr-2026 11:18:42,4z4ur2yupmanq,Luca,Arora,AI & Data,luca.arora@wandb.ai,Weights & Biases,Senior Data Scientist,US,Session scan In,Hall B — Congress Level,Session Scan,iPad-HallB-01,hallb.ops@techforwardsummit.com,,,QR Scan,4.12.3,S08_DataInfra,"Modern Data Infrastructure: Lakehouses, Streaming & Governance",
29-Apr-2026 11:18:50,2mvv4dc0fp672,Juan,Foo,Enterprise Software,juan.foo@box.com,Box,Director of Engineering,US,Session scan In,Hall A — Congress Level,Session Scan,iPad-HallA-01,halla.ops@techforwardsummit.com,,,QR Scan,4.12.3,S07_Startup,Startup Showcase & VC Panel: Who Is Funding What,
29-Apr-2026 11:20:11,svbcq7g4asmzx,Nomsa,Jeong,Media/Press,nomsa.jeong@technologyreview.com,MIT Technology Review,Tech Reporter,US,Session scan In,Hall B — Congress Level,Session Scan,iPad-HallB-01,hallb.ops@techforwardsummit.com,,,QR Scan,4.12.3,S08_DataInfra,"Modern Data Infrastructure: Lakehouses, Streaming & Governance",
29-Apr-2026 11:20:24,lap1j55cuk5x6,Christine,Nelson,Cloud & Infrastructure,christine.nelson@confluent.io,Confluent,Platform Engineer,US,Session scan In,Hall B — Congress Level,Session Scan,iPad-HallB-01,hallb.ops@techforwardsummit.com,,,QR Scan,4.12.3,S08_DataInfra,"Modern Data Infrastructure: Lakehouses, Streaming & Governance",
29-Apr-2026 11:22:01,1kjtgq01tee13,Pranav,Ito,Cybersecurity,pranav.ito@paloaltonetworks.com,Palo Alto Networks,Head of Information Security,US,Session scan In,Hall B — Congress Level,Session Scan,iPad-HallB-01,hallb.ops@techforwardsummit.com,,,QR Scan,4.12.3,S08_DataInfra,"Modern Data Infrastructure: Lakehouses, Streaming & Governance",
29-Apr-2026 11:25:06,fqt49qpeq6yf8,Sofia,Asante,Enterprise Software,sofia.asante@zendesk.com,Zendesk,"Account Executive, Enterprise",US,Session scan In,Hall B — Congress Level,Session Scan,iPad-HallB-01,hallb.ops@techforwardsummit.com,,,QR Scan,4.12.3,S08_DataInfra,"Modern Data Infrastructure: Lakehouses, Streaming & Governance",
29-Apr-2026 11:25:47,b4u33k2w1i5ki,Angela,Ng,Dev Tools & Platforms,angela.ng@twilio.com,Twilio,Developer Success Manager,US,Session scan In,Hall B — Congress Level,Session Scan,iPad-HallB-01,hallb.ops@techforwardsummit.com,,,QR Scan,4.12.3,S08_DataInfra,"Modern Data Infrastructure: Lakehouses, Streaming & Governance",
29-Apr-2026 11:25:56,sf6k9kohd5mhb,Paul,Chaudhary,IT Consulting & SI,paul.chaudhary@nttdata.com,NTT Data,VP of Digital Transformation,JP,Session scan In,Hall B — Congress Level,Session Scan,iPad-HallB-01,hallb.ops@techforwardsummit.com,,,QR Scan,4.12.3,S08_DataInfra,"Modern Data Infrastructure: Lakehouses, Streaming & Governance",
29-Apr-2026 11:58:21,twjlsh3tow4yc,Juan,Gao,Cloud & Infrastructure,juan.gao@akamai.com,Akamai Technologies,Senior Site Reliability Engineer,US,Session scan Out,Hall B — Congress Level,Session Scan,iPad-HallB-01,hallb.ops@techforwardsummit.com,,,QR Scan,4.12.3,S08_DataInfra,"Modern Data Infrastructure: Lakehouses, Streaming & Governance",
29-Apr-2026 11:58:51,utpmc3skxlojs,Luca,Sanchez,Dev Tools & Platforms,luca.sanchez@twilio.com,Twilio,Head of Developer Relations,US,Session scan Out,Hall A — Congress Level,Session Scan,iPad-HallA-01,halla.ops@techforwardsummit.com,,,QR Scan,4.12.3,S07_Startup,Startup Showcase & VC Panel: Who Is Funding What,
29-Apr-2026 12:04:25,e5tnlztwxol4b,Arthur,Chaudhary,IT Consulting & SI,arthur.chaudhary@ibm.com,IBM Consulting,"Solution Architect, Digital",US,Session scan Out,Hall A — Congress Level,Session Scan,iPad-HallA-01,halla.ops@techforwardsummit.com,,,QR Scan,4.12.3,S07_Startup,Startup Showcase & VC Panel: Who Is Funding What,
29-Apr-2026 12:04:33,lbnqandtqypic,Arjun,Yap,Dev Tools & Platforms,arjun.yap@twilio.com,Twilio,Head of Developer Relations,US,Session scan Out,Hall A — Congress Level,Session Scan,iPad-HallA-01,halla.ops@techforwardsummit.com,,,QR Scan,4.12.3,S07_Startup,Startup Showcase & VC Panel: Who Is Funding What,
29-Apr-2026 12:04:45,1uzq6rf8lw7y8,Sarah,Cox,IT Consulting & SI,sarah.cox@pwc.com,PwC Advisory,Technology Consultant,GB,Session scan Out,Hall B — Congress Level,Session Scan,iPad-HallB-01,hallb.ops@techforwardsummit.com,,,QR Scan,4.12.3,S08_DataInfra,"Modern Data Infrastructure: Lakehouses, Streaming & Governance",
29-Apr-2026 12:06:23,lap1j55cuk5x6,Christine,Nelson,Cloud & Infrastructure,christine.nelson@confluent.io,Confluent,Platform Engineer,US,Session scan Out,Hall B — Congress Level,Session Scan,iPad-HallB-01,hallb.ops@techforwardsummit.com,,,QR Scan,4.12.3,S08_DataInfra,"Modern Data Infrastructure: Lakehouses, Streaming & Governance",
29-Apr-2026 12:09:34,oxqq8y1hend7h,Sara,Yoon,IT Consulting & SI,sara.yoon@ibm.com,IBM Consulting,Technology Consultant,US,Session scan Out,Hall A — Congress Level,Session Scan,iPad-HallA-01,halla.ops@techforwardsummit.com,,,QR Scan,4.12.3,S07_Startup,Startup Showcase & VC Panel: Who Is Funding What,
29-Apr-2026 12:09:41,r43ur4mfjhoja,Kavita,Anderson,AI & Data,kavita.anderson@h2o.ai,H2O.ai,Head of Data Science,US,Session scan Out,Hall A — Congress Level,Session Scan,iPad-HallA-01,halla.ops@techforwardsummit.com,,,QR Scan,4.12.3,S07_Startup,Startup Showcase & VC Panel: Who Is Funding What,
29-Apr-2026 12:10:28,4xgmpw5d3go8j,Xiao,Wagner,Cybersecurity,xiao.wagner@zscaler.com,Zscaler,Security Sales Engineer,US,Session scan Out,Hall B — Congress Level,Session Scan,iPad-HallB-01,hallb.ops@techforwardsummit.com,,,QR Scan,4.12.3,S08_DataInfra,"Modern Data Infrastructure: Lakehouses, Streaming & Governance",
29-Apr-2026 12:12:18,7hylgogfxlsrv,Hao,Nguyen,Staff,hao.nguyen@techforwardsummit.com,TechForward Organising Committee,Registration & Badging Lead,SG,Session scan Out,Hall B — Congress Level,Session Scan,iPad-HallB-01,hallb.ops@techforwardsummit.com,,,QR Scan,4.12.3,S08_DataInfra,"Modern Data Infrastructure: Lakehouses, Streaming & Governance",
29-Apr-2026 12:14:36,1a6xvaj2k8xpn,Neha,Tang,Cloud & Infrastructure,neha.tang@cloudflare.com,Cloudflare,Staff Infrastructure Engineer,US,Session scan Out,Hall B — Congress Level,Session Scan,iPad-HallB-01,hallb.ops@techforwardsummit.com,,,QR Scan,4.12.3,S08_DataInfra,"Modern Data Infrastructure: Lakehouses, Streaming & Governance",
29-Apr-2026 12:14:51,ai6aynpe6swyu,Ella,Schmidt,Dev Tools & Platforms,ella.schmidt@postman.com,Postman,Staff Software Engineer,US,Session scan Out,Hall B — Congress Level,Session Scan,iPad-HallB-01,hallb.ops@techforwardsummit.com,,,QR Scan,4.12.3,S08_DataInfra,"Modern Data Infrastructure: Lakehouses, Streaming & Governance",
29-Apr-2026 12:15:29,mph7vqja6614r,Hana,Simon,AI & Data,hana.simon@mistral.ai,Mistral AI,Head of Data Science,FR,Session scan Out,Hall B — Congress Level,Session Scan,iPad-HallB-01,hallb.ops@techforwardsummit.com,,,QR Scan,4.12.3,S08_DataInfra,"Modern Data Infrastructure: Lakehouses, Streaming & Governance",
29-Apr-2026 12:17:32,wrpmehrtvce3s,Arthur,Foo,Cloud & Infrastructure,arthur.foo@snowflake.com,Snowflake,Platform Engineer,US,Session scan Out,Hall B — Congress Level,Session Scan,iPad-HallB-01,hallb.ops@techforwardsummit.com,,,QR Scan,4.12.3,S08_DataInfra,"Modern Data Infrastructure: Lakehouses, Streaming & Governance",
29-Apr-2026 12:18:33,e61493685efzv,Divya,Wilson,IT Consulting & SI,divya.wilson@slalom.com,Slalom,Associate Director,US,Session scan Out,Hall A — Congress Level,Session Scan,iPad-HallA-01,halla.ops@techforwardsummit.com,,,QR Scan,4.12.3,S07_Startup,Startup Showcase & VC Panel: Who Is Funding What,
29-Apr-2026 14:00:20,zcxu11to0bogc,Elizabeth,Zhao,Dev Tools & Platforms,elizabeth.zhao@gitlab.com,GitLab,Senior Developer Advocate,US,Session scan In,Hall A — Congress Level,Session Scan,iPad-HallA-01,halla.ops@techforwardsummit.com,,,QR Scan,4.12.3,S10_HardwareAI,AI Hardware & Semiconductor Innovation: Beyond the GPU,
29-Apr-2026 14:01:19,i3l0q4ejhxptu,Steven,Pham,VIP,steven.pham@sap.com,SAP,Chief Executive Officer,DE,Session scan In,"Executive Suite, Level 3",Session Scan,iPad-Executive-01,executive.ops@techforwardsummit.com,,,QR Scan,4.12.3,S09_VIPRoundtable,VIP & Investor Roundtable: The Next Decade of Tech,
29-Apr-2026 14:01:24,63ndttum2ixex,William,Verma,Cloud & Infrastructure,william.verma@cloud.google.com,Google Cloud,Senior Site Reliability Engineer,US,Session scan In,Hall A — Congress Level,Session Scan,iPad-HallA-01,halla.ops@techforwardsummit.com,,,QR Scan,4.12.3,S10_HardwareAI,AI Hardware & Semiconductor Innovation: Beyond the GPU,
29-Apr-2026 14:01:27,5i87xw69hzgop,Scott,Carter,Cloud & Infrastructure,scott.carter@cloud.google.com,Google Cloud,Senior Site Reliability Engineer,US,Session scan In,Hall A — Congress Level,Session Scan,iPad-HallA-01,halla.ops@techforwardsummit.com,,,QR Scan,4.12.3,S10_HardwareAI,AI Hardware & Semiconductor Innovation: Beyond the GPU,
29-Apr-2026 14:01:32,86y5o44iusexu,Liam,Watanabe,Cybersecurity,liam.watanabe@lacework.com,Lacework,Senior Security Engineer,US,Session scan In,Hall A — Congress Level,Session Scan,iPad-HallA-01,halla.ops@techforwardsummit.com,,,QR Scan,4.12.3,S10_HardwareAI,AI Hardware & Semiconductor Innovation: Beyond the GPU,
29-Apr-2026 14:01:49,lap1j55cuk5x6,Christine,Nelson,Cloud & Infrastructure,christine.nelson@confluent.io,Confluent,Platform Engineer,US,Session scan In,Hall A — Congress Level,Session Scan,iPad-HallA-01,halla.ops@techforwardsummit.com,,,QR Scan,4.12.3,S10_HardwareAI,AI Hardware & Semiconductor Innovation: Beyond the GPU,
29-Apr-2026 14:01:56,y40i6qv4tl70z,Ping,Zeng,Enterprise Software,ping.zeng@servicenow.com,ServiceNow,Engineering Manager,US,Session scan In,Hall A — Congress Level,Session Scan,iPad-HallA-01,halla.ops@techforwardsummit.com,,,QR Scan,4.12.3,S10_HardwareAI,AI Hardware & Semiconductor Innovation: Beyond the GPU,
29-Apr-2026 14:02:13,iksmv4qqj3a1i,Hui,Cao,VC & Private Equity,hui.cao@accel.com,Accel,Principal,US,Session scan In,Hall A — Congress Level,Session Scan,iPad-HallA-01,halla.ops@techforwardsummit.com,,,QR Scan,4.12.3,S10_HardwareAI,AI Hardware & Semiconductor Innovation: Beyond the GPU,
29-Apr-2026 14:02:17,4z4ur2yupmanq,Luca,Arora,AI & Data,luca.arora@wandb.ai,Weights & Biases,Senior Data Scientist,US,Session scan In,Hall A — Congress Level,Session Scan,iPad-HallA-01,halla.ops@techforwardsummit.com,,,QR Scan,4.12.3,S10_HardwareAI,AI Hardware & Semiconductor Innovation: Beyond the GPU,
29-Apr-2026 14:02:21,o8w81ayuam75p,Hana,Goh,Cybersecurity,hana.goh@okta.com,Okta,SOC Analyst,US,Session scan In,Hall A — Congress Level,Session Scan,iPad-HallA-01,halla.ops@techforwardsummit.com,,,QR Scan,4.12.3,S10_HardwareAI,AI Hardware & Semiconductor Innovation: Beyond the GPU,
29-Apr-2026 14:02:45,mlquh50opf060,Hao,Baker,AI & Data,hao.baker@palantir.com,Palantir Technologies,Research Scientist,US,Session scan In,Hall A — Congress Level,Session Scan,iPad-HallA-01,halla.ops@techforwardsummit.com,,,QR Scan,4.12.3,S10_HardwareAI,AI Hardware & Semiconductor Innovation: Beyond the GPU,
29-Apr-2026 14:02:46,utpmc3skxlojs,Luca,Sanchez,Dev Tools & Platforms,luca.sanchez@twilio.com,Twilio,Head of Developer Relations,US,Session scan In,Hall A — Congress Level,Session Scan,iPad-HallA-01,halla.ops@techforwardsummit.com,,,QR Scan,4.12.3,S10_HardwareAI,AI Hardware & Semiconductor Innovation: Beyond the GPU,
29-Apr-2026 14:03:17,ehwhg0u43qlx3,Jeffrey,White,Dev Tools & Platforms,jeffrey.white@temporal.io,Temporal,Community Manager,US,Session scan In,Hall A — Congress Level,Session Scan,iPad-HallA-01,halla.ops@techforwardsummit.com,,,QR Scan,4.12.3,S10_HardwareAI,AI Hardware & Semiconductor Innovation: Beyond the GPU,
29-Apr-2026 14:03:33,6h95d9y8y0awr,Stephanie,Chua,Cloud & Infrastructure,stephanie.chua@elastic.co,Elastic,Staff Infrastructure Engineer,NL,Session scan In,Hall A — Congress Level,Session Scan,iPad-HallA-01,halla.ops@techforwardsummit.com,,,QR Scan,4.12.3,S10_HardwareAI,AI Hardware & Semiconductor Innovation: Beyond the GPU,
29-Apr-2026 14:03:53,15xd82ijkuv2v,Marie,Ma,Cybersecurity,marie.ma@orca.security,Orca Security,SOC Analyst,US,Session scan In,Hall A — Congress Level,Session Scan,iPad-HallA-01,halla.ops@techforwardsummit.com,,,QR Scan,4.12.3,S10_HardwareAI,AI Hardware & Semiconductor Innovation: Beyond the GPU,
29-Apr-2026 14:04:24,ig5xixgsplti8,Scott,Peterson,VIP,scott.peterson@nvidia.com,NVIDIA,Chief Product Officer,US,Session scan In,"Executive Suite, Level 3",Session Scan,iPad-Executive-01,executive.ops@techforwardsummit.com,,,QR Scan,4.12.3,S09_VIPRoundtable,VIP & Investor Roundtable: The Next Decade of Tech,
29-Apr-2026 14:04:24,7s7o4yc3s0dpj,Benjamin,Wagner,Board Member,benjamin.wagner@microsoft.com,Microsoft,Board Director,US,Session scan In,"Executive Suite, Level 3",Session Scan,iPad-Executive-01,executive.ops@techforwardsummit.com,,,QR Scan,4.12.3,S09_VIPRoundtable,VIP & Investor Roundtable: The Next Decade of Tech,
29-Apr-2026 14:04:39,r2tyzc5hssx0b,Philip,Ho,Dev Tools & Platforms,philip.ho@temporal.io,Temporal,Platform Product Manager,US,Session scan In,Hall A — Congress Level,Session Scan,iPad-HallA-01,halla.ops@techforwardsummit.com,,,QR Scan,4.12.3,S10_HardwareAI,AI Hardware & Semiconductor Innovation: Beyond the GPU,
29-Apr-2026 14:04:51,vl911zsb8lv6t,Wolfgang,Kapoor,VIP,wolfgang.kapoor@salesforce.com,Salesforce,Chief Product Officer,US,Session scan In,"Executive Suite, Level 3",Session Scan,iPad-Executive-01,executive.ops@techforwardsummit.com,,,QR Scan,4.12.3,S09_VIPRoundtable,VIP & Investor Roundtable: The Next Decade of Tech,
29-Apr-2026 14:05:01,gmdrdsferfxio,Anita,Chatterjee,Board Member,anita.chatterjee@aws.amazon.com,Amazon Web Services,Board Director,US,Session scan In,"Executive Suite, Level 3",Session Scan,iPad-Executive-01,executive.ops@techforwardsummit.com,,,QR Scan,4.12.3,S09_VIPRoundtable,VIP & Investor Roundtable: The Next Decade of Tech,
29-Apr-2026 14:05:01,563c36vfh3mi2,Christopher,Dlamini,Enterprise Software,christopher.dlamini@freshworks.com,Freshworks,"Account Executive, Enterprise",IN,Session scan In,Hall A — Congress Level,Session Scan,iPad-HallA-01,halla.ops@techforwardsummit.com,,,QR Scan,4.12.3,S10_HardwareAI,AI Hardware & Semiconductor Innovation: Beyond the GPU,
29-Apr-2026 14:05:18,95g5dog8cfeff,Nicholas,Sato,VIP,nicholas.sato@cloud.google.com,Google Cloud,Executive Vice President,US,Session scan In,"Executive Suite, Level 3",Session Scan,iPad-Executive-01,executive.ops@techforwardsummit.com,,,QR Scan,4.12.3,S09_VIPRoundtable,VIP & Investor Roundtable: The Next Decade of Tech,
29-Apr-2026 14:05:25,mlh13c71ud2zd,Sunita,Fischer,Cloud & Infrastructure,sunita.fischer@aws.amazon.com,Amazon Web Services,Staff Infrastructure Engineer,US,Session scan In,Hall A — Congress Level,Session Scan,iPad-HallA-01,halla.ops@techforwardsummit.com,,,QR Scan,4.12.3,S10_HardwareAI,AI Hardware & Semiconductor Innovation: Beyond the GPU,
29-Apr-2026 14:05:45,to0wzn4xj765v,Robert,Jeong,IT Consulting & SI,robert.jeong@bcg.com,BCG X,"Solution Architect, Digital",US,Session scan In,Hall A — Congress Level,Session Scan,iPad-HallA-01,halla.ops@techforwardsummit.com,,,QR Scan,4.12.3,S10_HardwareAI,AI Hardware & Semiconductor Innovation: Beyond the GPU,
29-Apr-2026 14:06:10,a5cgwfhdv37ic,Omar,Cao,Dev Tools & Platforms,omar.cao@stripe.com,Stripe,Developer Success Manager,US,Session scan In,Hall A — Congress Level,Session Scan,iPad-HallA-01,halla.ops@techforwardsummit.com,,,QR Scan,4.12.3,S10_HardwareAI,AI Hardware & Semiconductor Innovation: Beyond the GPU,
29-Apr-2026 14:06:15,hhddog2ue1iv0,William,Colombo,Cloud & Infrastructure,william.colombo@snowflake.com,Snowflake,Principal Solutions Architect,US,Session scan In,Hall A — Congress Level,Session Scan,iPad-HallA-01,halla.ops@techforwardsummit.com,,,QR Scan,4.12.3,S10_HardwareAI,AI Hardware & Semiconductor Innovation: Beyond the GPU,
29-Apr-2026 14:06:29,2hyvezrad8ejp,Rahul,Park,Cybersecurity,rahul.park@tenable.com,Tenable,Threat Intelligence Analyst,US,Session scan In,Hall A — Congress Level,Session Scan,iPad-HallA-01,halla.ops@techforwardsummit.com,,,QR Scan,4.12.3,S10_HardwareAI,AI Hardware & Semiconductor Innovation: Beyond the GPU,
29-Apr-2026 14:06:48,pg739zobzoujj,Babatunde,Cook,IT Consulting & SI,babatunde.cook@ey.com,EY Technology,Associate Director,GB,Session scan In,Hall A — Congress Level,Session Scan,iPad-HallA-01,halla.ops@techforwardsummit.com,,,QR Scan,4.12.3,S10_HardwareAI,AI Hardware & Semiconductor Innovation: Beyond the GPU,
29-Apr-2026 14:06:56,syjafco3s65qu,Yasmin,Lee,Media/Press,yasmin.lee@protocol.com,Protocol,Tech Reporter,US,Session scan In,Hall A — Congress Level,Session Scan,iPad-HallA-01,halla.ops@techforwardsummit.com,,,QR Scan,4.12.3,S10_HardwareAI,AI Hardware & Semiconductor Innovation: Beyond the GPU,
29-Apr-2026 14:07:35,cg41rk4mkzom2,Sandra,Santos,Speaker,sandra.santos@technologyreview.com,MIT Technology Review,Chief Technology Officer,US,Session scan In,Hall A — Congress Level,Session Scan,iPad-HallA-01,halla.ops@techforwardsummit.com,,,QR Scan,4.12.3,S10_HardwareAI,AI Hardware & Semiconductor Innovation: Beyond the GPU,
29-Apr-2026 14:07:46,sxjzvuv3cb0ix,Aoi,Schmidt,VIP,aoi.schmidt@oracle.com,Oracle,Chief Technology Officer,US,Session scan In,"Executive Suite, Level 3",Session Scan,iPad-Executive-01,executive.ops@techforwardsummit.com,,,QR Scan,4.12.3,S09_VIPRoundtable,VIP & Investor Roundtable: The Next Decade of Tech,
29-Apr-2026 14:07:49,9eoxxc7hz364p,Vikram,Chatterjee,Enterprise Software,vikram.chatterjee@microsoft.com,Microsoft,Customer Success Manager,US,Session scan In,Hall A — Congress Level,Session Scan,iPad-HallA-01,halla.ops@techforwardsummit.com,,,QR Scan,4.12.3,S10_HardwareAI,AI Hardware & Semiconductor Innovation: Beyond the GPU,
29-Apr-2026 14:08:41,q6ktnn8ildasl,Lars,Le,Hardware & Semiconductors,lars.le@marvell.com,Marvell Technology,Chief Technology Officer,US,Session scan In,Hall A — Congress Level,Session Scan,iPad-HallA-01,halla.ops@techforwardsummit.com,,,QR Scan,4.12.3,S10_HardwareAI,AI Hardware & Semiconductor Innovation: Beyond the GPU,
29-Apr-2026 14:09:50,8anp8dmlc8xiz,Pierre,Loh,Enterprise Software,pierre.loh@adobe.com,Adobe,Chief Product Officer,US,Session scan In,Hall A — Congress Level,Session Scan,iPad-HallA-01,halla.ops@techforwardsummit.com,,,QR Scan,4.12.3,S10_HardwareAI,AI Hardware & Semiconductor Innovation: Beyond the GPU,
29-Apr-2026 14:10:15,4wnsmw5gyrw6o,Franz,Hidayat,IT Consulting & SI,franz.hidayat@nttdata.com,NTT Data,Data & AI Practice Lead,JP,Session scan In,Hall A — Congress Level,Session Scan,iPad-HallA-01,halla.ops@techforwardsummit.com,,,QR Scan,4.12.3,S10_HardwareAI,AI Hardware & Semiconductor Innovation: Beyond the GPU,
29-Apr-2026 14:10:33,fz8obk3g84utd,Adam,Clarke,Cloud & Infrastructure,adam.clarke@cloud.google.com,Google Cloud,Platform Engineering Lead,US,Session scan In,Hall A — Congress Level,Session Scan,iPad-HallA-01,halla.ops@techforwardsummit.com,,,QR Scan,4.12.3,S10_HardwareAI,AI Hardware & Semiconductor Innovation: Beyond the GPU,
29-Apr-2026 14:10:54,iq2q4qerxdoua,Laura,Le,Media/Press,laura.le@wired.com,Wired,Tech Reporter,US,Session scan In,Hall A — Congress Level,Session Scan,iPad-HallA-01,halla.ops@techforwardsummit.com,,,QR Scan,4.12.3,S10_HardwareAI,AI Hardware & Semiconductor Innovation: Beyond the GPU,
29-Apr-2026 14:11:15,ubm9xhcgryqy4,Jae-Won,Pandey,Cybersecurity,jaewon.pandey@snyk.io,Snyk,Senior Security Engineer,GB,Session scan In,Hall A — Congress Level,Session Scan,iPad-HallA-01,halla.ops@techforwardsummit.com,,,QR Scan,4.12.3,S10_HardwareAI,AI Hardware & Semiconductor Innovation: Beyond the GPU,
29-Apr-2026 14:12:38,xgumdf4nzkrsn,Fatimah,Iyer,Dev Tools & Platforms,fatimah.iyer@gitlab.com,GitLab,Head of Developer Relations,US,Session scan In,Hall A — Congress Level,Session Scan,iPad-HallA-01,halla.ops@techforwardsummit.com,,,QR Scan,4.12.3,S10_HardwareAI,AI Hardware & Semiconductor Innovation: Beyond the GPU,
29-Apr-2026 14:12:59,ak32oouxqs1fo,George,Laurent,Board Member,george.laurent@nvidia.com,NVIDIA,Independent Director,US,Session scan In,"Executive Suite, Level 3",Session Scan,iPad-Executive-01,executive.ops@techforwardsummit.com,,,QR Scan,4.12.3,S09_VIPRoundtable,VIP & Investor Roundtable: The Next Decade of Tech,
29-Apr-2026 14:15:11,aceqrq6b0ji1t,Ngozi,Petit,Enterprise Software,ngozi.petit@monday.com,monday.com,Senior Solutions Engineer,IL,Session scan In,Hall A — Congress Level,Session Scan,iPad-HallA-01,halla.ops@techforwardsummit.com,,,QR Scan,4.12.3,S10_HardwareAI,AI Hardware & Semiconductor Innovation: Beyond the GPU,
29-Apr-2026 14:15:21,2mvv4dc0fp672,Juan,Foo,Enterprise Software,juan.foo@box.com,Box,Director of Engineering,US,Session scan In,Hall A — Congress Level,Session Scan,iPad-HallA-01,halla.ops@techforwardsummit.com,,,QR Scan,4.12.3,S10_HardwareAI,AI Hardware & Semiconductor Innovation: Beyond the GPU,
29-Apr-2026 14:17:50,rhrlnf6nv5xu6,Divya,Seah,Hardware & Semiconductors,divya.seah@tsmc.com,TSMC,Senior Chip Design Engineer,TW,Session scan In,Hall A — Congress Level,Session Scan,iPad-HallA-01,halla.ops@techforwardsummit.com,,,QR Scan,4.12.3,S10_HardwareAI,AI Hardware & Semiconductor Innovation: Beyond the GPU,
29-Apr-2026 14:18:45,mxsnwer8zdxhy,Shu,Khanna,VIP,shu.khanna@servicenow.com,ServiceNow,Chief Executive Officer,US,Session scan In,Hall A — Congress Level,Session Scan,iPad-HallA-01,halla.ops@techforwardsummit.com,,,QR Scan,4.12.3,S10_HardwareAI,AI Hardware & Semiconductor Innovation: Beyond the GPU,
29-Apr-2026 14:21:20,e61493685efzv,Divya,Wilson,IT Consulting & SI,divya.wilson@slalom.com,Slalom,Associate Director,US,Session scan In,Hall A — Congress Level,Session Scan,iPad-HallA-01,halla.ops@techforwardsummit.com,,,QR Scan,4.12.3,S10_HardwareAI,AI Hardware & Semiconductor Innovation: Beyond the GPU,
29-Apr-2026 14:22:29,g3w3h98brzva9,Hans,Huang,Hardware & Semiconductors,hans.huang@qualcomm.com,Qualcomm,Principal VLSI Engineer,US,Session scan In,Hall A — Congress Level,Session Scan,iPad-HallA-01,halla.ops@techforwardsummit.com,,,QR Scan,4.12.3,S10_HardwareAI,AI Hardware & Semiconductor Innovation: Beyond the GPU,
29-Apr-2026 14:22:57,mxsnwer8zdxhy,Shu,Khanna,VIP,shu.khanna@servicenow.com,ServiceNow,Chief Executive Officer,US,Session scan In,"Executive Suite, Level 3",Session Scan,iPad-Executive-01,executive.ops@techforwardsummit.com,,,QR Scan,4.12.3,S09_VIPRoundtable,VIP & Investor Roundtable: The Next Decade of Tech,
29-Apr-2026 14:22:59,of33qe6jixub4,Amanda,Feng,Dev Tools & Platforms,amanda.feng@jfrog.com,JFrog,VP of Developer Experience,US,Session scan In,Hall A — Congress Level,Session Scan,iPad-HallA-01,halla.ops@techforwardsummit.com,,,QR Scan,4.12.3,S10_HardwareAI,AI Hardware & Semiconductor Innovation: Beyond the GPU,
29-Apr-2026 14:25:12,izg9jj0076ekh,Jonathan,Tan,Enterprise Software,jonathan.tan@servicenow.com,ServiceNow,Head of Growth,US,Session scan In,Hall A — Congress Level,Session Scan,iPad-HallA-01,halla.ops@techforwardsummit.com,,,QR Scan,4.12.3,S10_HardwareAI,AI Hardware & Semiconductor Innovation: Beyond the GPU,
29-Apr-2026 15:01:14,63ndttum2ixex,William,Verma,Cloud & Infrastructure,william.verma@cloud.google.com,Google Cloud,Senior Site Reliability Engineer,US,Session scan Out,Hall A — Congress Level,Session Scan,iPad-HallA-01,halla.ops@techforwardsummit.com,,,QR Scan,4.12.3,S10_HardwareAI,AI Hardware & Semiconductor Innovation: Beyond the GPU,
29-Apr-2026 15:03:44,of33qe6jixub4,Amanda,Feng,Dev Tools & Platforms,amanda.feng@jfrog.com,JFrog,VP of Developer Experience,US,Session scan Out,Hall A — Congress Level,Session Scan,iPad-HallA-01,halla.ops@techforwardsummit.com,,,QR Scan,4.12.3,S10_HardwareAI,AI Hardware & Semiconductor Innovation: Beyond the GPU,
29-Apr-2026 15:10:49,ubm9xhcgryqy4,Jae-Won,Pandey,Cybersecurity,jaewon.pandey@snyk.io,Snyk,Senior Security Engineer,GB,Session scan Out,Hall A — Congress Level,Session Scan,iPad-HallA-01,halla.ops@techforwardsummit.com,,,QR Scan,4.12.3,S10_HardwareAI,AI Hardware & Semiconductor Innovation: Beyond the GPU,
29-Apr-2026 15:17:44,rhrlnf6nv5xu6,Divya,Seah,Hardware & Semiconductors,divya.seah@tsmc.com,TSMC,Senior Chip Design Engineer,TW,Session scan Out,Hall A — Congress Level,Session Scan,iPad-HallA-01,halla.ops@techforwardsummit.com,,,QR Scan,4.12.3,S10_HardwareAI,AI Hardware & Semiconductor Innovation: Beyond the GPU,
29-Apr-2026 15:18:23,e61493685efzv,Divya,Wilson,IT Consulting & SI,divya.wilson@slalom.com,Slalom,Associate Director,US,Session scan Out,Hall A — Congress Level,Session Scan,iPad-HallA-01,halla.ops@techforwardsummit.com,,,QR Scan,4.12.3,S10_HardwareAI,AI Hardware & Semiconductor Innovation: Beyond the GPU,
30-Apr-2026 08:17:25,tt9kvbkavxsoa,Jessica,Lopez,Dev Tools & Platforms,jessica.lopez@postman.com,Postman,VP of Developer Experience,US,Check-In,"Main Entrance, Level 1",Check History,iPad-Registration-01,registration@techforwardsummit.com,,,QR Scan,4.12.3,EntranceD3,Day 3 Registration & Entry,
30-Apr-2026 08:17:25,tt9kvbkavxsoa,Jessica,Lopez,Dev Tools & Platforms,jessica.lopez@postman.com,Postman,VP of Developer Experience,US,Print,"Main Entrance, Level 1",Check History,iPad-Registration-01,registration@techforwardsummit.com,,,QR Scan,4.12.3,EntranceD3,Day 3 Registration & Entry,
30-Apr-2026 08:23:18,r9cfwow73o1bl,Yan,Wilson,Cloud & Infrastructure,yan.wilson@supabase.com,Supabase,DevOps Engineer,US,Check-In,"Main Entrance, Level 1",Check History,iPad-Registration-01,registration@techforwardsummit.com,,,QR Scan,4.12.3,EntranceD3,Day 3 Registration & Entry,
30-Apr-2026 08:23:18,r9cfwow73o1bl,Yan,Wilson,Cloud & Infrastructure,yan.wilson@supabase.com,Supabase,DevOps Engineer,US,Print,"Main Entrance, Level 1",Check History,iPad-Registration-01,registration@techforwardsummit.com,,,QR Scan,4.12.3,EntranceD3,Day 3 Registration & Entry,
30-Apr-2026 08:23:24,l3gywiymenvg3,Anita,Joshi,Cybersecurity,anita.joshi@crowdstrike.com,CrowdStrike,CISO,US,Check-In,"Main Entrance, Level 1",Check History,iPad-Registration-01,registration@techforwardsummit.com,,,QR Scan,4.12.3,EntranceD3,Day 3 Registration & Entry,
30-Apr-2026 08:23:24,l3gywiymenvg3,Anita,Joshi,Cybersecurity,anita.joshi@crowdstrike.com,CrowdStrike,CISO,US,Print,"Main Entrance, Level 1",Check History,iPad-Registration-01,registration@techforwardsummit.com,,,QR Scan,4.12.3,EntranceD3,Day 3 Registration & Entry,
30-Apr-2026 08:23:35,ccu3fg00zkom2,Carmen,Brown,Cybersecurity,carmen.brown@fortinet.com,Fortinet,Security Sales Engineer,US,Check-In,"Main Entrance, Level 1",Check History,iPad-Registration-01,registration@techforwardsummit.com,,,QR Scan,4.12.3,EntranceD3,Day 3 Registration & Entry,
30-Apr-2026 08:23:35,ccu3fg00zkom2,Carmen,Brown,Cybersecurity,carmen.brown@fortinet.com,Fortinet,Security Sales Engineer,US,Print,"Main Entrance, Level 1",Check History,iPad-Registration-01,registration@techforwardsummit.com,,,QR Scan,4.12.3,EntranceD3,Day 3 Registration & Entry,
30-Apr-2026 08:25:08,uloqvbv1jpvkt,David,Perez,Dev Tools & Platforms,david.perez@postman.com,Postman,Staff Software Engineer,US,Check-In,"Main Entrance, Level 1",Check History,iPad-Registration-01,registration@techforwardsummit.com,,,QR Scan,4.12.3,EntranceD3,Day 3 Registration & Entry,
30-Apr-2026 08:25:08,uloqvbv1jpvkt,David,Perez,Dev Tools & Platforms,david.perez@postman.com,Postman,Staff Software Engineer,US,Print,"Main Entrance, Level 1",Check History,iPad-Registration-01,registration@techforwardsummit.com,,,QR Scan,4.12.3,EntranceD3,Day 3 Registration & Entry,
30-Apr-2026 08:26:19,safyh1fkj4yk1,William,Dey,IT Consulting & SI,william.dey@ltimindtree.com,LTIMindtree,Technology Consultant,IN,Check-In,"Main Entrance, Level 1",Check History,iPad-Registration-01,registration@techforwardsummit.com,,,QR Scan,4.12.3,EntranceD3,Day 3 Registration & Entry,
30-Apr-2026 08:26:19,safyh1fkj4yk1,William,Dey,IT Consulting & SI,william.dey@ltimindtree.com,LTIMindtree,Technology Consultant,IN,Print,"Main Entrance, Level 1",Check History,iPad-Registration-01,registration@techforwardsummit.com,,,QR Scan,4.12.3,EntranceD3,Day 3 Registration & Entry,
30-Apr-2026 08:33:05,yarnnezteew6m,Divya,Gao,Dev Tools & Platforms,divya.gao@gitlab.com,GitLab,Senior Developer Advocate,US,Check-In,"Main Entrance, Level 1",Check History,iPad-Registration-01,registration@techforwardsummit.com,,,QR Scan,4.12.3,EntranceD3,Day 3 Registration & Entry,
30-Apr-2026 08:33:05,yarnnezteew6m,Divya,Gao,Dev Tools & Platforms,divya.gao@gitlab.com,GitLab,Senior Developer Advocate,US,Print,"Main Entrance, Level 1",Check History,iPad-Registration-01,registration@techforwardsummit.com,,,QR Scan,4.12.3,EntranceD3,Day 3 Registration & Entry,
30-Apr-2026 08:33:34,i4bnvqrfxntf0,Amit,Zhou,Dev Tools & Platforms,amit.zhou@sentry.io,Sentry,Senior Developer Advocate,US,Check-In,"Main Entrance, Level 1",Check History,iPad-Registration-01,registration@techforwardsummit.com,,,QR Scan,4.12.3,EntranceD3,Day 3 Registration & Entry,
30-Apr-2026 08:33:34,i4bnvqrfxntf0,Amit,Zhou,Dev Tools & Platforms,amit.zhou@sentry.io,Sentry,Senior Developer Advocate,US,Print,"Main Entrance, Level 1",Check History,iPad-Registration-01,registration@techforwardsummit.com,,,QR Scan,4.12.3,EntranceD3,Day 3 Registration & Entry,
30-Apr-2026 08:36:14,yf0dwwn6mbypj,Christopher,Pereira,IT Consulting & SI,christopher.pereira@accenture.com,Accenture,"Solution Architect, Digital",IE,Check-In,"Main Entrance, Level 1",Check History,iPad-Registration-01,registration@techforwardsummit.com,,,QR Scan,4.12.3,EntranceD3,Day 3 Registration & Entry,
30-Apr-2026 08:36:14,yf0dwwn6mbypj,Christopher,Pereira,IT Consulting & SI,christopher.pereira@accenture.com,Accenture,"Solution Architect, Digital",IE,Print,"Main Entrance, Level 1",Check History,iPad-Registration-01,registration@techforwardsummit.com,,,QR Scan,4.12.3,EntranceD3,Day 3 Registration & Entry,
30-Apr-2026 08:37:17,brz0eraxp2ngq,Carol,Chen,AI & Data,carol.chen@langchain.com,LangChain,Senior Data Scientist,US,Check-In,"Main Entrance, Level 1",Check History,iPad-Registration-01,registration@techforwardsummit.com,,,QR Scan,4.12.3,EntranceD3,Day 3 Registration & Entry,
30-Apr-2026 08:37:17,brz0eraxp2ngq,Carol,Chen,AI & Data,carol.chen@langchain.com,LangChain,Senior Data Scientist,US,Print,"Main Entrance, Level 1",Check History,iPad-Registration-01,registration@techforwardsummit.com,,,QR Scan,4.12.3,EntranceD3,Day 3 Registration & Entry,
30-Apr-2026 08:38:01,k0i7mtpforpok,Arjun,Cox,IT Consulting & SI,arjun.cox@accenture.com,Accenture,"Solution Architect, Digital",IE,Check-In,"Main Entrance, Level 1",Check History,iPad-Registration-01,registration@techforwardsummit.com,,,QR Scan,4.12.3,EntranceD3,Day 3 Registration & Entry,
30-Apr-2026 08:38:01,k0i7mtpforpok,Arjun,Cox,IT Consulting & SI,arjun.cox@accenture.com,Accenture,"Solution Architect, Digital",IE,Print,"Main Entrance, Level 1",Check History,iPad-Registration-01,registration@techforwardsummit.com,,,QR Scan,4.12.3,EntranceD3,Day 3 Registration & Entry,
30-Apr-2026 08:40:02,ztc09zgnx3vpf,Sophie,Gao,Cybersecurity,sophie.gao@fortinet.com,Fortinet,Threat Intelligence Analyst,US,Check-In,"Main Entrance, Level 1",Check History,iPad-Registration-01,registration@techforwardsummit.com,,,QR Scan,4.12.3,EntranceD3,Day 3 Registration & Entry,
30-Apr-2026 08:40:02,ztc09zgnx3vpf,Sophie,Gao,Cybersecurity,sophie.gao@fortinet.com,Fortinet,Threat Intelligence Analyst,US,Print,"Main Entrance, Level 1",Check History,iPad-Registration-01,registration@techforwardsummit.com,,,QR Scan,4.12.3,EntranceD3,Day 3 Registration & Entry,
30-Apr-2026 08:42:04,mh7lm2lw7zrtq,Raymond,Lewis,Cybersecurity,raymond.lewis@fortinet.com,Fortinet,Security Architect,US,Check-In,"Main Entrance, Level 1",Check History,iPad-Registration-01,registration@techforwardsummit.com,,,QR Scan,4.12.3,EntranceD3,Day 3 Registration & Entry,
30-Apr-2026 08:42:04,mh7lm2lw7zrtq,Raymond,Lewis,Cybersecurity,raymond.lewis@fortinet.com,Fortinet,Security Architect,US,Print,"Main Entrance, Level 1",Check History,iPad-Registration-01,registration@techforwardsummit.com,,,QR Scan,4.12.3,EntranceD3,Day 3 Registration & Entry,
30-Apr-2026 08:42:06,qefrsatqv9ob3,Pooja,Schmidt,Cloud & Infrastructure,pooja.schmidt@datadoghq.com,Datadog,Senior Site Reliability Engineer,US,Check-In,"Main Entrance, Level 1",Check History,iPad-Registration-01,registration@techforwardsummit.com,,,QR Scan,4.12.3,EntranceD3,Day 3 Registration & Entry,
30-Apr-2026 08:42:06,qefrsatqv9ob3,Pooja,Schmidt,Cloud & Infrastructure,pooja.schmidt@datadoghq.com,Datadog,Senior Site Reliability Engineer,US,Print,"Main Entrance, Level 1",Check History,iPad-Registration-01,registration@techforwardsummit.com,,,QR Scan,4.12.3,EntranceD3,Day 3 Registration & Entry,
30-Apr-2026 08:43:43,6pq1auf0tj5jg,Miguel,Young,IT Consulting & SI,miguel.young@tcs.com,TCS,Cloud Migration Specialist,IN,Check-In,"Main Entrance, Level 1",Check History,iPad-Registration-01,registration@techforwardsummit.com,,,QR Scan,4.12.3,EntranceD3,Day 3 Registration & Entry,
30-Apr-2026 08:43:43,6pq1auf0tj5jg,Miguel,Young,IT Consulting & SI,miguel.young@tcs.com,TCS,Cloud Migration Specialist,IN,Print,"Main Entrance, Level 1",Check History,iPad-Registration-01,registration@techforwardsummit.com,,,QR Scan,4.12.3,EntranceD3,Day 3 Registration & Entry,
30-Apr-2026 08:45:00,s2da89otcj81r,Soo-Jin,Gonzalez,Cybersecurity,soojin.gonzalez@wiz.io,Wiz,Senior Security Engineer,US,Check-In,"Main Entrance, Level 1",Check History,iPad-Registration-01,registration@techforwardsummit.com,,,QR Scan,4.12.3,EntranceD3,Day 3 Registration & Entry,
30-Apr-2026 08:45:00,s2da89otcj81r,Soo-Jin,Gonzalez,Cybersecurity,soojin.gonzalez@wiz.io,Wiz,Senior Security Engineer,US,Print,"Main Entrance, Level 1",Check History,iPad-Registration-01,registration@techforwardsummit.com,,,QR Scan,4.12.3,EntranceD3,Day 3 Registration & Entry,
30-Apr-2026 08:45:36,1olkfu3f4k1h3,Fatimah,Young,Cybersecurity,fatimah.young@paloaltonetworks.com,Palo Alto Networks,Threat Intelligence Analyst,US,Check-In,"Main Entrance, Level 1",Check History,iPad-Registration-01,registration@techforwardsummit.com,,,QR Scan,4.12.3,EntranceD3,Day 3 Registration & Entry,
30-Apr-2026 08:45:36,1olkfu3f4k1h3,Fatimah,Young,Cybersecurity,fatimah.young@paloaltonetworks.com,Palo Alto Networks,Threat Intelligence Analyst,US,Print,"Main Entrance, Level 1",Check History,iPad-Registration-01,registration@techforwardsummit.com,,,QR Scan,4.12.3,EntranceD3,Day 3 Registration & Entry,
30-Apr-2026 08:47:00,sgpynyj0ufo2h,Shu,Agarwal,Cybersecurity,shu.agarwal@zscaler.com,Zscaler,SOC Analyst,US,Check-In,"Main Entrance, Level 1",Check History,iPad-Registration-01,registration@techforwardsummit.com,,,QR Scan,4.12.3,EntranceD3,Day 3 Registration & Entry,
30-Apr-2026 08:47:00,sgpynyj0ufo2h,Shu,Agarwal,Cybersecurity,shu.agarwal@zscaler.com,Zscaler,SOC Analyst,US,Print,"Main Entrance, Level 1",Check History,iPad-Registration-01,registration@techforwardsummit.com,,,QR Scan,4.12.3,EntranceD3,Day 3 Registration & Entry,
30-Apr-2026 08:48:13,10m1v395zdhz6,Divya,Edwards,Dev Tools & Platforms,divya.edwards@postman.com,Postman,Staff Software Engineer,US,Check-In,"Main Entrance, Level 1",Check History,iPad-Registration-01,registration@techforwardsummit.com,,,QR Scan,4.12.3,EntranceD3,Day 3 Registration & Entry,
30-Apr-2026 08:48:13,10m1v395zdhz6,Divya,Edwards,Dev Tools & Platforms,divya.edwards@postman.com,Postman,Staff Software Engineer,US,Print,"Main Entrance, Level 1",Check History,iPad-Registration-01,registration@techforwardsummit.com,,,QR Scan,4.12.3,EntranceD3,Day 3 Registration & Entry,
30-Apr-2026 08:48:24,2mm4p61nhvcfw,Aoi,Walker,Enterprise Software,aoi.walker@adobe.com,Adobe,Customer Success Manager,US,Check-In,"Main Entrance, Level 1",Check History,iPad-Registration-01,registration@techforwardsummit.com,,,QR Scan,4.12.3,EntranceD3,Day 3 Registration & Entry,
30-Apr-2026 08:48:24,2mm4p61nhvcfw,Aoi,Walker,Enterprise Software,aoi.walker@adobe.com,Adobe,Customer Success Manager,US,Print,"Main Entrance, Level 1",Check History,iPad-Registration-01,registration@techforwardsummit.com,,,QR Scan,4.12.3,EntranceD3,Day 3 Registration & Entry,
30-Apr-2026 08:48:49,zdo74v1qx8ert,Thomas,Kim,AI & Data,thomas.kim@datarobot.com,DataRobot,Senior Data Scientist,US,Check-In,"Main Entrance, Level 1",Check History,iPad-Registration-01,registration@techforwardsummit.com,,,QR Scan,4.12.3,EntranceD3,Day 3 Registration & Entry,
30-Apr-2026 08:48:49,zdo74v1qx8ert,Thomas,Kim,AI & Data,thomas.kim@datarobot.com,DataRobot,Senior Data Scientist,US,Print,"Main Entrance, Level 1",Check History,iPad-Registration-01,registration@techforwardsummit.com,,,QR Scan,4.12.3,EntranceD3,Day 3 Registration & Entry,
30-Apr-2026 08:49:25,vy9rmjr211pv5,Andrea,Clarke,Enterprise Software,andrea.clarke@salesforce.com,Salesforce,VP of Sales,US,Check-In,"Main Entrance, Level 1",Check History,iPad-Registration-01,registration@techforwardsummit.com,,,QR Scan,4.12.3,EntranceD3,Day 3 Registration & Entry,
30-Apr-2026 08:49:25,vy9rmjr211pv5,Andrea,Clarke,Enterprise Software,andrea.clarke@salesforce.com,Salesforce,VP of Sales,US,Print,"Main Entrance, Level 1",Check History,iPad-Registration-01,registration@techforwardsummit.com,,,QR Scan,4.12.3,EntranceD3,Day 3 Registration & Entry,
30-Apr-2026 08:49:44,ihsa7hez74lav,Richard,Torres,Enterprise Software,richard.torres@oracle.com,Oracle,Solutions Architect,US,Check-In,"Main Entrance, Level 1",Check History,iPad-Registration-01,registration@techforwardsummit.com,,,QR Scan,4.12.3,EntranceD3,Day 3 Registration & Entry,
30-Apr-2026 08:49:44,ihsa7hez74lav,Richard,Torres,Enterprise Software,richard.torres@oracle.com,Oracle,Solutions Architect,US,Print,"Main Entrance, Level 1",Check History,iPad-Registration-01,registration@techforwardsummit.com,,,QR Scan,4.12.3,EntranceD3,Day 3 Registration & Entry,
30-Apr-2026 08:49:49,sh0ahpo00zcmh,Angela,Ito,AI & Data,angela.ito@pinecone.io,Pinecone,ML Solutions Architect,US,Check-In,"Main Entrance, Level 1",Check History,iPad-Registration-01,registration@techforwardsummit.com,,,QR Scan,4.12.3,EntranceD3,Day 3 Registration & Entry,
30-Apr-2026 08:49:49,sh0ahpo00zcmh,Angela,Ito,AI & Data,angela.ito@pinecone.io,Pinecone,ML Solutions Architect,US,Print,"Main Entrance, Level 1",Check History,iPad-Registration-01,registration@techforwardsummit.com,,,QR Scan,4.12.3,EntranceD3,Day 3 Registration & Entry,
30-Apr-2026 08:50:05,ltm9r6mguov5i,Miho,Koh,Enterprise Software,miho.koh@oracle.com,Oracle,Customer Success Manager,US,Check-In,"Main Entrance, Level 1",Check History,iPad-Registration-01,registration@techforwardsummit.com,,,QR Scan,4.12.3,EntranceD3,Day 3 Registration & Entry,
30-Apr-2026 08:50:05,ltm9r6mguov5i,Miho,Koh,Enterprise Software,miho.koh@oracle.com,Oracle,Customer Success Manager,US,Print,"Main Entrance, Level 1",Check History,iPad-Registration-01,registration@techforwardsummit.com,,,QR Scan,4.12.3,EntranceD3,Day 3 Registration & Entry,
30-Apr-2026 08:53:24,uqb8rcp6i29gp,Hui,Mueller,Dev Tools & Platforms,hui.mueller@github.com,GitHub,Chief Revenue Officer,US,Check-In,"Main Entrance, Level 1",Check History,iPad-Registration-01,registration@techforwardsummit.com,,,QR Scan,4.12.3,EntranceD3,Day 3 Registration & Entry,
30-Apr-2026 08:53:24,uqb8rcp6i29gp,Hui,Mueller,Dev Tools & Platforms,hui.mueller@github.com,GitHub,Chief Revenue Officer,US,Print,"Main Entrance, Level 1",Check History,iPad-Registration-01,registration@techforwardsummit.com,,,QR Scan,4.12.3,EntranceD3,Day 3 Registration & Entry,
30-Apr-2026 08:53:27,natjq37cvxqe1,Jonathan,Wang,Cloud & Infrastructure,jonathan.wang@cloud.google.com,Google Cloud,Developer Advocate,US,Check-In,"Main Entrance, Level 1",Check History,iPad-Registration-01,registration@techforwardsummit.com,,,QR Scan,4.12.3,EntranceD3,Day 3 Registration & Entry,
30-Apr-2026 08:53:27,natjq37cvxqe1,Jonathan,Wang,Cloud & Infrastructure,jonathan.wang@cloud.google.com,Google Cloud,Developer Advocate,US,Print,"Main Entrance, Level 1",Check History,iPad-Registration-01,registration@techforwardsummit.com,,,QR Scan,4.12.3,EntranceD3,Day 3 Registration & Entry,
30-Apr-2026 08:54:11,749q6qf1pafl9,Brigitte,Carter,IT Consulting & SI,brigitte.carter@infosys.com,Infosys,Director of Technology,IN,Check-In,"Main Entrance, Level 1",Check History,iPad-Registration-01,registration@techforwardsummit.com,,,QR Scan,4.12.3,EntranceD3,Day 3 Registration & Entry,
30-Apr-2026 08:54:11,749q6qf1pafl9,Brigitte,Carter,IT Consulting & SI,brigitte.carter@infosys.com,Infosys,Director of Technology,IN,Print,"Main Entrance, Level 1",Check History,iPad-Registration-01,registration@techforwardsummit.com,,,QR Scan,4.12.3,EntranceD3,Day 3 Registration & Entry,
30-Apr-2026 08:54:24,hakrowx4kk1r6,Sanjay,Nielsen,Enterprise Software,sanjay.nielsen@box.com,Box,Senior Solutions Engineer,US,Check-In,"Main Entrance, Level 1",Check History,iPad-Registration-01,registration@techforwardsummit.com,,,QR Scan,4.12.3,EntranceD3,Day 3 Registration & Entry,
30-Apr-2026 08:54:24,hakrowx4kk1r6,Sanjay,Nielsen,Enterprise Software,sanjay.nielsen@box.com,Box,Senior Solutions Engineer,US,Print,"Main Entrance, Level 1",Check History,iPad-Registration-01,registration@techforwardsummit.com,,,QR Scan,4.12.3,EntranceD3,Day 3 Registration & Entry,
30-Apr-2026 08:54:46,28ue1my6po0m2,Camila,Tang,Dev Tools & Platforms,camila.tang@pagerduty.com,PagerDuty,Staff Software Engineer,US,Check-In,"Main Entrance, Level 1",Check History,iPad-Registration-01,registration@techforwardsummit.com,,,QR Scan,4.12.3,EntranceD3,Day 3 Registration & Entry,
30-Apr-2026 08:54:46,28ue1my6po0m2,Camila,Tang,Dev Tools & Platforms,camila.tang@pagerduty.com,PagerDuty,Staff Software Engineer,US,Print,"Main Entrance, Level 1",Check History,iPad-Registration-01,registration@techforwardsummit.com,,,QR Scan,4.12.3,EntranceD3,Day 3 Registration & Entry,
30-Apr-2026 08:54:47,c3xq8va8x8l00,Oliver,Yoon,Cloud & Infrastructure,oliver.yoon@cloud.google.com,Google Cloud,Developer Advocate,US,Check-In,"Main Entrance, Level 1",Check History,iPad-Registration-01,registration@techforwardsummit.com,,,QR Scan,4.12.3,EntranceD3,Day 3 Registration & Entry,
30-Apr-2026 08:54:47,c3xq8va8x8l00,Oliver,Yoon,Cloud & Infrastructure,oliver.yoon@cloud.google.com,Google Cloud,Developer Advocate,US,Print,"Main Entrance, Level 1",Check History,iPad-Registration-01,registration@techforwardsummit.com,,,QR Scan,4.12.3,EntranceD3,Day 3 Registration & Entry,
30-Apr-2026 08:54:55,d4pi4se4kbl5v,Christine,Hassan,IT Consulting & SI,christine.hassan@pwc.com,PwC Advisory,Senior Technology Consultant,GB,Check-In,"Main Entrance, Level 1",Check History,iPad-Registration-01,registration@techforwardsummit.com,,,QR Scan,4.12.3,EntranceD3,Day 3 Registration & Entry,
30-Apr-2026 08:54:55,d4pi4se4kbl5v,Christine,Hassan,IT Consulting & SI,christine.hassan@pwc.com,PwC Advisory,Senior Technology Consultant,GB,Print,"Main Entrance, Level 1",Check History,iPad-Registration-01,registration@techforwardsummit.com,,,QR Scan,4.12.3,EntranceD3,Day 3 Registration & Entry,
30-Apr-2026 08:55:50,oxqq8y1hend7h,Sara,Yoon,IT Consulting & SI,sara.yoon@ibm.com,IBM Consulting,Technology Consultant,US,Check-In,"Main Entrance, Level 1",Check History,iPad-Registration-01,registration@techforwardsummit.com,,,QR Scan,4.12.3,EntranceD3,Day 3 Registration & Entry,
30-Apr-2026 08:55:50,oxqq8y1hend7h,Sara,Yoon,IT Consulting & SI,sara.yoon@ibm.com,IBM Consulting,Technology Consultant,US,Print,"Main Entrance, Level 1",Check History,iPad-Registration-01,registration@techforwardsummit.com,,,QR Scan,4.12.3,EntranceD3,Day 3 Registration & Entry,
30-Apr-2026 08:56:21,66cnoljq52wsp,Hao,Carter,Media/Press,hao.carter@wired.com,Wired,Contributing Writer,US,Check-In,"Main Entrance, Level 1",Check History,iPad-Registration-01,registration@techforwardsummit.com,,,QR Scan,4.12.3,EntranceD3,Day 3 Registration & Entry,
30-Apr-2026 08:56:21,66cnoljq52wsp,Hao,Carter,Media/Press,hao.carter@wired.com,Wired,Contributing Writer,US,Print,"Main Entrance, Level 1",Check History,iPad-Registration-01,registration@techforwardsummit.com,,,QR Scan,4.12.3,EntranceD3,Day 3 Registration & Entry,
30-Apr-2026 08:56:29,mlh13c71ud2zd,Sunita,Fischer,Cloud & Infrastructure,sunita.fischer@aws.amazon.com,Amazon Web Services,Staff Infrastructure Engineer,US,Check-In,"Main Entrance, Level 1",Check History,iPad-Registration-01,registration@techforwardsummit.com,,,QR Scan,4.12.3,EntranceD3,Day 3 Registration & Entry,
30-Apr-2026 08:56:29,mlh13c71ud2zd,Sunita,Fischer,Cloud & Infrastructure,sunita.fischer@aws.amazon.com,Amazon Web Services,Staff Infrastructure Engineer,US,Print,"Main Entrance, Level 1",Check History,iPad-Registration-01,registration@techforwardsummit.com,,,QR Scan,4.12.3,EntranceD3,Day 3 Registration & Entry,
30-Apr-2026 08:56:52,k1d1gnt9zsuv4,Ibrahim,Feng,AI & Data,ibrahim.feng@weaviate.io,Weaviate,VP of Data & Analytics,NL,Check-In,"Main Entrance, Level 1",Check History,iPad-Registration-01,registration@techforwardsummit.com,,,QR Scan,4.12.3,EntranceD3,Day 3 Registration & Entry,
30-Apr-2026 08:56:52,k1d1gnt9zsuv4,Ibrahim,Feng,AI & Data,ibrahim.feng@weaviate.io,Weaviate,VP of Data & Analytics,NL,Print,"Main Entrance, Level 1",Check History,iPad-Registration-01,registration@techforwardsummit.com,,,QR Scan,4.12.3,EntranceD3,Day 3 Registration & Entry,
30-Apr-2026 08:57:36,qmmu7jae58hux,Ryan,Nguyen,Enterprise Software,ryan.nguyen@sap.com,SAP,Staff Software Engineer,DE,Check-In,"Main Entrance, Level 1",Check History,iPad-Registration-01,registration@techforwardsummit.com,,,QR Scan,4.12.3,EntranceD3,Day 3 Registration & Entry,
30-Apr-2026 08:57:36,qmmu7jae58hux,Ryan,Nguyen,Enterprise Software,ryan.nguyen@sap.com,SAP,Staff Software Engineer,DE,Print,"Main Entrance, Level 1",Check History,iPad-Registration-01,registration@techforwardsummit.com,,,QR Scan,4.12.3,EntranceD3,Day 3 Registration & Entry,
30-Apr-2026 08:58:31,3zkwdeekgyspe,Xiao,Hu,Enterprise Software,xiao.hu@hubspot.com,HubSpot,Senior Product Manager,US,Check-In,"Main Entrance, Level 1",Check History,iPad-Registration-01,registration@techforwardsummit.com,,,QR Scan,4.12.3,EntranceD3,Day 3 Registration & Entry,
30-Apr-2026 08:58:31,3zkwdeekgyspe,Xiao,Hu,Enterprise Software,xiao.hu@hubspot.com,HubSpot,Senior Product Manager,US,Print,"Main Entrance, Level 1",Check History,iPad-Registration-01,registration@techforwardsummit.com,,,QR Scan,4.12.3,EntranceD3,Day 3 Registration & Entry,
30-Apr-2026 08:58:33,aceqrq6b0ji1t,Ngozi,Petit,Enterprise Software,ngozi.petit@monday.com,monday.com,Senior Solutions Engineer,IL,Check-In,"Main Entrance, Level 1",Check History,iPad-Registration-01,registration@techforwardsummit.com,,,QR Scan,4.12.3,EntranceD3,Day 3 Registration & Entry,
30-Apr-2026 08:58:33,aceqrq6b0ji1t,Ngozi,Petit,Enterprise Software,ngozi.petit@monday.com,monday.com,Senior Solutions Engineer,IL,Print,"Main Entrance, Level 1",Check History,iPad-Registration-01,registration@techforwardsummit.com,,,QR Scan,4.12.3,EntranceD3,Day 3 Registration & Entry,
30-Apr-2026 08:58:37,82es5v3dmukjd,Thomas,Phillips,VC & Private Equity,thomas.phillips@lsvp.com,Lightspeed Venture Partners,Principal,US,Check-In,"Main Entrance, Level 1",Check History,iPad-Registration-01,registration@techforwardsummit.com,,,QR Scan,4.12.3,EntranceD3,Day 3 Registration & Entry,
30-Apr-2026 08:58:37,82es5v3dmukjd,Thomas,Phillips,VC & Private Equity,thomas.phillips@lsvp.com,Lightspeed Venture Partners,Principal,US,Print,"Main Entrance, Level 1",Check History,iPad-Registration-01,registration@techforwardsummit.com,,,QR Scan,4.12.3,EntranceD3,Day 3 Registration & Entry,
30-Apr-2026 08:59:07,n4h2awnf3keyy,Pranav,Morris,Cloud & Infrastructure,pranav.morris@elastic.co,Elastic,Principal Solutions Architect,NL,Check-In,"Main Entrance, Level 1",Check History,iPad-Registration-01,registration@techforwardsummit.com,,,QR Scan,4.12.3,EntranceD3,Day 3 Registration & Entry,
30-Apr-2026 08:59:07,n4h2awnf3keyy,Pranav,Morris,Cloud & Infrastructure,pranav.morris@elastic.co,Elastic,Principal Solutions Architect,NL,Print,"Main Entrance, Level 1",Check History,iPad-Registration-01,registration@techforwardsummit.com,,,QR Scan,4.12.3,EntranceD3,Day 3 Registration & Entry,
30-Apr-2026 08:59:43,9a2klmwwcgblw,Anita,Dlamini,Staff,anita.dlamini@fielddrive.com,FieldDrive Events,Registration & Badging Lead,BE,Check-In,"Main Entrance, Level 1",Check History,iPad-Registration-01,registration@techforwardsummit.com,,,QR Scan,4.12.3,EntranceD3,Day 3 Registration & Entry,
30-Apr-2026 08:59:43,9a2klmwwcgblw,Anita,Dlamini,Staff,anita.dlamini@fielddrive.com,FieldDrive Events,Registration & Badging Lead,BE,Print,"Main Entrance, Level 1",Check History,iPad-Registration-01,registration@techforwardsummit.com,,,QR Scan,4.12.3,EntranceD3,Day 3 Registration & Entry,
30-Apr-2026 08:59:44,i1ncv10x6wm1x,Haruto,Fischer,Cybersecurity,haruto.fischer@okta.com,Okta,Senior Security Engineer,US,Check-In,"Main Entrance, Level 1",Check History,iPad-Registration-01,registration@techforwardsummit.com,,,QR Scan,4.12.3,EntranceD3,Day 3 Registration & Entry,
30-Apr-2026 08:59:44,i1ncv10x6wm1x,Haruto,Fischer,Cybersecurity,haruto.fischer@okta.com,Okta,Senior Security Engineer,US,Print,"Main Entrance, Level 1",Check History,iPad-Registration-01,registration@techforwardsummit.com,,,QR Scan,4.12.3,EntranceD3,Day 3 Registration & Entry,
30-Apr-2026 08:59:47,jtbpgt9967st8,Kavita,Larsen,VC & Private Equity,kavita.larsen@insightpartners.com,Insight Partners,Investment Director,US,Check-In,"Main Entrance, Level 1",Check History,iPad-Registration-01,registration@techforwardsummit.com,,,QR Scan,4.12.3,EntranceD3,Day 3 Registration & Entry,
30-Apr-2026 08:59:47,jtbpgt9967st8,Kavita,Larsen,VC & Private Equity,kavita.larsen@insightpartners.com,Insight Partners,Investment Director,US,Print,"Main Entrance, Level 1",Check History,iPad-Registration-01,registration@techforwardsummit.com,,,QR Scan,4.12.3,EntranceD3,Day 3 Registration & Entry,
30-Apr-2026 09:00:10,kn35xycuvfmh0,Shu,Yap,Enterprise Software,shu.yap@sap.com,SAP,Chief Product Officer,DE,Check-In,"Main Entrance, Level 1",Check History,iPad-Registration-01,registration@techforwardsummit.com,,,QR Scan,4.12.3,EntranceD3,Day 3 Registration & Entry,
30-Apr-2026 09:00:10,kn35xycuvfmh0,Shu,Yap,Enterprise Software,shu.yap@sap.com,SAP,Chief Product Officer,DE,Print,"Main Entrance, Level 1",Check History,iPad-Registration-01,registration@techforwardsummit.com,,,QR Scan,4.12.3,EntranceD3,Day 3 Registration & Entry,
30-Apr-2026 09:01:55,15xd82ijkuv2v,Marie,Ma,Cybersecurity,marie.ma@orca.security,Orca Security,SOC Analyst,US,Check-In,"Main Entrance, Level 1",Check History,iPad-Registration-01,registration@techforwardsummit.com,,,QR Scan,4.12.3,EntranceD3,Day 3 Registration & Entry,
30-Apr-2026 09:01:55,15xd82ijkuv2v,Marie,Ma,Cybersecurity,marie.ma@orca.security,Orca Security,SOC Analyst,US,Print,"Main Entrance, Level 1",Check History,iPad-Registration-01,registration@techforwardsummit.com,,,QR Scan,4.12.3,EntranceD3,Day 3 Registration & Entry,
30-Apr-2026 09:02:13,k87n4unffqi1h,Richard,Toh,Cloud & Infrastructure,richard.toh@hashicorp.com,HashiCorp,Head of Developer Relations,US,Check-In,"Main Entrance, Level 1",Check History,iPad-Registration-01,registration@techforwardsummit.com,,,QR Scan,4.12.3,EntranceD3,Day 3 Registration & Entry,
30-Apr-2026 09:02:13,k87n4unffqi1h,Richard,Toh,Cloud & Infrastructure,richard.toh@hashicorp.com,HashiCorp,Head of Developer Relations,US,Print,"Main Entrance, Level 1",Check History,iPad-Registration-01,registration@techforwardsummit.com,,,QR Scan,4.12.3,EntranceD3,Day 3 Registration & Entry,
30-Apr-2026 09:03:30,bd0v0njj63xvf,Eric,Richardson,Cybersecurity,eric.richardson@snyk.io,Snyk,Head of Information Security,GB,Check-In,"Main Entrance, Level 1",Check History,iPad-Registration-01,registration@techforwardsummit.com,,,QR Scan,4.12.3,EntranceD3,Day 3 Registration & Entry,
30-Apr-2026 09:03:30,bd0v0njj63xvf,Eric,Richardson,Cybersecurity,eric.richardson@snyk.io,Snyk,Head of Information Security,GB,Print,"Main Entrance, Level 1",Check History,iPad-Registration-01,registration@techforwardsummit.com,,,QR Scan,4.12.3,EntranceD3,Day 3 Registration & Entry,
30-Apr-2026 09:03:49,uh7vdo4s41cro,Hassan,Srivastava,Dev Tools & Platforms,hassan.srivastava@mulesoft.com,MuleSoft,VP of Developer Experience,US,Check-In,"Main Entrance, Level 1",Check History,iPad-Registration-01,registration@techforwardsummit.com,,,QR Scan,4.12.3,EntranceD3,Day 3 Registration & Entry,
30-Apr-2026 09:03:49,uh7vdo4s41cro,Hassan,Srivastava,Dev Tools & Platforms,hassan.srivastava@mulesoft.com,MuleSoft,VP of Developer Experience,US,Print,"Main Entrance, Level 1",Check History,iPad-Registration-01,registration@techforwardsummit.com,,,QR Scan,4.12.3,EntranceD3,Day 3 Registration & Entry,
30-Apr-2026 09:04:11,uoc1r601ejt1w,Hyun,Ito,IT Consulting & SI,hyun.ito@wipro.com,Wipro,Associate Director,IN,Check-In,"Main Entrance, Level 1",Check History,iPad-Registration-01,registration@techforwardsummit.com,,,QR Scan,4.12.3,EntranceD3,Day 3 Registration & Entry,
30-Apr-2026 09:04:11,uoc1r601ejt1w,Hyun,Ito,IT Consulting & SI,hyun.ito@wipro.com,Wipro,Associate Director,IN,Print,"Main Entrance, Level 1",Check History,iPad-Registration-01,registration@techforwardsummit.com,,,QR Scan,4.12.3,EntranceD3,Day 3 Registration & Entry,
30-Apr-2026 09:04:20,aptm9x798ybqg,Yusuf,Watanabe,Enterprise Software,yusuf.watanabe@oracle.com,Oracle,Staff Software Engineer,US,Check-In,"Main Entrance, Level 1",Check History,iPad-Registration-01,registration@techforwardsummit.com,,,QR Scan,4.12.3,EntranceD3,Day 3 Registration & Entry,
30-Apr-2026 09:04:20,aptm9x798ybqg,Yusuf,Watanabe,Enterprise Software,yusuf.watanabe@oracle.com,Oracle,Staff Software Engineer,US,Print,"Main Entrance, Level 1",Check History,iPad-Registration-01,registration@techforwardsummit.com,,,QR Scan,4.12.3,EntranceD3,Day 3 Registration & Entry,
30-Apr-2026 09:04:50,czf2tdcitegb1,Patricia,Howard,VC & Private Equity,patricia.howard@a16z.com,Andreessen Horowitz,General Partner,US,Check-In,"Main Entrance, Level 1",Check History,iPad-Registration-01,registration@techforwardsummit.com,,,QR Scan,4.12.3,EntranceD3,Day 3 Registration & Entry,
30-Apr-2026 09:04:50,czf2tdcitegb1,Patricia,Howard,VC & Private Equity,patricia.howard@a16z.com,Andreessen Horowitz,General Partner,US,Print,"Main Entrance, Level 1",Check History,iPad-Registration-01,registration@techforwardsummit.com,,,QR Scan,4.12.3,EntranceD3,Day 3 Registration & Entry,
30-Apr-2026 09:05:56,81bxd7itqrt8g,Ingrid,Song,Staff,ingrid.song@fielddrive.com,FieldDrive Events,Event Operations Manager,BE,Check-In,"Main Entrance, Level 1",Check History,iPad-Registration-01,registration@techforwardsummit.com,,,QR Scan,4.12.3,EntranceD3,Day 3 Registration & Entry,
30-Apr-2026 09:05:56,81bxd7itqrt8g,Ingrid,Song,Staff,ingrid.song@fielddrive.com,FieldDrive Events,Event Operations Manager,BE,Print,"Main Entrance, Level 1",Check History,iPad-Registration-01,registration@techforwardsummit.com,,,QR Scan,4.12.3,EntranceD3,Day 3 Registration & Entry,
30-Apr-2026 09:05:58,bin0byqyvbnuz,Ella,Joshi,IT Consulting & SI,ella.joshi@accenture.com,Accenture,Managing Consultant,IE,Check-In,"Main Entrance, Level 1",Check History,iPad-Registration-01,registration@techforwardsummit.com,,,QR Scan,4.12.3,EntranceD3,Day 3 Registration & Entry,
30-Apr-2026 09:05:58,bin0byqyvbnuz,Ella,Joshi,IT Consulting & SI,ella.joshi@accenture.com,Accenture,Managing Consultant,IE,Print,"Main Entrance, Level 1",Check History,iPad-Registration-01,registration@techforwardsummit.com,,,QR Scan,4.12.3,EntranceD3,Day 3 Registration & Entry,
30-Apr-2026 09:09:07,iq2q4qerxdoua,Laura,Le,Media/Press,laura.le@wired.com,Wired,Tech Reporter,US,Check-In,"Main Entrance, Level 1",Check History,iPad-Registration-01,registration@techforwardsummit.com,,,QR Scan,4.12.3,EntranceD3,Day 3 Registration & Entry,
30-Apr-2026 09:09:07,iq2q4qerxdoua,Laura,Le,Media/Press,laura.le@wired.com,Wired,Tech Reporter,US,Print,"Main Entrance, Level 1",Check History,iPad-Registration-01,registration@techforwardsummit.com,,,QR Scan,4.12.3,EntranceD3,Day 3 Registration & Entry,
30-Apr-2026 09:09:12,hibmqimi8acue,Shu,Pereira,IT Consulting & SI,shu.pereira@infosys.com,Infosys,Cloud Migration Specialist,IN,Check-In,"Main Entrance, Level 1",Check History,iPad-Registration-01,registration@techforwardsummit.com,,,QR Scan,4.12.3,EntranceD3,Day 3 Registration & Entry,
30-Apr-2026 09:09:12,hibmqimi8acue,Shu,Pereira,IT Consulting & SI,shu.pereira@infosys.com,Infosys,Cloud Migration Specialist,IN,Print,"Main Entrance, Level 1",Check History,iPad-Registration-01,registration@techforwardsummit.com,,,QR Scan,4.12.3,EntranceD3,Day 3 Registration & Entry,
30-Apr-2026 09:12:13,8y2deg3zgarfi,Mateus,Wee,Hardware & Semiconductors,mateus.wee@groq.com,Groq,System Architecture Engineer,US,Check-In,"Main Entrance, Level 1",Check History,iPad-Registration-01,registration@techforwardsummit.com,,,QR Scan,4.12.3,EntranceD3,Day 3 Registration & Entry,
30-Apr-2026 09:12:13,8y2deg3zgarfi,Mateus,Wee,Hardware & Semiconductors,mateus.wee@groq.com,Groq,System Architecture Engineer,US,Print,"Main Entrance, Level 1",Check History,iPad-Registration-01,registration@techforwardsummit.com,,,QR Scan,4.12.3,EntranceD3,Day 3 Registration & Entry,
30-Apr-2026 09:12:30,qoq4kreg167d6,Dewi,Ng,AI & Data,dewi.ng@cohere.com,Cohere,Applied Research Scientist,CA,Check-In,"Main Entrance, Level 1",Check History,iPad-Registration-01,registration@techforwardsummit.com,,,QR Scan,4.12.3,EntranceD3,Day 3 Registration & Entry,
30-Apr-2026 09:12:30,qoq4kreg167d6,Dewi,Ng,AI & Data,dewi.ng@cohere.com,Cohere,Applied Research Scientist,CA,Print,"Main Entrance, Level 1",Check History,iPad-Registration-01,registration@techforwardsummit.com,,,QR Scan,4.12.3,EntranceD3,Day 3 Registration & Entry,
30-Apr-2026 09:12:38,eawhmlvhs21hd,Alejandro,Luo,Cybersecurity,alejandro.luo@sentinelone.com,SentinelOne,Threat Intelligence Analyst,US,Check-In,"Main Entrance, Level 1",Check History,iPad-Registration-01,registration@techforwardsummit.com,,,QR Scan,4.12.3,EntranceD3,Day 3 Registration & Entry,
30-Apr-2026 09:12:38,eawhmlvhs21hd,Alejandro,Luo,Cybersecurity,alejandro.luo@sentinelone.com,SentinelOne,Threat Intelligence Analyst,US,Print,"Main Entrance, Level 1",Check History,iPad-Registration-01,registration@techforwardsummit.com,,,QR Scan,4.12.3,EntranceD3,Day 3 Registration & Entry,
30-Apr-2026 09:13:04,wp6cbc5tnll5h,Dewi,Dlamini,AI & Data,dewi.dlamini@nvidia.com,NVIDIA,Principal ML Engineer,US,Check-In,"Main Entrance, Level 1",Check History,iPad-Registration-01,registration@techforwardsummit.com,,,QR Scan,4.12.3,EntranceD3,Day 3 Registration & Entry,
30-Apr-2026 09:13:04,wp6cbc5tnll5h,Dewi,Dlamini,AI & Data,dewi.dlamini@nvidia.com,NVIDIA,Principal ML Engineer,US,Print,"Main Entrance, Level 1",Check History,iPad-Registration-01,registration@techforwardsummit.com,,,QR Scan,4.12.3,EntranceD3,Day 3 Registration & Entry,
30-Apr-2026 09:13:07,eci9rtj6u5a2x,Lucas,Nkosi,Hardware & Semiconductors,lucas.nkosi@mediatek.com,MediaTek,Director of Engineering,TW,Check-In,"Main Entrance, Level 1",Check History,iPad-Registration-01,registration@techforwardsummit.com,,,QR Scan,4.12.3,EntranceD3,Day 3 Registration & Entry,
30-Apr-2026 09:13:07,eci9rtj6u5a2x,Lucas,Nkosi,Hardware & Semiconductors,lucas.nkosi@mediatek.com,MediaTek,Director of Engineering,TW,Print,"Main Entrance, Level 1",Check History,iPad-Registration-01,registration@techforwardsummit.com,,,QR Scan,4.12.3,EntranceD3,Day 3 Registration & Entry,
30-Apr-2026 09:14:33,cpncc2keivli7,Tendai,Torres,Hardware & Semiconductors,tendai.torres@amd.com,AMD,AI Hardware Architect,US,Check-In,"Main Entrance, Level 1",Check History,iPad-Registration-01,registration@techforwardsummit.com,,,QR Scan,4.12.3,EntranceD3,Day 3 Registration & Entry,
30-Apr-2026 09:14:33,cpncc2keivli7,Tendai,Torres,Hardware & Semiconductors,tendai.torres@amd.com,AMD,AI Hardware Architect,US,Print,"Main Entrance, Level 1",Check History,iPad-Registration-01,registration@techforwardsummit.com,,,QR Scan,4.12.3,EntranceD3,Day 3 Registration & Entry,
30-Apr-2026 09:15:13,dw7v1qsa11ptk,Richard,Wang,Dev Tools & Platforms,richard.wang@twilio.com,Twilio,Chief Revenue Officer,US,Check-In,"Main Entrance, Level 1",Check History,iPad-Registration-01,registration@techforwardsummit.com,,,QR Scan,4.12.3,EntranceD3,Day 3 Registration & Entry,
30-Apr-2026 09:15:13,dw7v1qsa11ptk,Richard,Wang,Dev Tools & Platforms,richard.wang@twilio.com,Twilio,Chief Revenue Officer,US,Print,"Main Entrance, Level 1",Check History,iPad-Registration-01,registration@techforwardsummit.com,,,QR Scan,4.12.3,EntranceD3,Day 3 Registration & Entry,
30-Apr-2026 09:15:15,9jc1yljuyun9v,Shan,Park,IT Consulting & SI,shan.park@accenture.com,Accenture,Agile Delivery Lead,IE,Check-In,"Main Entrance, Level 1",Check History,iPad-Registration-01,registration@techforwardsummit.com,,,QR Scan,4.12.3,EntranceD3,Day 3 Registration & Entry,
30-Apr-2026 09:15:15,9jc1yljuyun9v,Shan,Park,IT Consulting & SI,shan.park@accenture.com,Accenture,Agile Delivery Lead,IE,Print,"Main Entrance, Level 1",Check History,iPad-Registration-01,registration@techforwardsummit.com,,,QR Scan,4.12.3,EntranceD3,Day 3 Registration & Entry,
30-Apr-2026 09:17:21,hlozesjncrbvx,Vikram,Hansen,IT Consulting & SI,vikram.hansen@mckinsey.com,McKinsey Digital,Cloud Migration Specialist,US,Check-In,"Main Entrance, Level 1",Check History,iPad-Registration-01,registration@techforwardsummit.com,,,QR Scan,4.12.3,EntranceD3,Day 3 Registration & Entry,
30-Apr-2026 09:17:21,hlozesjncrbvx,Vikram,Hansen,IT Consulting & SI,vikram.hansen@mckinsey.com,McKinsey Digital,Cloud Migration Specialist,US,Print,"Main Entrance, Level 1",Check History,iPad-Registration-01,registration@techforwardsummit.com,,,QR Scan,4.12.3,EntranceD3,Day 3 Registration & Entry,
30-Apr-2026 09:17:46,wcud3i2iwmc07,Sunita,Pandey,IT Consulting & SI,sunita.pandey@wipro.com,Wipro,Associate Director,IN,Check-In,"Main Entrance, Level 1",Check History,iPad-Registration-01,registration@techforwardsummit.com,,,QR Scan,4.12.3,EntranceD3,Day 3 Registration & Entry,
30-Apr-2026 09:17:46,wcud3i2iwmc07,Sunita,Pandey,IT Consulting & SI,sunita.pandey@wipro.com,Wipro,Associate Director,IN,Print,"Main Entrance, Level 1",Check History,iPad-Registration-01,registration@techforwardsummit.com,,,QR Scan,4.12.3,EntranceD3,Day 3 Registration & Entry,
30-Apr-2026 09:18:02,jf9899ffzadvj,Dorothy,Arora,Enterprise Software,dorothy.arora@zendesk.com,Zendesk,VP of Sales,US,Check-In,"Main Entrance, Level 1",Check History,iPad-Registration-01,registration@techforwardsummit.com,,,QR Scan,4.12.3,EntranceD3,Day 3 Registration & Entry,
30-Apr-2026 09:18:02,jf9899ffzadvj,Dorothy,Arora,Enterprise Software,dorothy.arora@zendesk.com,Zendesk,VP of Sales,US,Print,"Main Entrance, Level 1",Check History,iPad-Registration-01,registration@techforwardsummit.com,,,QR Scan,4.12.3,EntranceD3,Day 3 Registration & Entry,
30-Apr-2026 09:18:10,b9w5zqw6l87ps,Elizabeth,Reed,IT Consulting & SI,elizabeth.reed@publicissapient.com,Publicis Sapient,"Solution Architect, Digital",FR,Check-In,"Main Entrance, Level 1",Check History,iPad-Registration-01,registration@techforwardsummit.com,,,QR Scan,4.12.3,EntranceD3,Day 3 Registration & Entry,
30-Apr-2026 09:18:10,b9w5zqw6l87ps,Elizabeth,Reed,IT Consulting & SI,elizabeth.reed@publicissapient.com,Publicis Sapient,"Solution Architect, Digital",FR,Print,"Main Entrance, Level 1",Check History,iPad-Registration-01,registration@techforwardsummit.com,,,QR Scan,4.12.3,EntranceD3,Day 3 Registration & Entry,
30-Apr-2026 09:19:24,3odf76img7zd3,Hiroshi,Bell,Enterprise Software,hiroshi.bell@servicenow.com,ServiceNow,Head of Growth,US,Check-In,"Main Entrance, Level 1",Check History,iPad-Registration-01,registration@techforwardsummit.com,,,QR Scan,4.12.3,EntranceD3,Day 3 Registration & Entry,
30-Apr-2026 09:19:24,3odf76img7zd3,Hiroshi,Bell,Enterprise Software,hiroshi.bell@servicenow.com,ServiceNow,Head of Growth,US,Print,"Main Entrance, Level 1",Check History,iPad-Registration-01,registration@techforwardsummit.com,,,QR Scan,4.12.3,EntranceD3,Day 3 Registration & Entry,
30-Apr-2026 09:20:14,77fxv7a7kx7mr,John,Teo,Cloud & Infrastructure,john.teo@cloudflare.com,Cloudflare,Cloud Architect,US,Check-In,"Main Entrance, Level 1",Check History,iPad-Registration-01,registration@techforwardsummit.com,,,QR Scan,4.12.3,EntranceD3,Day 3 Registration & Entry,
30-Apr-2026 09:20:14,77fxv7a7kx7mr,John,Teo,Cloud & Infrastructure,john.teo@cloudflare.com,Cloudflare,Cloud Architect,US,Print,"Main Entrance, Level 1",Check History,iPad-Registration-01,registration@techforwardsummit.com,,,QR Scan,4.12.3,EntranceD3,Day 3 Registration & Entry,
30-Apr-2026 09:21:02,utpmc3skxlojs,Luca,Sanchez,Dev Tools & Platforms,luca.sanchez@twilio.com,Twilio,Head of Developer Relations,US,Check-In,"Main Entrance, Level 1",Check History,iPad-Registration-01,registration@techforwardsummit.com,,,QR Scan,4.12.3,EntranceD3,Day 3 Registration & Entry,
30-Apr-2026 09:21:02,utpmc3skxlojs,Luca,Sanchez,Dev Tools & Platforms,luca.sanchez@twilio.com,Twilio,Head of Developer Relations,US,Print,"Main Entrance, Level 1",Check History,iPad-Registration-01,registration@techforwardsummit.com,,,QR Scan,4.12.3,EntranceD3,Day 3 Registration & Entry,
30-Apr-2026 09:24:08,79wcxz2ei9212,Xin,Rossi,Cybersecurity,xin.rossi@sentinelone.com,SentinelOne,Head of Information Security,US,Check-In,"Main Entrance, Level 1",Check History,iPad-Registration-01,registration@techforwardsummit.com,,,QR Scan,4.12.3,EntranceD3,Day 3 Registration & Entry,
30-Apr-2026 09:24:08,79wcxz2ei9212,Xin,Rossi,Cybersecurity,xin.rossi@sentinelone.com,SentinelOne,Head of Information Security,US,Print,"Main Entrance, Level 1",Check History,iPad-Registration-01,registration@techforwardsummit.com,,,QR Scan,4.12.3,EntranceD3,Day 3 Registration & Entry,
30-Apr-2026 09:24:44,ko31nzsxpefj3,Rania,Le,Enterprise Software,rania.le@microsoft.com,Microsoft,Customer Success Manager,US,Check-In,"Main Entrance, Level 1",Check History,iPad-Registration-01,registration@techforwardsummit.com,,,QR Scan,4.12.3,EntranceD3,Day 3 Registration & Entry,
30-Apr-2026 09:24:44,ko31nzsxpefj3,Rania,Le,Enterprise Software,rania.le@microsoft.com,Microsoft,Customer Success Manager,US,Print,"Main Entrance, Level 1",Check History,iPad-Registration-01,registration@techforwardsummit.com,,,QR Scan,4.12.3,EntranceD3,Day 3 Registration & Entry,
30-Apr-2026 09:30:18,dji6sow4yif5d,Ren,Becker,IT Consulting & SI,ren.becker@ibm.com,IBM Consulting,Director of Technology,US,Session scan In,Hall A — Congress Level,Session Scan,iPad-HallA-01,halla.ops@techforwardsummit.com,,,QR Scan,4.12.3,S11_FutureWork,"Future of Work: AI Agents, Automation & Human-Computer Interaction",
30-Apr-2026 09:30:37,zk3ny9v20yar8,Noah,Torres,Dev Tools & Platforms,noah.torres@retool.com,Retool,Senior Developer Advocate,US,Session scan In,Hall A — Congress Level,Session Scan,iPad-HallA-01,halla.ops@techforwardsummit.com,,,QR Scan,4.12.3,S11_FutureWork,"Future of Work: AI Agents, Automation & Human-Computer Interaction",
30-Apr-2026 09:31:01,dtce9sb5mbzgj,Miguel,Ho,Cybersecurity,miguel.ho@snyk.io,Snyk,Senior Security Engineer,GB,Session scan In,Hall A — Congress Level,Session Scan,iPad-HallA-01,halla.ops@techforwardsummit.com,,,QR Scan,4.12.3,S11_FutureWork,"Future of Work: AI Agents, Automation & Human-Computer Interaction",
30-Apr-2026 09:31:14,hfbxq4uw0jgqe,Klaus,Bose,AI & Data,klaus.bose@scale.com,Scale AI,Research Scientist,US,Session scan In,Hall A — Congress Level,Session Scan,iPad-HallA-01,halla.ops@techforwardsummit.com,,,QR Scan,4.12.3,S11_FutureWork,"Future of Work: AI Agents, Automation & Human-Computer Interaction",
30-Apr-2026 09:31:16,kcmnt6u777ldm,Sara,Zhao,Enterprise Software,sara.zhao@oracle.com,Oracle,Solutions Architect,US,Session scan In,Hall A — Congress Level,Session Scan,iPad-HallA-01,halla.ops@techforwardsummit.com,,,QR Scan,4.12.3,S11_FutureWork,"Future of Work: AI Agents, Automation & Human-Computer Interaction",
30-Apr-2026 09:31:17,u9vdow6jfpy77,Ella,Allen,Cybersecurity,ella.allen@crowdstrike.com,CrowdStrike,Threat Intelligence Analyst,US,Session scan In,Hall A — Congress Level,Session Scan,iPad-HallA-01,halla.ops@techforwardsummit.com,,,QR Scan,4.12.3,S11_FutureWork,"Future of Work: AI Agents, Automation & Human-Computer Interaction",
30-Apr-2026 09:31:25,h8ea329hf1pw2,Timothy,Webb,IT Consulting & SI,timothy.webb@infosys.com,Infosys,Cloud Migration Specialist,IN,Session scan In,Hall A — Congress Level,Session Scan,iPad-HallA-01,halla.ops@techforwardsummit.com,,,QR Scan,4.12.3,S11_FutureWork,"Future of Work: AI Agents, Automation & Human-Computer Interaction",
30-Apr-2026 09:31:36,hz3zsg9vwieb9,Michelle,Guo,Cloud & Infrastructure,michelle.guo@snowflake.com,Snowflake,Staff Infrastructure Engineer,US,Session scan In,Hall A — Congress Level,Session Scan,iPad-HallA-01,halla.ops@techforwardsummit.com,,,QR Scan,4.12.3,S11_FutureWork,"Future of Work: AI Agents, Automation & Human-Computer Interaction",
30-Apr-2026 09:31:39,lmwa6tj3kps04,Scott,Wee,Cybersecurity,scott.wee@cyberark.com,CyberArk,Head of Information Security,IL,Session scan In,Hall A — Congress Level,Session Scan,iPad-HallA-01,halla.ops@techforwardsummit.com,,,QR Scan,4.12.3,S11_FutureWork,"Future of Work: AI Agents, Automation & Human-Computer Interaction",
30-Apr-2026 09:31:41,qmmu7jae58hux,Ryan,Nguyen,Enterprise Software,ryan.nguyen@sap.com,SAP,Staff Software Engineer,DE,Session scan In,Hall A — Congress Level,Session Scan,iPad-HallA-01,halla.ops@techforwardsummit.com,,,QR Scan,4.12.3,S11_FutureWork,"Future of Work: AI Agents, Automation & Human-Computer Interaction",
30-Apr-2026 09:31:49,77fxv7a7kx7mr,John,Teo,Cloud & Infrastructure,john.teo@cloudflare.com,Cloudflare,Cloud Architect,US,Session scan In,Hall A — Congress Level,Session Scan,iPad-HallA-01,halla.ops@techforwardsummit.com,,,QR Scan,4.12.3,S11_FutureWork,"Future of Work: AI Agents, Automation & Human-Computer Interaction",
30-Apr-2026 09:31:50,8anp8dmlc8xiz,Pierre,Loh,Enterprise Software,pierre.loh@adobe.com,Adobe,Chief Product Officer,US,Session scan In,Hall A — Congress Level,Session Scan,iPad-HallA-01,halla.ops@techforwardsummit.com,,,QR Scan,4.12.3,S11_FutureWork,"Future of Work: AI Agents, Automation & Human-Computer Interaction",
30-Apr-2026 09:31:51,ig5xixgsplti8,Scott,Peterson,VIP,scott.peterson@nvidia.com,NVIDIA,Chief Product Officer,US,Session scan In,Hall A — Congress Level,Session Scan,iPad-HallA-01,halla.ops@techforwardsummit.com,,,QR Scan,4.12.3,S11_FutureWork,"Future of Work: AI Agents, Automation & Human-Computer Interaction",
30-Apr-2026 09:32:00,ylhgo1kp2gvpg,Ryan,Bianchi,Dev Tools & Platforms,ryan.bianchi@stripe.com,Stripe,Head of Developer Relations,US,Session scan In,Hall A — Congress Level,Session Scan,iPad-HallA-01,halla.ops@techforwardsummit.com,,,QR Scan,4.12.3,S11_FutureWork,"Future of Work: AI Agents, Automation & Human-Computer Interaction",
30-Apr-2026 09:32:15,ekot16migovr9,Sarah,Huang,AI & Data,sarah.huang@scale.com,Scale AI,AI/ML Platform Lead,US,Session scan In,Hall A — Congress Level,Session Scan,iPad-HallA-01,halla.ops@techforwardsummit.com,,,QR Scan,4.12.3,S11_FutureWork,"Future of Work: AI Agents, Automation & Human-Computer Interaction",
30-Apr-2026 09:32:23,tcatplx3gguko,Yusuf,Foo,VC & Private Equity,yusuf.foo@a16z.com,Andreessen Horowitz,Venture Associate,US,Session scan In,Hall A — Congress Level,Session Scan,iPad-HallA-01,halla.ops@techforwardsummit.com,,,QR Scan,4.12.3,S11_FutureWork,"Future of Work: AI Agents, Automation & Human-Computer Interaction",
30-Apr-2026 09:32:41,bd0v0njj63xvf,Eric,Richardson,Cybersecurity,eric.richardson@snyk.io,Snyk,Head of Information Security,GB,Session scan In,Hall A — Congress Level,Session Scan,iPad-HallA-01,halla.ops@techforwardsummit.com,,,QR Scan,4.12.3,S11_FutureWork,"Future of Work: AI Agents, Automation & Human-Computer Interaction",
30-Apr-2026 09:32:50,hibmqimi8acue,Shu,Pereira,IT Consulting & SI,shu.pereira@infosys.com,Infosys,Cloud Migration Specialist,IN,Session scan In,Hall A — Congress Level,Session Scan,iPad-HallA-01,halla.ops@techforwardsummit.com,,,QR Scan,4.12.3,S11_FutureWork,"Future of Work: AI Agents, Automation & Human-Computer Interaction",
30-Apr-2026 09:33:12,8w5038hvqrhof,Siti,Okonkwo,Enterprise Software,siti.okonkwo@intuit.com,Intuit,Senior Solutions Engineer,US,Check-In,"Main Entrance, Level 1",Check History,iPad-Registration-01,registration@techforwardsummit.com,,,QR Scan,4.12.3,EntranceD3,Day 3 Registration & Entry,
30-Apr-2026 09:33:12,8w5038hvqrhof,Siti,Okonkwo,Enterprise Software,siti.okonkwo@intuit.com,Intuit,Senior Solutions Engineer,US,Print,"Main Entrance, Level 1",Check History,iPad-Registration-01,registration@techforwardsummit.com,,,QR Scan,4.12.3,EntranceD3,Day 3 Registration & Entry,
30-Apr-2026 09:33:21,jx20au5ik31yu,Ingrid,Lim,Dev Tools & Platforms,ingrid.lim@github.com,GitHub,Head of Developer Relations,US,Session scan In,Hall A — Congress Level,Session Scan,iPad-HallA-01,halla.ops@techforwardsummit.com,,,QR Scan,4.12.3,S11_FutureWork,"Future of Work: AI Agents, Automation & Human-Computer Interaction",
30-Apr-2026 09:33:22,auxbgk2wbxanj,Camila,Hidayat,Cloud & Infrastructure,camila.hidayat@mongodb.com,MongoDB,Staff Infrastructure Engineer,US,Session scan In,Hall A — Congress Level,Session Scan,iPad-HallA-01,halla.ops@techforwardsummit.com,,,QR Scan,4.12.3,S11_FutureWork,"Future of Work: AI Agents, Automation & Human-Computer Interaction",
30-Apr-2026 09:33:24,91leuucbl116c,Mohammed,Park,Enterprise Software,mohammed.park@servicenow.com,ServiceNow,Director of Engineering,US,Session scan In,Hall A — Congress Level,Session Scan,iPad-HallA-01,halla.ops@techforwardsummit.com,,,QR Scan,4.12.3,S11_FutureWork,"Future of Work: AI Agents, Automation & Human-Computer Interaction",
30-Apr-2026 09:33:49,mwpq82k8ryqf8,Astrid,Choi,Hardware & Semiconductors,astrid.choi@arm.com,Arm Holdings,"Research Scientist, Silicon",GB,Session scan In,Hall A — Congress Level,Session Scan,iPad-HallA-01,halla.ops@techforwardsummit.com,,,QR Scan,4.12.3,S11_FutureWork,"Future of Work: AI Agents, Automation & Human-Computer Interaction",
30-Apr-2026 09:33:56,mxd6lqga3qupo,Sipho,Howard,Enterprise Software,sipho.howard@servicenow.com,ServiceNow,Engineering Manager,US,Session scan In,Hall A — Congress Level,Session Scan,iPad-HallA-01,halla.ops@techforwardsummit.com,,,QR Scan,4.12.3,S11_FutureWork,"Future of Work: AI Agents, Automation & Human-Computer Interaction",
30-Apr-2026 09:34:03,z2p6eeamyfp9s,Divya,Campbell,AI & Data,divya.campbell@nvidia.com,NVIDIA,Principal ML Engineer,US,Check-In,"Main Entrance, Level 1",Check History,iPad-Registration-01,registration@techforwardsummit.com,,,QR Scan,4.12.3,EntranceD3,Day 3 Registration & Entry,
30-Apr-2026 09:34:03,z2p6eeamyfp9s,Divya,Campbell,AI & Data,divya.campbell@nvidia.com,NVIDIA,Principal ML Engineer,US,Print,"Main Entrance, Level 1",Check History,iPad-Registration-01,registration@techforwardsummit.com,,,QR Scan,4.12.3,EntranceD3,Day 3 Registration & Entry,
30-Apr-2026 09:34:03,lbnqandtqypic,Arjun,Yap,Dev Tools & Platforms,arjun.yap@twilio.com,Twilio,Head of Developer Relations,US,Session scan In,Hall A — Congress Level,Session Scan,iPad-HallA-01,halla.ops@techforwardsummit.com,,,QR Scan,4.12.3,S11_FutureWork,"Future of Work: AI Agents, Automation & Human-Computer Interaction",
30-Apr-2026 09:34:12,tt9kvbkavxsoa,Jessica,Lopez,Dev Tools & Platforms,jessica.lopez@postman.com,Postman,VP of Developer Experience,US,Session scan In,Hall A — Congress Level,Session Scan,iPad-HallA-01,halla.ops@techforwardsummit.com,,,QR Scan,4.12.3,S11_FutureWork,"Future of Work: AI Agents, Automation & Human-Computer Interaction",
30-Apr-2026 09:34:59,8w5038hvqrhof,Siti,Okonkwo,Enterprise Software,siti.okonkwo@intuit.com,Intuit,Senior Solutions Engineer,US,Session scan In,Hall A — Congress Level,Session Scan,iPad-HallA-01,halla.ops@techforwardsummit.com,,,QR Scan,4.12.3,S11_FutureWork,"Future of Work: AI Agents, Automation & Human-Computer Interaction",
30-Apr-2026 09:35:05,0gnh8s2gt30gc,Stephanie,Koh,Hardware & Semiconductors,stephanie.koh@amd.com,AMD,Senior Chip Design Engineer,US,Session scan In,Hall A — Congress Level,Session Scan,iPad-HallA-01,halla.ops@techforwardsummit.com,,,QR Scan,4.12.3,S11_FutureWork,"Future of Work: AI Agents, Automation & Human-Computer Interaction",
30-Apr-2026 09:35:15,omzolmyqa78cu,Cynthia,Garcia,Cloud & Infrastructure,cynthia.garcia@cloud.google.com,Google Cloud,Platform Engineer,US,Session scan In,Hall A — Congress Level,Session Scan,iPad-HallA-01,halla.ops@techforwardsummit.com,,,QR Scan,4.12.3,S11_FutureWork,"Future of Work: AI Agents, Automation & Human-Computer Interaction",
30-Apr-2026 09:35:35,zxskoytk06akt,Michelle,Hoffmann,Cybersecurity,michelle.hoffmann@okta.com,Okta,CISO,US,Session scan In,Hall A — Congress Level,Session Scan,iPad-HallA-01,halla.ops@techforwardsummit.com,,,QR Scan,4.12.3,S11_FutureWork,"Future of Work: AI Agents, Automation & Human-Computer Interaction",
30-Apr-2026 09:35:37,fj2etpseywr7o,Pierre,Tran,Hardware & Semiconductors,pierre.tran@intel.com,Intel,System Architecture Engineer,US,Session scan In,Hall A — Congress Level,Session Scan,iPad-HallA-01,halla.ops@techforwardsummit.com,,,QR Scan,4.12.3,S11_FutureWork,"Future of Work: AI Agents, Automation & Human-Computer Interaction",
30-Apr-2026 09:36:08,6975j2d8clw3j,Jessica,Baker,Cybersecurity,jessica.baker@wiz.io,Wiz,Security Consultant,US,Session scan In,Hall A — Congress Level,Session Scan,iPad-HallA-01,halla.ops@techforwardsummit.com,,,QR Scan,4.12.3,S11_FutureWork,"Future of Work: AI Agents, Automation & Human-Computer Interaction",
30-Apr-2026 09:36:14,fz8obk3g84utd,Adam,Clarke,Cloud & Infrastructure,adam.clarke@cloud.google.com,Google Cloud,Platform Engineering Lead,US,Session scan In,Hall A — Congress Level,Session Scan,iPad-HallA-01,halla.ops@techforwardsummit.com,,,QR Scan,4.12.3,S11_FutureWork,"Future of Work: AI Agents, Automation & Human-Computer Interaction",
30-Apr-2026 09:36:39,brz0eraxp2ngq,Carol,Chen,AI & Data,carol.chen@langchain.com,LangChain,Senior Data Scientist,US,Session scan In,Hall A — Congress Level,Session Scan,iPad-HallA-01,halla.ops@techforwardsummit.com,,,QR Scan,4.12.3,S11_FutureWork,"Future of Work: AI Agents, Automation & Human-Computer Interaction",
30-Apr-2026 09:37:00,7hylgogfxlsrv,Hao,Nguyen,Staff,hao.nguyen@techforwardsummit.com,TechForward Organising Committee,Registration & Badging Lead,SG,Session scan In,Hall A — Congress Level,Session Scan,iPad-HallA-01,halla.ops@techforwardsummit.com,,,QR Scan,4.12.3,S11_FutureWork,"Future of Work: AI Agents, Automation & Human-Computer Interaction",
30-Apr-2026 09:37:22,safyh1fkj4yk1,William,Dey,IT Consulting & SI,william.dey@ltimindtree.com,LTIMindtree,Technology Consultant,IN,Session scan In,Hall A — Congress Level,Session Scan,iPad-HallA-01,halla.ops@techforwardsummit.com,,,QR Scan,4.12.3,S11_FutureWork,"Future of Work: AI Agents, Automation & Human-Computer Interaction",
30-Apr-2026 09:37:38,uh7vdo4s41cro,Hassan,Srivastava,Dev Tools & Platforms,hassan.srivastava@mulesoft.com,MuleSoft,VP of Developer Experience,US,Session scan In,Hall A — Congress Level,Session Scan,iPad-HallA-01,halla.ops@techforwardsummit.com,,,QR Scan,4.12.3,S11_FutureWork,"Future of Work: AI Agents, Automation & Human-Computer Interaction",
30-Apr-2026 09:38:13,2hyvezrad8ejp,Rahul,Park,Cybersecurity,rahul.park@tenable.com,Tenable,Threat Intelligence Analyst,US,Session scan In,Hall A — Congress Level,Session Scan,iPad-HallA-01,halla.ops@techforwardsummit.com,,,QR Scan,4.12.3,S11_FutureWork,"Future of Work: AI Agents, Automation & Human-Computer Interaction",
30-Apr-2026 09:38:44,dw7v1qsa11ptk,Richard,Wang,Dev Tools & Platforms,richard.wang@twilio.com,Twilio,Chief Revenue Officer,US,Session scan In,Hall A — Congress Level,Session Scan,iPad-HallA-01,halla.ops@techforwardsummit.com,,,QR Scan,4.12.3,S11_FutureWork,"Future of Work: AI Agents, Automation & Human-Computer Interaction",
30-Apr-2026 09:39:14,mykvygw22ygyz,Sung,Chaudhary,Cloud & Infrastructure,sung.chaudhary@aws.amazon.com,Amazon Web Services,Cloud Architect,US,Session scan In,Hall A — Congress Level,Session Scan,iPad-HallA-01,halla.ops@techforwardsummit.com,,,QR Scan,4.12.3,S11_FutureWork,"Future of Work: AI Agents, Automation & Human-Computer Interaction",
30-Apr-2026 09:40:20,a245j8o98bujd,Yuto,Lefebvre,Enterprise Software,yuto.lefebvre@zendesk.com,Zendesk,VP of Engineering,US,Session scan In,Hall A — Congress Level,Session Scan,iPad-HallA-01,halla.ops@techforwardsummit.com,,,QR Scan,4.12.3,S11_FutureWork,"Future of Work: AI Agents, Automation & Human-Computer Interaction",
30-Apr-2026 09:40:51,nu8c0s41kssvi,Brigitte,Esposito,Hardware & Semiconductors,brigitte.esposito@arm.com,Arm Holdings,System Architecture Engineer,GB,Check-In,"Main Entrance, Level 1",Check History,iPad-Registration-01,registration@techforwardsummit.com,,,QR Scan,4.12.3,EntranceD3,Day 3 Registration & Entry,
30-Apr-2026 09:40:51,nu8c0s41kssvi,Brigitte,Esposito,Hardware & Semiconductors,brigitte.esposito@arm.com,Arm Holdings,System Architecture Engineer,GB,Print,"Main Entrance, Level 1",Check History,iPad-Registration-01,registration@techforwardsummit.com,,,QR Scan,4.12.3,EntranceD3,Day 3 Registration & Entry,
30-Apr-2026 09:40:52,u9dkbpvwzophg,Carol,Collins,Enterprise Software,carol.collins@salesforce.com,Salesforce,Principal Product Manager,US,Session scan In,Hall A — Congress Level,Session Scan,iPad-HallA-01,halla.ops@techforwardsummit.com,,,QR Scan,4.12.3,S11_FutureWork,"Future of Work: AI Agents, Automation & Human-Computer Interaction",
30-Apr-2026 09:41:14,eawhmlvhs21hd,Alejandro,Luo,Cybersecurity,alejandro.luo@sentinelone.com,SentinelOne,Threat Intelligence Analyst,US,Session scan In,Hall A — Congress Level,Session Scan,iPad-HallA-01,halla.ops@techforwardsummit.com,,,QR Scan,4.12.3,S11_FutureWork,"Future of Work: AI Agents, Automation & Human-Computer Interaction",
30-Apr-2026 09:42:19,wa6m96m5u2tlu,Christine,Lewis,IT Consulting & SI,christine.lewis@nttdata.com,NTT Data,Associate Director,JP,Session scan In,Hall A — Congress Level,Session Scan,iPad-HallA-01,halla.ops@techforwardsummit.com,,,QR Scan,4.12.3,S11_FutureWork,"Future of Work: AI Agents, Automation & Human-Computer Interaction",
30-Apr-2026 09:43:43,t3dgd8opocmvh,Hassan,Deng,Cloud & Infrastructure,hassan.deng@digitalocean.com,DigitalOcean,DevOps Engineer,US,Session scan In,Hall A — Congress Level,Session Scan,iPad-HallA-01,halla.ops@techforwardsummit.com,,,QR Scan,4.12.3,S11_FutureWork,"Future of Work: AI Agents, Automation & Human-Computer Interaction",
30-Apr-2026 09:43:44,mk99jcjn9978i,Divya,Yang,Speaker,divya.yang@stanford.edu,Stanford School of Engineering,Distinguished Engineer,US,Session scan In,Hall A — Congress Level,Session Scan,iPad-HallA-01,halla.ops@techforwardsummit.com,,,QR Scan,4.12.3,S11_FutureWork,"Future of Work: AI Agents, Automation & Human-Computer Interaction",
30-Apr-2026 09:44:06,ccu3fg00zkom2,Carmen,Brown,Cybersecurity,carmen.brown@fortinet.com,Fortinet,Security Sales Engineer,US,Session scan In,Hall A — Congress Level,Session Scan,iPad-HallA-01,halla.ops@techforwardsummit.com,,,QR Scan,4.12.3,S11_FutureWork,"Future of Work: AI Agents, Automation & Human-Computer Interaction",
30-Apr-2026 09:44:49,i4bnvqrfxntf0,Amit,Zhou,Dev Tools & Platforms,amit.zhou@sentry.io,Sentry,Senior Developer Advocate,US,Session scan In,Hall A — Congress Level,Session Scan,iPad-HallA-01,halla.ops@techforwardsummit.com,,,QR Scan,4.12.3,S11_FutureWork,"Future of Work: AI Agents, Automation & Human-Computer Interaction",
30-Apr-2026 09:45:23,jwv2qnrmtn29t,Xiao,Oliveira,AI & Data,xiao.oliveira@wandb.ai,Weights & Biases,Research Scientist,US,Session scan In,Hall A — Congress Level,Session Scan,iPad-HallA-01,halla.ops@techforwardsummit.com,,,QR Scan,4.12.3,S11_FutureWork,"Future of Work: AI Agents, Automation & Human-Computer Interaction",
30-Apr-2026 09:45:52,sxjzvuv3cb0ix,Aoi,Schmidt,VIP,aoi.schmidt@oracle.com,Oracle,Chief Technology Officer,US,Session scan In,Hall A — Congress Level,Session Scan,iPad-HallA-01,halla.ops@techforwardsummit.com,,,QR Scan,4.12.3,S11_FutureWork,"Future of Work: AI Agents, Automation & Human-Computer Interaction",
30-Apr-2026 09:46:11,jotv7h10b8vk9,Liang,Thomas,Cloud & Infrastructure,liang.thomas@cloud.google.com,Google Cloud,VP of Engineering,US,Session scan In,Hall A — Congress Level,Session Scan,iPad-HallA-01,halla.ops@techforwardsummit.com,,,QR Scan,4.12.3,S11_FutureWork,"Future of Work: AI Agents, Automation & Human-Computer Interaction",
30-Apr-2026 09:49:15,kn35xycuvfmh0,Shu,Yap,Enterprise Software,shu.yap@sap.com,SAP,Chief Product Officer,DE,Session scan In,Hall A — Congress Level,Session Scan,iPad-HallA-01,halla.ops@techforwardsummit.com,,,QR Scan,4.12.3,S11_FutureWork,"Future of Work: AI Agents, Automation & Human-Computer Interaction",
30-Apr-2026 09:49:43,eew0oz2wcvft9,Lin,Lin,Hardware & Semiconductors,lin.lin@intel.com,Intel,Director of Engineering,US,Session scan In,Hall A — Congress Level,Session Scan,iPad-HallA-01,halla.ops@techforwardsummit.com,,,QR Scan,4.12.3,S11_FutureWork,"Future of Work: AI Agents, Automation & Human-Computer Interaction",
30-Apr-2026 09:52:28,wekqdvnab87fr,Anna,Chaudhary,Cloud & Infrastructure,anna.chaudhary@aws.amazon.com,Amazon Web Services,Head of Developer Relations,US,Session scan In,Hall A — Congress Level,Session Scan,iPad-HallA-01,halla.ops@techforwardsummit.com,,,QR Scan,4.12.3,S11_FutureWork,"Future of Work: AI Agents, Automation & Human-Computer Interaction",
30-Apr-2026 09:55:30,24rv3nsxof6t6,Henrik,Ho,IT Consulting & SI,henrik.ho@slalom.com,Slalom,Managing Consultant,US,Session scan In,Hall A — Congress Level,Session Scan,iPad-HallA-01,halla.ops@techforwardsummit.com,,,QR Scan,4.12.3,S11_FutureWork,"Future of Work: AI Agents, Automation & Human-Computer Interaction",
30-Apr-2026 09:55:37,eci9rtj6u5a2x,Lucas,Nkosi,Hardware & Semiconductors,lucas.nkosi@mediatek.com,MediaTek,Director of Engineering,TW,Session scan In,Hall A — Congress Level,Session Scan,iPad-HallA-01,halla.ops@techforwardsummit.com,,,QR Scan,4.12.3,S11_FutureWork,"Future of Work: AI Agents, Automation & Human-Computer Interaction",
30-Apr-2026 10:25:55,eawhmlvhs21hd,Alejandro,Luo,Cybersecurity,alejandro.luo@sentinelone.com,SentinelOne,Threat Intelligence Analyst,US,Session scan Out,Hall A — Congress Level,Session Scan,iPad-HallA-01,halla.ops@techforwardsummit.com,,,QR Scan,4.12.3,S11_FutureWork,"Future of Work: AI Agents, Automation & Human-Computer Interaction",
30-Apr-2026 10:26:31,mk99jcjn9978i,Divya,Yang,Speaker,divya.yang@stanford.edu,Stanford School of Engineering,Distinguished Engineer,US,Session scan Out,Hall A — Congress Level,Session Scan,iPad-HallA-01,halla.ops@techforwardsummit.com,,,QR Scan,4.12.3,S11_FutureWork,"Future of Work: AI Agents, Automation & Human-Computer Interaction",
30-Apr-2026 10:26:46,eci9rtj6u5a2x,Lucas,Nkosi,Hardware & Semiconductors,lucas.nkosi@mediatek.com,MediaTek,Director of Engineering,TW,Session scan Out,Hall A — Congress Level,Session Scan,iPad-HallA-01,halla.ops@techforwardsummit.com,,,QR Scan,4.12.3,S11_FutureWork,"Future of Work: AI Agents, Automation & Human-Computer Interaction",
30-Apr-2026 10:29:44,uh7vdo4s41cro,Hassan,Srivastava,Dev Tools & Platforms,hassan.srivastava@mulesoft.com,MuleSoft,VP of Developer Experience,US,Session scan Out,Hall A — Congress Level,Session Scan,iPad-HallA-01,halla.ops@techforwardsummit.com,,,QR Scan,4.12.3,S11_FutureWork,"Future of Work: AI Agents, Automation & Human-Computer Interaction",
30-Apr-2026 10:36:00,bd0v0njj63xvf,Eric,Richardson,Cybersecurity,eric.richardson@snyk.io,Snyk,Head of Information Security,GB,Session scan Out,Hall A — Congress Level,Session Scan,iPad-HallA-01,halla.ops@techforwardsummit.com,,,QR Scan,4.12.3,S11_FutureWork,"Future of Work: AI Agents, Automation & Human-Computer Interaction",
30-Apr-2026 10:36:32,tcatplx3gguko,Yusuf,Foo,VC & Private Equity,yusuf.foo@a16z.com,Andreessen Horowitz,Venture Associate,US,Session scan Out,Hall A — Congress Level,Session Scan,iPad-HallA-01,halla.ops@techforwardsummit.com,,,QR Scan,4.12.3,S11_FutureWork,"Future of Work: AI Agents, Automation & Human-Computer Interaction",
30-Apr-2026 10:39:09,mykvygw22ygyz,Sung,Chaudhary,Cloud & Infrastructure,sung.chaudhary@aws.amazon.com,Amazon Web Services,Cloud Architect,US,Session scan Out,Hall A — Congress Level,Session Scan,iPad-HallA-01,halla.ops@techforwardsummit.com,,,QR Scan,4.12.3,S11_FutureWork,"Future of Work: AI Agents, Automation & Human-Computer Interaction",
30-Apr-2026 10:40:59,dw7v1qsa11ptk,Richard,Wang,Dev Tools & Platforms,richard.wang@twilio.com,Twilio,Chief Revenue Officer,US,Session scan Out,Hall A — Congress Level,Session Scan,iPad-HallA-01,halla.ops@techforwardsummit.com,,,QR Scan,4.12.3,S11_FutureWork,"Future of Work: AI Agents, Automation & Human-Computer Interaction",
30-Apr-2026 10:44:01,6975j2d8clw3j,Jessica,Baker,Cybersecurity,jessica.baker@wiz.io,Wiz,Security Consultant,US,Session scan Out,Hall A — Congress Level,Session Scan,iPad-HallA-01,halla.ops@techforwardsummit.com,,,QR Scan,4.12.3,S11_FutureWork,"Future of Work: AI Agents, Automation & Human-Computer Interaction",
30-Apr-2026 10:46:41,zxskoytk06akt,Michelle,Hoffmann,Cybersecurity,michelle.hoffmann@okta.com,Okta,CISO,US,Session scan Out,Hall A — Congress Level,Session Scan,iPad-HallA-01,halla.ops@techforwardsummit.com,,,QR Scan,4.12.3,S11_FutureWork,"Future of Work: AI Agents, Automation & Human-Computer Interaction",
30-Apr-2026 10:48:25,qmmu7jae58hux,Ryan,Nguyen,Enterprise Software,ryan.nguyen@sap.com,SAP,Staff Software Engineer,DE,Session scan Out,Hall A — Congress Level,Session Scan,iPad-HallA-01,halla.ops@techforwardsummit.com,,,QR Scan,4.12.3,S11_FutureWork,"Future of Work: AI Agents, Automation & Human-Computer Interaction",
30-Apr-2026 10:49:10,0gnh8s2gt30gc,Stephanie,Koh,Hardware & Semiconductors,stephanie.koh@amd.com,AMD,Senior Chip Design Engineer,US,Session scan Out,Hall A — Congress Level,Session Scan,iPad-HallA-01,halla.ops@techforwardsummit.com,,,QR Scan,4.12.3,S11_FutureWork,"Future of Work: AI Agents, Automation & Human-Computer Interaction",
30-Apr-2026 11:00:25,ol5rkh87cyamn,Dennis,Zhu,Enterprise Software,dennis.zhu@salesforce.com,Salesforce,Principal Product Manager,US,Session scan In,Hall B — Congress Level,Session Scan,iPad-HallB-01,hallb.ops@techforwardsummit.com,,,QR Scan,4.12.3,S14_Quantum,Quantum Computing & Next-Gen Computing: Practical Horizons,
30-Apr-2026 11:00:26,4udtlvr7mgatn,Laura,Wright,Dev Tools & Platforms,laura.wright@pagerduty.com,PagerDuty,Head of Developer Relations,US,Session scan In,Hall B — Congress Level,Session Scan,iPad-HallB-01,hallb.ops@techforwardsummit.com,,,QR Scan,4.12.3,S14_Quantum,Quantum Computing & Next-Gen Computing: Practical Horizons,
30-Apr-2026 11:00:54,jwv2qnrmtn29t,Xiao,Oliveira,AI & Data,xiao.oliveira@wandb.ai,Weights & Biases,Research Scientist,US,Session scan In,Hall B — Congress Level,Session Scan,iPad-HallB-01,hallb.ops@techforwardsummit.com,,,QR Scan,4.12.3,S14_Quantum,Quantum Computing & Next-Gen Computing: Practical Horizons,
30-Apr-2026 11:01:00,x1sknxd6zmbyt,Dennis,Hu,Cloud & Infrastructure,dennis.hu@aws.amazon.com,Amazon Web Services,Cloud Architect,US,Session scan In,Hall A — Congress Level,Session Scan,iPad-HallA-01,halla.ops@techforwardsummit.com,,,QR Scan,4.12.3,S13_OpenSource,"Open Source, API Ecosystems & Platform Economics",
30-Apr-2026 11:01:03,jfm03tdv0iqf1,Jacob,Ito,IT Consulting & SI,jacob.ito@deloitte.com,Deloitte Technology,Managing Consultant,US,Session scan In,Hall A — Congress Level,Session Scan,iPad-HallA-01,halla.ops@techforwardsummit.com,,,QR Scan,4.12.3,S13_OpenSource,"Open Source, API Ecosystems & Platform Economics",
30-Apr-2026 11:01:07,sh0ahpo00zcmh,Angela,Ito,AI & Data,angela.ito@pinecone.io,Pinecone,ML Solutions Architect,US,Session scan In,Hall B — Congress Level,Session Scan,iPad-HallB-01,hallb.ops@techforwardsummit.com,,,QR Scan,4.12.3,S14_Quantum,Quantum Computing & Next-Gen Computing: Practical Horizons,
30-Apr-2026 11:01:21,nwrn57lws1yq6,Sung,Cox,Enterprise Software,sung.cox@microsoft.com,Microsoft,Staff Software Engineer,US,Session scan In,Hall A — Congress Level,Session Scan,iPad-HallA-01,halla.ops@techforwardsummit.com,,,QR Scan,4.12.3,S13_OpenSource,"Open Source, API Ecosystems & Platform Economics",
30-Apr-2026 11:01:33,kn35xycuvfmh0,Shu,Yap,Enterprise Software,shu.yap@sap.com,SAP,Chief Product Officer,DE,Session scan In,Hall A — Congress Level,Session Scan,iPad-HallA-01,halla.ops@techforwardsummit.com,,,QR Scan,4.12.3,S13_OpenSource,"Open Source, API Ecosystems & Platform Economics",
30-Apr-2026 11:01:35,bnw8bkxcgw1vg,Sanjay,Rodrigues,Hardware & Semiconductors,sanjay.rodrigues@marvell.com,Marvell Technology,Chief Technology Officer,US,Session scan In,Hall A — Congress Level,Session Scan,iPad-HallA-01,halla.ops@techforwardsummit.com,,,QR Scan,4.12.3,S13_OpenSource,"Open Source, API Ecosystems & Platform Economics",
30-Apr-2026 11:01:35,2hyvezrad8ejp,Rahul,Park,Cybersecurity,rahul.park@tenable.com,Tenable,Threat Intelligence Analyst,US,Session scan In,Hall B — Congress Level,Session Scan,iPad-HallB-01,hallb.ops@techforwardsummit.com,,,QR Scan,4.12.3,S14_Quantum,Quantum Computing & Next-Gen Computing: Practical Horizons,
30-Apr-2026 11:01:49,hgfb2flurmw3u,Shan,Morgan,IT Consulting & SI,shan.morgan@tcs.com,TCS,Managing Consultant,IN,Session scan In,Hall A — Congress Level,Session Scan,iPad-HallA-01,halla.ops@techforwardsummit.com,,,QR Scan,4.12.3,S13_OpenSource,"Open Source, API Ecosystems & Platform Economics",
30-Apr-2026 11:01:50,085i4rzpcd140,Adam,Ho,IT Consulting & SI,adam.ho@deloitte.com,Deloitte Technology,Associate Director,US,Session scan In,Hall A — Congress Level,Session Scan,iPad-HallA-01,halla.ops@techforwardsummit.com,,,QR Scan,4.12.3,S13_OpenSource,"Open Source, API Ecosystems & Platform Economics",
30-Apr-2026 11:01:50,x0gu4bj3bqrr8,Kento,Cooper,Cloud & Infrastructure,kento.cooper@datadoghq.com,Datadog,Chief Technology Officer,US,Session scan In,Hall A — Congress Level,Session Scan,iPad-HallA-01,halla.ops@techforwardsummit.com,,,QR Scan,4.12.3,S13_OpenSource,"Open Source, API Ecosystems & Platform Economics",
30-Apr-2026 11:02:00,4xgmpw5d3go8j,Xiao,Wagner,Cybersecurity,xiao.wagner@zscaler.com,Zscaler,Security Sales Engineer,US,Session scan In,Hall A — Congress Level,Session Scan,iPad-HallA-01,halla.ops@techforwardsummit.com,,,QR Scan,4.12.3,S13_OpenSource,"Open Source, API Ecosystems & Platform Economics",
30-Apr-2026 11:02:01,ml12p5wpvi06b,Nicholas,Bose,AI & Data,nicholas.bose@databricks.com,Databricks,Head of Data Science,US,Session scan In,Hall A — Congress Level,Session Scan,iPad-HallA-01,halla.ops@techforwardsummit.com,,,QR Scan,4.12.3,S13_OpenSource,"Open Source, API Ecosystems & Platform Economics",
30-Apr-2026 11:02:11,dji6sow4yif5d,Ren,Becker,IT Consulting & SI,ren.becker@ibm.com,IBM Consulting,Director of Technology,US,Session scan In,Hall A — Congress Level,Session Scan,iPad-HallA-01,halla.ops@techforwardsummit.com,,,QR Scan,4.12.3,S13_OpenSource,"Open Source, API Ecosystems & Platform Economics",
30-Apr-2026 11:02:14,wrpmehrtvce3s,Arthur,Foo,Cloud & Infrastructure,arthur.foo@snowflake.com,Snowflake,Platform Engineer,US,Session scan In,Hall B — Congress Level,Session Scan,iPad-HallB-01,hallb.ops@techforwardsummit.com,,,QR Scan,4.12.3,S14_Quantum,Quantum Computing & Next-Gen Computing: Practical Horizons,
30-Apr-2026 11:02:30,pab05dwjate4v,Dewi,Lopez,AI & Data,dewi.lopez@pinecone.io,Pinecone,Head of Data Science,US,Session scan In,Hall A — Congress Level,Session Scan,iPad-HallA-01,halla.ops@techforwardsummit.com,,,QR Scan,4.12.3,S13_OpenSource,"Open Source, API Ecosystems & Platform Economics",
30-Apr-2026 11:02:40,gsv5e033dzqq5,Margaret,Kato,Enterprise Software,margaret.kato@hubspot.com,HubSpot,VP of Engineering,US,Session scan In,Hall A — Congress Level,Session Scan,iPad-HallA-01,halla.ops@techforwardsummit.com,,,QR Scan,4.12.3,S13_OpenSource,"Open Source, API Ecosystems & Platform Economics",
30-Apr-2026 11:02:41,8p5aiekx6mj53,Andrea,Lai,Hardware & Semiconductors,andrea.lai@marvell.com,Marvell Technology,Senior Chip Design Engineer,US,Session scan In,Hall B — Congress Level,Session Scan,iPad-HallB-01,hallb.ops@techforwardsummit.com,,,QR Scan,4.12.3,S14_Quantum,Quantum Computing & Next-Gen Computing: Practical Horizons,
30-Apr-2026 11:02:46,jf9899ffzadvj,Dorothy,Arora,Enterprise Software,dorothy.arora@zendesk.com,Zendesk,VP of Sales,US,Session scan In,Hall A — Congress Level,Session Scan,iPad-HallA-01,halla.ops@techforwardsummit.com,,,QR Scan,4.12.3,S13_OpenSource,"Open Source, API Ecosystems & Platform Economics",
30-Apr-2026 11:02:54,gmdrdsferfxio,Anita,Chatterjee,Board Member,anita.chatterjee@aws.amazon.com,Amazon Web Services,Board Director,US,Session scan In,Hall B — Congress Level,Session Scan,iPad-HallB-01,hallb.ops@techforwardsummit.com,,,QR Scan,4.12.3,S14_Quantum,Quantum Computing & Next-Gen Computing: Practical Horizons,
30-Apr-2026 11:03:07,x6ta7ypp5zp7r,Dylan,Zhang,IT Consulting & SI,dylan.zhang@wipro.com,Wipro,Technology Consultant,IN,Session scan In,Hall A — Congress Level,Session Scan,iPad-HallA-01,halla.ops@techforwardsummit.com,,,QR Scan,4.12.3,S13_OpenSource,"Open Source, API Ecosystems & Platform Economics",
30-Apr-2026 11:03:09,p0amts7ynxj5y,Nicholas,Mehta,Cloud & Infrastructure,nicholas.mehta@snowflake.com,Snowflake,Developer Advocate,US,Session scan In,Hall B — Congress Level,Session Scan,iPad-HallB-01,hallb.ops@techforwardsummit.com,,,QR Scan,4.12.3,S14_Quantum,Quantum Computing & Next-Gen Computing: Practical Horizons,
30-Apr-2026 11:03:10,15xd82ijkuv2v,Marie,Ma,Cybersecurity,marie.ma@orca.security,Orca Security,SOC Analyst,US,Session scan In,Hall A — Congress Level,Session Scan,iPad-HallA-01,halla.ops@techforwardsummit.com,,,QR Scan,4.12.3,S13_OpenSource,"Open Source, API Ecosystems & Platform Economics",
30-Apr-2026 11:03:10,ygo2ype4cwsjb,Alejandro,Thomas,Enterprise Software,alejandro.thomas@hubspot.com,HubSpot,Engineering Manager,US,Session scan In,Hall B — Congress Level,Session Scan,iPad-HallB-01,hallb.ops@techforwardsummit.com,,,QR Scan,4.12.3,S14_Quantum,Quantum Computing & Next-Gen Computing: Practical Horizons,
30-Apr-2026 11:03:12,66cnoljq52wsp,Hao,Carter,Media/Press,hao.carter@wired.com,Wired,Contributing Writer,US,Session scan In,Hall A — Congress Level,Session Scan,iPad-HallA-01,halla.ops@techforwardsummit.com,,,QR Scan,4.12.3,S13_OpenSource,"Open Source, API Ecosystems & Platform Economics",
30-Apr-2026 11:03:14,gnqgmjmbukdqp,Sara,Khanna,IT Consulting & SI,sara.khanna@ltimindtree.com,LTIMindtree,Managing Consultant,IN,Session scan In,Hall A — Congress Level,Session Scan,iPad-HallA-01,halla.ops@techforwardsummit.com,,,QR Scan,4.12.3,S13_OpenSource,"Open Source, API Ecosystems & Platform Economics",
30-Apr-2026 11:03:28,xfqj3hxj3apnu,Hassan,Rogers,AI & Data,hassan.rogers@wandb.ai,Weights & Biases,Applied Research Scientist,US,Session scan In,Hall A — Congress Level,Session Scan,iPad-HallA-01,halla.ops@techforwardsummit.com,,,QR Scan,4.12.3,S13_OpenSource,"Open Source, API Ecosystems & Platform Economics",
30-Apr-2026 11:03:28,c62g3aut3rsvz,Ethan,Santoso,Cloud & Infrastructure,ethan.santoso@akamai.com,Akamai Technologies,Platform Engineer,US,Session scan In,Hall A — Congress Level,Session Scan,iPad-HallA-01,halla.ops@techforwardsummit.com,,,QR Scan,4.12.3,S13_OpenSource,"Open Source, API Ecosystems & Platform Economics",
30-Apr-2026 11:03:29,1a6xvaj2k8xpn,Neha,Tang,Cloud & Infrastructure,neha.tang@cloudflare.com,Cloudflare,Staff Infrastructure Engineer,US,Session scan In,Hall B — Congress Level,Session Scan,iPad-HallB-01,hallb.ops@techforwardsummit.com,,,QR Scan,4.12.3,S14_Quantum,Quantum Computing & Next-Gen Computing: Practical Horizons,
30-Apr-2026 11:03:29,wnga41izxtnsr,Sung,Mitchell,VC & Private Equity,sung.mitchell@accel.com,Accel,Venture Associate,US,Session scan In,Hall B — Congress Level,Session Scan,iPad-HallB-01,hallb.ops@techforwardsummit.com,,,QR Scan,4.12.3,S14_Quantum,Quantum Computing & Next-Gen Computing: Practical Horizons,
30-Apr-2026 11:03:32,ehwhg0u43qlx3,Jeffrey,White,Dev Tools & Platforms,jeffrey.white@temporal.io,Temporal,Community Manager,US,Session scan In,Hall A — Congress Level,Session Scan,iPad-HallA-01,halla.ops@techforwardsummit.com,,,QR Scan,4.12.3,S13_OpenSource,"Open Source, API Ecosystems & Platform Economics",
30-Apr-2026 11:03:38,9leokqjuwxu2h,Patrick,Reddy,Cybersecurity,patrick.reddy@paloaltonetworks.com,Palo Alto Networks,CISO,US,Session scan In,Hall B — Congress Level,Session Scan,iPad-HallB-01,hallb.ops@techforwardsummit.com,,,QR Scan,4.12.3,S14_Quantum,Quantum Computing & Next-Gen Computing: Practical Horizons,
30-Apr-2026 11:03:40,vfeaackxxqo40,Elizabeth,Le,IT Consulting & SI,elizabeth.le@wipro.com,Wipro,Technology Consultant,IN,Session scan In,Hall A — Congress Level,Session Scan,iPad-HallA-01,halla.ops@techforwardsummit.com,,,QR Scan,4.12.3,S13_OpenSource,"Open Source, API Ecosystems & Platform Economics",
30-Apr-2026 11:03:47,yarnnezteew6m,Divya,Gao,Dev Tools & Platforms,divya.gao@gitlab.com,GitLab,Senior Developer Advocate,US,Session scan In,Hall B — Congress Level,Session Scan,iPad-HallB-01,hallb.ops@techforwardsummit.com,,,QR Scan,4.12.3,S14_Quantum,Quantum Computing & Next-Gen Computing: Practical Horizons,
30-Apr-2026 11:03:54,safyh1fkj4yk1,William,Dey,IT Consulting & SI,william.dey@ltimindtree.com,LTIMindtree,Technology Consultant,IN,Session scan In,Hall A — Congress Level,Session Scan,iPad-HallA-01,halla.ops@techforwardsummit.com,,,QR Scan,4.12.3,S13_OpenSource,"Open Source, API Ecosystems & Platform Economics",
30-Apr-2026 11:03:56,6nyxtxmgtt0ia,Jennifer,Mishra,Enterprise Software,jennifer.mishra@sap.com,SAP,Principal Product Manager,DE,Session scan In,Hall A — Congress Level,Session Scan,iPad-HallA-01,halla.ops@techforwardsummit.com,,,QR Scan,4.12.3,S13_OpenSource,"Open Source, API Ecosystems & Platform Economics",
30-Apr-2026 11:04:16,vf0jqqnvceqfg,Emma,Ferreira,IT Consulting & SI,emma.ferreira@hcltech.com,HCL Technologies,Data & AI Practice Lead,IN,Session scan In,Hall B — Congress Level,Session Scan,iPad-HallB-01,hallb.ops@techforwardsummit.com,,,QR Scan,4.12.3,S14_Quantum,Quantum Computing & Next-Gen Computing: Practical Horizons,
30-Apr-2026 11:04:22,fz8obk3g84utd,Adam,Clarke,Cloud & Infrastructure,adam.clarke@cloud.google.com,Google Cloud,Platform Engineering Lead,US,Session scan In,Hall B — Congress Level,Session Scan,iPad-HallB-01,hallb.ops@techforwardsummit.com,,,QR Scan,4.12.3,S14_Quantum,Quantum Computing & Next-Gen Computing: Practical Horizons,
30-Apr-2026 11:04:35,bin0byqyvbnuz,Ella,Joshi,IT Consulting & SI,ella.joshi@accenture.com,Accenture,Managing Consultant,IE,Session scan In,Hall A — Congress Level,Session Scan,iPad-HallA-01,halla.ops@techforwardsummit.com,,,QR Scan,4.12.3,S13_OpenSource,"Open Source, API Ecosystems & Platform Economics",
30-Apr-2026 11:04:37,ol5rkh87cyamn,Dennis,Zhu,Enterprise Software,dennis.zhu@salesforce.com,Salesforce,Principal Product Manager,US,Session scan In,Hall A — Congress Level,Session Scan,iPad-HallA-01,halla.ops@techforwardsummit.com,,,QR Scan,4.12.3,S13_OpenSource,"Open Source, API Ecosystems & Platform Economics",
30-Apr-2026 11:04:40,xp323c9nu985l,Soo-Jin,Clarke,Dev Tools & Platforms,soojin.clarke@github.com,GitHub,Platform Product Manager,US,Session scan In,Hall B — Congress Level,Session Scan,iPad-HallB-01,hallb.ops@techforwardsummit.com,,,QR Scan,4.12.3,S14_Quantum,Quantum Computing & Next-Gen Computing: Practical Horizons,
30-Apr-2026 11:04:45,mlh13c71ud2zd,Sunita,Fischer,Cloud & Infrastructure,sunita.fischer@aws.amazon.com,Amazon Web Services,Staff Infrastructure Engineer,US,Session scan In,Hall B — Congress Level,Session Scan,iPad-HallB-01,hallb.ops@techforwardsummit.com,,,QR Scan,4.12.3,S14_Quantum,Quantum Computing & Next-Gen Computing: Practical Horizons,
30-Apr-2026 11:04:49,wekqdvnab87fr,Anna,Chaudhary,Cloud & Infrastructure,anna.chaudhary@aws.amazon.com,Amazon Web Services,Head of Developer Relations,US,Session scan In,Hall B — Congress Level,Session Scan,iPad-HallB-01,hallb.ops@techforwardsummit.com,,,QR Scan,4.12.3,S14_Quantum,Quantum Computing & Next-Gen Computing: Practical Horizons,
30-Apr-2026 11:04:51,t3t9lp2e2asoe,Siti,Nguyen,Enterprise Software,siti.nguyen@box.com,Box,Solutions Architect,US,Session scan In,Hall A — Congress Level,Session Scan,iPad-HallA-01,halla.ops@techforwardsummit.com,,,QR Scan,4.12.3,S13_OpenSource,"Open Source, API Ecosystems & Platform Economics",
30-Apr-2026 11:05:04,hlozesjncrbvx,Vikram,Hansen,IT Consulting & SI,vikram.hansen@mckinsey.com,McKinsey Digital,Cloud Migration Specialist,US,Session scan In,Hall A — Congress Level,Session Scan,iPad-HallA-01,halla.ops@techforwardsummit.com,,,QR Scan,4.12.3,S13_OpenSource,"Open Source, API Ecosystems & Platform Economics",
30-Apr-2026 11:05:18,lgqe6xb1z337c,Wei,Bhatt,AI & Data,wei.bhatt@h2o.ai,H2O.ai,AI/ML Platform Lead,US,Session scan In,Hall B — Congress Level,Session Scan,iPad-HallB-01,hallb.ops@techforwardsummit.com,,,QR Scan,4.12.3,S14_Quantum,Quantum Computing & Next-Gen Computing: Practical Horizons,
30-Apr-2026 11:05:26,ihsa7hez74lav,Richard,Torres,Enterprise Software,richard.torres@oracle.com,Oracle,Solutions Architect,US,Session scan In,Hall A — Congress Level,Session Scan,iPad-HallA-01,halla.ops@techforwardsummit.com,,,QR Scan,4.12.3,S13_OpenSource,"Open Source, API Ecosystems & Platform Economics",
30-Apr-2026 11:05:31,0gnh8s2gt30gc,Stephanie,Koh,Hardware & Semiconductors,stephanie.koh@amd.com,AMD,Senior Chip Design Engineer,US,Session scan In,Hall B — Congress Level,Session Scan,iPad-HallB-01,hallb.ops@techforwardsummit.com,,,QR Scan,4.12.3,S14_Quantum,Quantum Computing & Next-Gen Computing: Practical Horizons,
30-Apr-2026 11:05:32,1kjtgq01tee13,Pranav,Ito,Cybersecurity,pranav.ito@paloaltonetworks.com,Palo Alto Networks,Head of Information Security,US,Session scan In,Hall A — Congress Level,Session Scan,iPad-HallA-01,halla.ops@techforwardsummit.com,,,QR Scan,4.12.3,S13_OpenSource,"Open Source, API Ecosystems & Platform Economics",
30-Apr-2026 11:05:46,hqzbc5f9e0kll,Rebecca,Petit,VC & Private Equity,rebecca.petit@softbank.com,SoftBank Vision Fund,Venture Associate,JP,Session scan In,Hall B — Congress Level,Session Scan,iPad-HallB-01,hallb.ops@techforwardsummit.com,,,QR Scan,4.12.3,S14_Quantum,Quantum Computing & Next-Gen Computing: Practical Horizons,
30-Apr-2026 11:05:54,zm242om7ztrj6,Luca,Rodriguez,IT Consulting & SI,luca.rodriguez@ey.com,EY Technology,Senior Technology Consultant,GB,Session scan In,Hall A — Congress Level,Session Scan,iPad-HallA-01,halla.ops@techforwardsummit.com,,,QR Scan,4.12.3,S13_OpenSource,"Open Source, API Ecosystems & Platform Economics",
30-Apr-2026 11:06:00,vxhqg4qlv724h,Raj,Wang,Cloud & Infrastructure,raj.wang@mongodb.com,MongoDB,Principal Solutions Architect,US,Session scan In,Hall A — Congress Level,Session Scan,iPad-HallA-01,halla.ops@techforwardsummit.com,,,QR Scan,4.12.3,S13_OpenSource,"Open Source, API Ecosystems & Platform Economics",
30-Apr-2026 11:06:02,n18bypknxmfh5,Charles,Baker,VC & Private Equity,charles.baker@a16z.com,Andreessen Horowitz,Partner,US,Session scan In,Hall A — Congress Level,Session Scan,iPad-HallA-01,halla.ops@techforwardsummit.com,,,QR Scan,4.12.3,S13_OpenSource,"Open Source, API Ecosystems & Platform Economics",
30-Apr-2026 11:06:13,ru7myow8dt8cq,Dylan,Joshi,AI & Data,dylan.joshi@huggingface.co,Hugging Face,Research Scientist,US,Session scan In,Hall A — Congress Level,Session Scan,iPad-HallA-01,halla.ops@techforwardsummit.com,,,QR Scan,4.12.3,S13_OpenSource,"Open Source, API Ecosystems & Platform Economics",
30-Apr-2026 11:06:16,dtce9sb5mbzgj,Miguel,Ho,Cybersecurity,miguel.ho@snyk.io,Snyk,Senior Security Engineer,GB,Session scan In,Hall B — Congress Level,Session Scan,iPad-HallB-01,hallb.ops@techforwardsummit.com,,,QR Scan,4.12.3,S14_Quantum,Quantum Computing & Next-Gen Computing: Practical Horizons,
30-Apr-2026 11:06:23,66pb90spo3zdr,Amy,Choi,AI & Data,amy.choi@cohere.com,Cohere,Principal ML Engineer,CA,Session scan In,Hall A — Congress Level,Session Scan,iPad-HallA-01,halla.ops@techforwardsummit.com,,,QR Scan,4.12.3,S13_OpenSource,"Open Source, API Ecosystems & Platform Economics",
30-Apr-2026 11:06:32,2hyvezrad8ejp,Rahul,Park,Cybersecurity,rahul.park@tenable.com,Tenable,Threat Intelligence Analyst,US,Session scan In,Hall A — Congress Level,Session Scan,iPad-HallA-01,halla.ops@techforwardsummit.com,,,QR Scan,4.12.3,S13_OpenSource,"Open Source, API Ecosystems & Platform Economics",
30-Apr-2026 11:06:36,m7h6oq7qh96yc,Angela,Smith,IT Consulting & SI,angela.smith@accenture.com,Accenture,Managing Consultant,IE,Session scan In,Hall B — Congress Level,Session Scan,iPad-HallB-01,hallb.ops@techforwardsummit.com,,,QR Scan,4.12.3,S14_Quantum,Quantum Computing & Next-Gen Computing: Practical Horizons,
30-Apr-2026 11:06:45,objlzy1uu9yms,Ana,Toh,Media/Press,ana.toh@protocol.com,Protocol,"Editor, Technology",US,Session scan In,Hall A — Congress Level,Session Scan,iPad-HallA-01,halla.ops@techforwardsummit.com,,,QR Scan,4.12.3,S13_OpenSource,"Open Source, API Ecosystems & Platform Economics",
30-Apr-2026 11:06:51,pt11f9i6uu13i,Richard,Rahman,IT Consulting & SI,richard.rahman@cognizant.com,Cognizant,Senior Technology Consultant,US,Session scan In,Hall A — Congress Level,Session Scan,iPad-HallA-01,halla.ops@techforwardsummit.com,,,QR Scan,4.12.3,S13_OpenSource,"Open Source, API Ecosystems & Platform Economics",
30-Apr-2026 11:06:51,f6z61dhihpsmt,Anita,Weber,Cybersecurity,anita.weber@snyk.io,Snyk,SOC Analyst,GB,Session scan In,Hall B — Congress Level,Session Scan,iPad-HallB-01,hallb.ops@techforwardsummit.com,,,QR Scan,4.12.3,S14_Quantum,Quantum Computing & Next-Gen Computing: Practical Horizons,
30-Apr-2026 11:06:51,740c98uzzy00e,Franz,Cook,Enterprise Software,franz.cook@oracle.com,Oracle,Engineering Manager,US,Session scan In,Hall B — Congress Level,Session Scan,iPad-HallB-01,hallb.ops@techforwardsummit.com,,,QR Scan,4.12.3,S14_Quantum,Quantum Computing & Next-Gen Computing: Practical Horizons,
30-Apr-2026 11:07:06,jtbpgt9967st8,Kavita,Larsen,VC & Private Equity,kavita.larsen@insightpartners.com,Insight Partners,Investment Director,US,Session scan In,Hall A — Congress Level,Session Scan,iPad-HallA-01,halla.ops@techforwardsummit.com,,,QR Scan,4.12.3,S13_OpenSource,"Open Source, API Ecosystems & Platform Economics",
30-Apr-2026 11:07:26,hqzbc5f9e0kll,Rebecca,Petit,VC & Private Equity,rebecca.petit@softbank.com,SoftBank Vision Fund,Venture Associate,JP,Session scan In,Hall A — Congress Level,Session Scan,iPad-HallA-01,halla.ops@techforwardsummit.com,,,QR Scan,4.12.3,S13_OpenSource,"Open Source, API Ecosystems & Platform Economics",
30-Apr-2026 11:07:35,5v32bh1a4ogn3,Arun,Bianchi,Enterprise Software,arun.bianchi@sprinklr.com,Sprinklr,VP of Sales,US,Session scan In,Hall B — Congress Level,Session Scan,iPad-HallB-01,hallb.ops@techforwardsummit.com,,,QR Scan,4.12.3,S14_Quantum,Quantum Computing & Next-Gen Computing: Practical Horizons,
30-Apr-2026 11:07:37,o8w81ayuam75p,Hana,Goh,Cybersecurity,hana.goh@okta.com,Okta,SOC Analyst,US,Session scan In,Hall A — Congress Level,Session Scan,iPad-HallA-01,halla.ops@techforwardsummit.com,,,QR Scan,4.12.3,S13_OpenSource,"Open Source, API Ecosystems & Platform Economics",
30-Apr-2026 11:07:50,neftz53c5dwum,Adam,Jones,IT Consulting & SI,adam.jones@cognizant.com,Cognizant,VP of Digital Transformation,US,Session scan In,Hall A — Congress Level,Session Scan,iPad-HallA-01,halla.ops@techforwardsummit.com,,,QR Scan,4.12.3,S13_OpenSource,"Open Source, API Ecosystems & Platform Economics",
30-Apr-2026 11:07:50,c0bogwhupof0h,Gregory,Singh,Speaker,gregory.singh@cmu.edu,Carnegie Mellon University,Distinguished Engineer,US,Session scan In,Hall A — Congress Level,Session Scan,iPad-HallA-01,halla.ops@techforwardsummit.com,,,QR Scan,4.12.3,S13_OpenSource,"Open Source, API Ecosystems & Platform Economics",
30-Apr-2026 11:07:53,8jov58toe3pgi,Cynthia,Hidayat,IT Consulting & SI,cynthia.hidayat@deloitte.com,Deloitte Technology,Cloud Migration Specialist,US,Session scan In,Hall A — Congress Level,Session Scan,iPad-HallA-01,halla.ops@techforwardsummit.com,,,QR Scan,4.12.3,S13_OpenSource,"Open Source, API Ecosystems & Platform Economics",
30-Apr-2026 11:07:54,eoubxxq6mf5qa,Jason,Dey,Cloud & Infrastructure,jason.dey@aws.amazon.com,Amazon Web Services,Developer Advocate,US,Session scan In,Hall A — Congress Level,Session Scan,iPad-HallA-01,halla.ops@techforwardsummit.com,,,QR Scan,4.12.3,S13_OpenSource,"Open Source, API Ecosystems & Platform Economics",
30-Apr-2026 11:08:00,i1ncv10x6wm1x,Haruto,Fischer,Cybersecurity,haruto.fischer@okta.com,Okta,Senior Security Engineer,US,Session scan In,Hall B — Congress Level,Session Scan,iPad-HallB-01,hallb.ops@techforwardsummit.com,,,QR Scan,4.12.3,S14_Quantum,Quantum Computing & Next-Gen Computing: Practical Horizons,
30-Apr-2026 11:08:25,31nyc7h81jmbp,Ji-Won,Evans,AI & Data,jiwon.evans@datarobot.com,DataRobot,Senior Data Scientist,US,Session scan In,Hall A — Congress Level,Session Scan,iPad-HallA-01,halla.ops@techforwardsummit.com,,,QR Scan,4.12.3,S13_OpenSource,"Open Source, API Ecosystems & Platform Economics",
30-Apr-2026 11:08:32,4i1agzgxvxc6s,Margaret,Sato,Hardware & Semiconductors,margaret.sato@mediatek.com,MediaTek,Chief Technology Officer,TW,Session scan In,Hall A — Congress Level,Session Scan,iPad-HallA-01,halla.ops@techforwardsummit.com,,,QR Scan,4.12.3,S13_OpenSource,"Open Source, API Ecosystems & Platform Economics",
30-Apr-2026 11:08:42,uuxk0arec2jwj,Philip,Brown,Media/Press,philip.brown@technologyreview.com,MIT Technology Review,Contributing Writer,US,Session scan In,Hall A — Congress Level,Session Scan,iPad-HallA-01,halla.ops@techforwardsummit.com,,,QR Scan,4.12.3,S13_OpenSource,"Open Source, API Ecosystems & Platform Economics",
30-Apr-2026 11:09:06,6h95d9y8y0awr,Stephanie,Chua,Cloud & Infrastructure,stephanie.chua@elastic.co,Elastic,Staff Infrastructure Engineer,NL,Session scan In,Hall A — Congress Level,Session Scan,iPad-HallA-01,halla.ops@techforwardsummit.com,,,QR Scan,4.12.3,S13_OpenSource,"Open Source, API Ecosystems & Platform Economics",
30-Apr-2026 11:09:17,25q30zx815g5f,Adam,Ma,Hardware & Semiconductors,adam.ma@intel.com,Intel,AI Hardware Architect,US,Session scan In,Hall A — Congress Level,Session Scan,iPad-HallA-01,halla.ops@techforwardsummit.com,,,QR Scan,4.12.3,S13_OpenSource,"Open Source, API Ecosystems & Platform Economics",
30-Apr-2026 11:09:34,ko31nzsxpefj3,Rania,Le,Enterprise Software,rania.le@microsoft.com,Microsoft,Customer Success Manager,US,Session scan In,Hall B — Congress Level,Session Scan,iPad-HallB-01,hallb.ops@techforwardsummit.com,,,QR Scan,4.12.3,S14_Quantum,Quantum Computing & Next-Gen Computing: Practical Horizons,
30-Apr-2026 11:10:04,dw7v1qsa11ptk,Richard,Wang,Dev Tools & Platforms,richard.wang@twilio.com,Twilio,Chief Revenue Officer,US,Session scan In,Hall A — Congress Level,Session Scan,iPad-HallA-01,halla.ops@techforwardsummit.com,,,QR Scan,4.12.3,S13_OpenSource,"Open Source, API Ecosystems & Platform Economics",
30-Apr-2026 11:10:15,4ebc94e6nkar1,Cynthia,Gao,IT Consulting & SI,cynthia.gao@capgemini.com,Capgemini,Technology Consultant,FR,Session scan In,Hall B — Congress Level,Session Scan,iPad-HallB-01,hallb.ops@techforwardsummit.com,,,QR Scan,4.12.3,S14_Quantum,Quantum Computing & Next-Gen Computing: Practical Horizons,
30-Apr-2026 11:10:58,yf0dwwn6mbypj,Christopher,Pereira,IT Consulting & SI,christopher.pereira@accenture.com,Accenture,"Solution Architect, Digital",IE,Session scan In,Hall A — Congress Level,Session Scan,iPad-HallA-01,halla.ops@techforwardsummit.com,,,QR Scan,4.12.3,S13_OpenSource,"Open Source, API Ecosystems & Platform Economics",
30-Apr-2026 11:11:27,czf2tdcitegb1,Patricia,Howard,VC & Private Equity,patricia.howard@a16z.com,Andreessen Horowitz,General Partner,US,Session scan In,Hall A — Congress Level,Session Scan,iPad-HallA-01,halla.ops@techforwardsummit.com,,,QR Scan,4.12.3,S13_OpenSource,"Open Source, API Ecosystems & Platform Economics",
30-Apr-2026 11:13:10,jfm03tdv0iqf1,Jacob,Ito,IT Consulting & SI,jacob.ito@deloitte.com,Deloitte Technology,Managing Consultant,US,Session scan In,Hall B — Congress Level,Session Scan,iPad-HallB-01,hallb.ops@techforwardsummit.com,,,QR Scan,4.12.3,S14_Quantum,Quantum Computing & Next-Gen Computing: Practical Horizons,
30-Apr-2026 11:14:21,4udtlvr7mgatn,Laura,Wright,Dev Tools & Platforms,laura.wright@pagerduty.com,PagerDuty,Head of Developer Relations,US,Session scan In,Hall A — Congress Level,Session Scan,iPad-HallA-01,halla.ops@techforwardsummit.com,,,QR Scan,4.12.3,S13_OpenSource,"Open Source, API Ecosystems & Platform Economics",
30-Apr-2026 11:14:41,nk1qbcdqcsenj,Pierre,Zeng,AI & Data,pierre.zeng@datarobot.com,DataRobot,Research Scientist,US,Session scan In,Hall A — Congress Level,Session Scan,iPad-HallA-01,halla.ops@techforwardsummit.com,,,QR Scan,4.12.3,S13_OpenSource,"Open Source, API Ecosystems & Platform Economics",
30-Apr-2026 11:14:57,f6z61dhihpsmt,Anita,Weber,Cybersecurity,anita.weber@snyk.io,Snyk,SOC Analyst,GB,Session scan In,Hall A — Congress Level,Session Scan,iPad-HallA-01,halla.ops@techforwardsummit.com,,,QR Scan,4.12.3,S13_OpenSource,"Open Source, API Ecosystems & Platform Economics",
30-Apr-2026 11:15:17,n02yc0mdicvwv,Liam,Bhatt,Cybersecurity,liam.bhatt@crowdstrike.com,CrowdStrike,Senior Security Engineer,US,Session scan In,Hall B — Congress Level,Session Scan,iPad-HallB-01,hallb.ops@techforwardsummit.com,,,QR Scan,4.12.3,S14_Quantum,Quantum Computing & Next-Gen Computing: Practical Horizons,
30-Apr-2026 11:15:27,10m1v395zdhz6,Divya,Edwards,Dev Tools & Platforms,divya.edwards@postman.com,Postman,Staff Software Engineer,US,Session scan In,Hall A — Congress Level,Session Scan,iPad-HallA-01,halla.ops@techforwardsummit.com,,,QR Scan,4.12.3,S13_OpenSource,"Open Source, API Ecosystems & Platform Economics",
30-Apr-2026 11:17:42,i3l0q4ejhxptu,Steven,Pham,VIP,steven.pham@sap.com,SAP,Chief Executive Officer,DE,Session scan In,Hall A — Congress Level,Session Scan,iPad-HallA-01,halla.ops@techforwardsummit.com,,,QR Scan,4.12.3,S13_OpenSource,"Open Source, API Ecosystems & Platform Economics",
30-Apr-2026 11:17:48,4i1agzgxvxc6s,Margaret,Sato,Hardware & Semiconductors,margaret.sato@mediatek.com,MediaTek,Chief Technology Officer,TW,Session scan In,Hall B — Congress Level,Session Scan,iPad-HallB-01,hallb.ops@techforwardsummit.com,,,QR Scan,4.12.3,S14_Quantum,Quantum Computing & Next-Gen Computing: Practical Horizons,
30-Apr-2026 11:19:28,zxskoytk06akt,Michelle,Hoffmann,Cybersecurity,michelle.hoffmann@okta.com,Okta,CISO,US,Session scan In,Hall A — Congress Level,Session Scan,iPad-HallA-01,halla.ops@techforwardsummit.com,,,QR Scan,4.12.3,S13_OpenSource,"Open Source, API Ecosystems & Platform Economics",
30-Apr-2026 11:21:01,dvo342p0kqd8u,Ming,Joshi,Enterprise Software,ming.joshi@zendesk.com,Zendesk,Staff Software Engineer,US,Session scan In,Hall B — Congress Level,Session Scan,iPad-HallB-01,hallb.ops@techforwardsummit.com,,,QR Scan,4.12.3,S14_Quantum,Quantum Computing & Next-Gen Computing: Practical Horizons,
30-Apr-2026 11:25:12,1d7xyljd2v57b,Swati,Ho,Cloud & Infrastructure,swati.ho@snowflake.com,Snowflake,Staff Infrastructure Engineer,US,Session scan In,Hall B — Congress Level,Session Scan,iPad-HallB-01,hallb.ops@techforwardsummit.com,,,QR Scan,4.12.3,S14_Quantum,Quantum Computing & Next-Gen Computing: Practical Horizons,
30-Apr-2026 11:25:17,eci9rtj6u5a2x,Lucas,Nkosi,Hardware & Semiconductors,lucas.nkosi@mediatek.com,MediaTek,Director of Engineering,TW,Session scan In,Hall A — Congress Level,Session Scan,iPad-HallA-01,halla.ops@techforwardsummit.com,,,QR Scan,4.12.3,S13_OpenSource,"Open Source, API Ecosystems & Platform Economics",
30-Apr-2026 11:56:38,jfm03tdv0iqf1,Jacob,Ito,IT Consulting & SI,jacob.ito@deloitte.com,Deloitte Technology,Managing Consultant,US,Session scan Out,Hall A — Congress Level,Session Scan,iPad-HallA-01,halla.ops@techforwardsummit.com,,,QR Scan,4.12.3,S13_OpenSource,"Open Source, API Ecosystems & Platform Economics",
30-Apr-2026 11:56:47,4udtlvr7mgatn,Laura,Wright,Dev Tools & Platforms,laura.wright@pagerduty.com,PagerDuty,Head of Developer Relations,US,Session scan Out,Hall A — Congress Level,Session Scan,iPad-HallA-01,halla.ops@techforwardsummit.com,,,QR Scan,4.12.3,S13_OpenSource,"Open Source, API Ecosystems & Platform Economics",
30-Apr-2026 11:58:45,sh0ahpo00zcmh,Angela,Ito,AI & Data,angela.ito@pinecone.io,Pinecone,ML Solutions Architect,US,Session scan Out,Hall B — Congress Level,Session Scan,iPad-HallB-01,hallb.ops@techforwardsummit.com,,,QR Scan,4.12.3,S14_Quantum,Quantum Computing & Next-Gen Computing: Practical Horizons,
30-Apr-2026 12:00:04,6h95d9y8y0awr,Stephanie,Chua,Cloud & Infrastructure,stephanie.chua@elastic.co,Elastic,Staff Infrastructure Engineer,NL,Session scan Out,Hall A — Congress Level,Session Scan,iPad-HallA-01,halla.ops@techforwardsummit.com,,,QR Scan,4.12.3,S13_OpenSource,"Open Source, API Ecosystems & Platform Economics",
30-Apr-2026 12:00:19,ko31nzsxpefj3,Rania,Le,Enterprise Software,rania.le@microsoft.com,Microsoft,Customer Success Manager,US,Session scan Out,Hall B — Congress Level,Session Scan,iPad-HallB-01,hallb.ops@techforwardsummit.com,,,QR Scan,4.12.3,S14_Quantum,Quantum Computing & Next-Gen Computing: Practical Horizons,
30-Apr-2026 12:00:25,10m1v395zdhz6,Divya,Edwards,Dev Tools & Platforms,divya.edwards@postman.com,Postman,Staff Software Engineer,US,Session scan Out,Hall A — Congress Level,Session Scan,iPad-HallA-01,halla.ops@techforwardsummit.com,,,QR Scan,4.12.3,S13_OpenSource,"Open Source, API Ecosystems & Platform Economics",
30-Apr-2026 12:03:26,neftz53c5dwum,Adam,Jones,IT Consulting & SI,adam.jones@cognizant.com,Cognizant,VP of Digital Transformation,US,Session scan Out,Hall A — Congress Level,Session Scan,iPad-HallA-01,halla.ops@techforwardsummit.com,,,QR Scan,4.12.3,S13_OpenSource,"Open Source, API Ecosystems & Platform Economics",
30-Apr-2026 12:03:30,p0amts7ynxj5y,Nicholas,Mehta,Cloud & Infrastructure,nicholas.mehta@snowflake.com,Snowflake,Developer Advocate,US,Session scan Out,Hall B — Congress Level,Session Scan,iPad-HallB-01,hallb.ops@techforwardsummit.com,,,QR Scan,4.12.3,S14_Quantum,Quantum Computing & Next-Gen Computing: Practical Horizons,
30-Apr-2026 12:03:36,czf2tdcitegb1,Patricia,Howard,VC & Private Equity,patricia.howard@a16z.com,Andreessen Horowitz,General Partner,US,Session scan Out,Hall A — Congress Level,Session Scan,iPad-HallA-01,halla.ops@techforwardsummit.com,,,QR Scan,4.12.3,S13_OpenSource,"Open Source, API Ecosystems & Platform Economics",
30-Apr-2026 12:04:48,ru7myow8dt8cq,Dylan,Joshi,AI & Data,dylan.joshi@huggingface.co,Hugging Face,Research Scientist,US,Session scan Out,Hall A — Congress Level,Session Scan,iPad-HallA-01,halla.ops@techforwardsummit.com,,,QR Scan,4.12.3,S13_OpenSource,"Open Source, API Ecosystems & Platform Economics",
30-Apr-2026 12:05:14,wrpmehrtvce3s,Arthur,Foo,Cloud & Infrastructure,arthur.foo@snowflake.com,Snowflake,Platform Engineer,US,Session scan Out,Hall B — Congress Level,Session Scan,iPad-HallB-01,hallb.ops@techforwardsummit.com,,,QR Scan,4.12.3,S14_Quantum,Quantum Computing & Next-Gen Computing: Practical Horizons,
30-Apr-2026 12:05:17,31nyc7h81jmbp,Ji-Won,Evans,AI & Data,jiwon.evans@datarobot.com,DataRobot,Senior Data Scientist,US,Session scan Out,Hall A — Congress Level,Session Scan,iPad-HallA-01,halla.ops@techforwardsummit.com,,,QR Scan,4.12.3,S13_OpenSource,"Open Source, API Ecosystems & Platform Economics",
30-Apr-2026 12:08:21,n02yc0mdicvwv,Liam,Bhatt,Cybersecurity,liam.bhatt@crowdstrike.com,CrowdStrike,Senior Security Engineer,US,Session scan Out,Hall B — Congress Level,Session Scan,iPad-HallB-01,hallb.ops@techforwardsummit.com,,,QR Scan,4.12.3,S14_Quantum,Quantum Computing & Next-Gen Computing: Practical Horizons,
30-Apr-2026 12:09:12,x6ta7ypp5zp7r,Dylan,Zhang,IT Consulting & SI,dylan.zhang@wipro.com,Wipro,Technology Consultant,IN,Session scan Out,Hall A — Congress Level,Session Scan,iPad-HallA-01,halla.ops@techforwardsummit.com,,,QR Scan,4.12.3,S13_OpenSource,"Open Source, API Ecosystems & Platform Economics",
30-Apr-2026 12:09:33,bin0byqyvbnuz,Ella,Joshi,IT Consulting & SI,ella.joshi@accenture.com,Accenture,Managing Consultant,IE,Session scan Out,Hall A — Congress Level,Session Scan,iPad-HallA-01,halla.ops@techforwardsummit.com,,,QR Scan,4.12.3,S13_OpenSource,"Open Source, API Ecosystems & Platform Economics",
30-Apr-2026 12:10:24,i3l0q4ejhxptu,Steven,Pham,VIP,steven.pham@sap.com,SAP,Chief Executive Officer,DE,Session scan Out,Hall A — Congress Level,Session Scan,iPad-HallA-01,halla.ops@techforwardsummit.com,,,QR Scan,4.12.3,S13_OpenSource,"Open Source, API Ecosystems & Platform Economics",
30-Apr-2026 12:10:46,vf0jqqnvceqfg,Emma,Ferreira,IT Consulting & SI,emma.ferreira@hcltech.com,HCL Technologies,Data & AI Practice Lead,IN,Session scan Out,Hall B — Congress Level,Session Scan,iPad-HallB-01,hallb.ops@techforwardsummit.com,,,QR Scan,4.12.3,S14_Quantum,Quantum Computing & Next-Gen Computing: Practical Horizons,
30-Apr-2026 12:11:47,dvo342p0kqd8u,Ming,Joshi,Enterprise Software,ming.joshi@zendesk.com,Zendesk,Staff Software Engineer,US,Session scan Out,Hall B — Congress Level,Session Scan,iPad-HallB-01,hallb.ops@techforwardsummit.com,,,QR Scan,4.12.3,S14_Quantum,Quantum Computing & Next-Gen Computing: Practical Horizons,
30-Apr-2026 12:12:58,5v32bh1a4ogn3,Arun,Bianchi,Enterprise Software,arun.bianchi@sprinklr.com,Sprinklr,VP of Sales,US,Session scan Out,Hall B — Congress Level,Session Scan,iPad-HallB-01,hallb.ops@techforwardsummit.com,,,QR Scan,4.12.3,S14_Quantum,Quantum Computing & Next-Gen Computing: Practical Horizons,
30-Apr-2026 12:13:51,25q30zx815g5f,Adam,Ma,Hardware & Semiconductors,adam.ma@intel.com,Intel,AI Hardware Architect,US,Session scan Out,Hall A — Congress Level,Session Scan,iPad-HallA-01,halla.ops@techforwardsummit.com,,,QR Scan,4.12.3,S13_OpenSource,"Open Source, API Ecosystems & Platform Economics",
30-Apr-2026 12:17:43,2hyvezrad8ejp,Rahul,Park,Cybersecurity,rahul.park@tenable.com,Tenable,Threat Intelligence Analyst,US,Session scan Out,Hall A — Congress Level,Session Scan,iPad-HallA-01,halla.ops@techforwardsummit.com,,,QR Scan,4.12.3,S13_OpenSource,"Open Source, API Ecosystems & Platform Economics",
30-Apr-2026 12:19:26,yf0dwwn6mbypj,Christopher,Pereira,IT Consulting & SI,christopher.pereira@accenture.com,Accenture,"Solution Architect, Digital",IE,Session scan Out,Hall A — Congress Level,Session Scan,iPad-HallA-01,halla.ops@techforwardsummit.com,,,QR Scan,4.12.3,S13_OpenSource,"Open Source, API Ecosystems & Platform Economics",
30-Apr-2026 12:19:58,i1ncv10x6wm1x,Haruto,Fischer,Cybersecurity,haruto.fischer@okta.com,Okta,Senior Security Engineer,US,Session scan Out,Hall B — Congress Level,Session Scan,iPad-HallB-01,hallb.ops@techforwardsummit.com,,,QR Scan,4.12.3,S14_Quantum,Quantum Computing & Next-Gen Computing: Practical Horizons,
01-May-2026 08:43:54,eew0oz2wcvft9,Lin,Lin,Hardware & Semiconductors,lin.lin@intel.com,Intel,Director of Engineering,US,Check-In,"Main Entrance, Level 1",Check History,iPad-Registration-01,registration@techforwardsummit.com,,,QR Scan,4.12.3,EntranceD4,Day 4 Registration & Entry,
01-May-2026 08:43:54,eew0oz2wcvft9,Lin,Lin,Hardware & Semiconductors,lin.lin@intel.com,Intel,Director of Engineering,US,Print,"Main Entrance, Level 1",Check History,iPad-Registration-01,registration@techforwardsummit.com,,,QR Scan,4.12.3,EntranceD4,Day 4 Registration & Entry,
01-May-2026 08:44:46,auxbgk2wbxanj,Camila,Hidayat,Cloud & Infrastructure,camila.hidayat@mongodb.com,MongoDB,Staff Infrastructure Engineer,US,Check-In,"Main Entrance, Level 1",Check History,iPad-Registration-01,registration@techforwardsummit.com,,,QR Scan,4.12.3,EntranceD4,Day 4 Registration & Entry,
01-May-2026 08:44:46,auxbgk2wbxanj,Camila,Hidayat,Cloud & Infrastructure,camila.hidayat@mongodb.com,MongoDB,Staff Infrastructure Engineer,US,Print,"Main Entrance, Level 1",Check History,iPad-Registration-01,registration@techforwardsummit.com,,,QR Scan,4.12.3,EntranceD4,Day 4 Registration & Entry,
01-May-2026 08:46:26,9vt3x8ve00h2k,Ethan,Wang,AI & Data,ethan.wang@nvidia.com,NVIDIA,AI/ML Platform Lead,US,Check-In,"Main Entrance, Level 1",Check History,iPad-Registration-01,registration@techforwardsummit.com,,,QR Scan,4.12.3,EntranceD4,Day 4 Registration & Entry,
01-May-2026 08:46:26,9vt3x8ve00h2k,Ethan,Wang,AI & Data,ethan.wang@nvidia.com,NVIDIA,AI/ML Platform Lead,US,Print,"Main Entrance, Level 1",Check History,iPad-Registration-01,registration@techforwardsummit.com,,,QR Scan,4.12.3,EntranceD4,Day 4 Registration & Entry,
01-May-2026 08:46:32,698s4c3baewcf,Cynthia,Evans,IT Consulting & SI,cynthia.evans@publicissapient.com,Publicis Sapient,"Solution Architect, Digital",FR,Check-In,"Main Entrance, Level 1",Check History,iPad-Registration-01,registration@techforwardsummit.com,,,QR Scan,4.12.3,EntranceD4,Day 4 Registration & Entry,
01-May-2026 08:46:32,698s4c3baewcf,Cynthia,Evans,IT Consulting & SI,cynthia.evans@publicissapient.com,Publicis Sapient,"Solution Architect, Digital",FR,Print,"Main Entrance, Level 1",Check History,iPad-Registration-01,registration@techforwardsummit.com,,,QR Scan,4.12.3,EntranceD4,Day 4 Registration & Entry,
01-May-2026 08:47:05,47lzn9uhjpkhf,Kofi,Yamamoto,IT Consulting & SI,kofi.yamamoto@deloitte.com,Deloitte Technology,Technology Consultant,US,Check-In,"Main Entrance, Level 1",Check History,iPad-Registration-01,registration@techforwardsummit.com,,,QR Scan,4.12.3,EntranceD4,Day 4 Registration & Entry,
01-May-2026 08:47:05,47lzn9uhjpkhf,Kofi,Yamamoto,IT Consulting & SI,kofi.yamamoto@deloitte.com,Deloitte Technology,Technology Consultant,US,Print,"Main Entrance, Level 1",Check History,iPad-Registration-01,registration@techforwardsummit.com,,,QR Scan,4.12.3,EntranceD4,Day 4 Registration & Entry,
01-May-2026 08:50:46,yi0pla6d2kg1t,Camila,Singh,Enterprise Software,camila.singh@atlassian.com,Atlassian,Senior Solutions Engineer,AU,Check-In,"Main Entrance, Level 1",Check History,iPad-Registration-01,registration@techforwardsummit.com,,,QR Scan,4.12.3,EntranceD4,Day 4 Registration & Entry,
01-May-2026 08:50:46,yi0pla6d2kg1t,Camila,Singh,Enterprise Software,camila.singh@atlassian.com,Atlassian,Senior Solutions Engineer,AU,Print,"Main Entrance, Level 1",Check History,iPad-Registration-01,registration@techforwardsummit.com,,,QR Scan,4.12.3,EntranceD4,Day 4 Registration & Entry,
01-May-2026 08:51:02,5v32bh1a4ogn3,Arun,Bianchi,Enterprise Software,arun.bianchi@sprinklr.com,Sprinklr,VP of Sales,US,Check-In,"Main Entrance, Level 1",Check History,iPad-Registration-01,registration@techforwardsummit.com,,,QR Scan,4.12.3,EntranceD4,Day 4 Registration & Entry,
01-May-2026 08:51:02,5v32bh1a4ogn3,Arun,Bianchi,Enterprise Software,arun.bianchi@sprinklr.com,Sprinklr,VP of Sales,US,Print,"Main Entrance, Level 1",Check History,iPad-Registration-01,registration@techforwardsummit.com,,,QR Scan,4.12.3,EntranceD4,Day 4 Registration & Entry,
01-May-2026 08:51:30,fqt49qpeq6yf8,Sofia,Asante,Enterprise Software,sofia.asante@zendesk.com,Zendesk,"Account Executive, Enterprise",US,Check-In,"Main Entrance, Level 1",Check History,iPad-Registration-01,registration@techforwardsummit.com,,,QR Scan,4.12.3,EntranceD4,Day 4 Registration & Entry,
01-May-2026 08:51:30,fqt49qpeq6yf8,Sofia,Asante,Enterprise Software,sofia.asante@zendesk.com,Zendesk,"Account Executive, Enterprise",US,Print,"Main Entrance, Level 1",Check History,iPad-Registration-01,registration@techforwardsummit.com,,,QR Scan,4.12.3,EntranceD4,Day 4 Registration & Entry,
01-May-2026 08:52:14,ui31physvkuev,Kwame,Brown,Cybersecurity,kwame.brown@fortinet.com,Fortinet,Security Consultant,US,Check-In,"Main Entrance, Level 1",Check History,iPad-Registration-01,registration@techforwardsummit.com,,,QR Scan,4.12.3,EntranceD4,Day 4 Registration & Entry,
01-May-2026 08:52:14,ui31physvkuev,Kwame,Brown,Cybersecurity,kwame.brown@fortinet.com,Fortinet,Security Consultant,US,Print,"Main Entrance, Level 1",Check History,iPad-Registration-01,registration@techforwardsummit.com,,,QR Scan,4.12.3,EntranceD4,Day 4 Registration & Entry,
01-May-2026 08:52:45,jotv7h10b8vk9,Liang,Thomas,Cloud & Infrastructure,liang.thomas@cloud.google.com,Google Cloud,VP of Engineering,US,Check-In,"Main Entrance, Level 1",Check History,iPad-Registration-01,registration@techforwardsummit.com,,,QR Scan,4.12.3,EntranceD4,Day 4 Registration & Entry,
01-May-2026 08:52:45,jotv7h10b8vk9,Liang,Thomas,Cloud & Infrastructure,liang.thomas@cloud.google.com,Google Cloud,VP of Engineering,US,Print,"Main Entrance, Level 1",Check History,iPad-Registration-01,registration@techforwardsummit.com,,,QR Scan,4.12.3,EntranceD4,Day 4 Registration & Entry,
01-May-2026 08:59:28,x7u4gbgcn3k3w,Gregory,Gray,VC & Private Equity,gregory.gray@insightpartners.com,Insight Partners,Investment Director,US,Check-In,"Main Entrance, Level 1",Check History,iPad-Registration-01,registration@techforwardsummit.com,,,QR Scan,4.12.3,EntranceD4,Day 4 Registration & Entry,
01-May-2026 08:59:28,x7u4gbgcn3k3w,Gregory,Gray,VC & Private Equity,gregory.gray@insightpartners.com,Insight Partners,Investment Director,US,Print,"Main Entrance, Level 1",Check History,iPad-Registration-01,registration@techforwardsummit.com,,,QR Scan,4.12.3,EntranceD4,Day 4 Registration & Entry,
01-May-2026 09:00:08,b68rervt997e4,Seo-Yeon,Zhu,Staff,seoyeon.zhu@fielddrive.com,FieldDrive Events,Conference Coordinator,BE,Check-In,"Main Entrance, Level 1",Check History,iPad-Registration-01,registration@techforwardsummit.com,,,QR Scan,4.12.3,EntranceD4,Day 4 Registration & Entry,
01-May-2026 09:00:08,b68rervt997e4,Seo-Yeon,Zhu,Staff,seoyeon.zhu@fielddrive.com,FieldDrive Events,Conference Coordinator,BE,Print,"Main Entrance, Level 1",Check History,iPad-Registration-01,registration@techforwardsummit.com,,,QR Scan,4.12.3,EntranceD4,Day 4 Registration & Entry,
01-May-2026 09:04:21,fu7e4dnkseknk,Lisa,Le,Enterprise Software,lisa.le@sprinklr.com,Sprinklr,Senior Product Manager,US,Check-In,"Main Entrance, Level 1",Check History,iPad-Registration-01,registration@techforwardsummit.com,,,QR Scan,4.12.3,EntranceD4,Day 4 Registration & Entry,
01-May-2026 09:04:21,fu7e4dnkseknk,Lisa,Le,Enterprise Software,lisa.le@sprinklr.com,Sprinklr,Senior Product Manager,US,Print,"Main Entrance, Level 1",Check History,iPad-Registration-01,registration@techforwardsummit.com,,,QR Scan,4.12.3,EntranceD4,Day 4 Registration & Entry,
01-May-2026 09:04:41,kd4qjd7b52xov,Carmen,Jeong,IT Consulting & SI,carmen.jeong@hcltech.com,HCL Technologies,Agile Delivery Lead,IN,Check-In,"Main Entrance, Level 1",Check History,iPad-Registration-01,registration@techforwardsummit.com,,,QR Scan,4.12.3,EntranceD4,Day 4 Registration & Entry,
01-May-2026 09:04:41,kd4qjd7b52xov,Carmen,Jeong,IT Consulting & SI,carmen.jeong@hcltech.com,HCL Technologies,Agile Delivery Lead,IN,Print,"Main Entrance, Level 1",Check History,iPad-Registration-01,registration@techforwardsummit.com,,,QR Scan,4.12.3,EntranceD4,Day 4 Registration & Entry,
01-May-2026 09:05:24,yxw1tbrwr965r,Yusuf,Wilson,Dev Tools & Platforms,yusuf.wilson@konghq.com,Kong,Head of Developer Relations,US,Check-In,"Main Entrance, Level 1",Check History,iPad-Registration-01,registration@techforwardsummit.com,,,QR Scan,4.12.3,EntranceD4,Day 4 Registration & Entry,
01-May-2026 09:05:24,yxw1tbrwr965r,Yusuf,Wilson,Dev Tools & Platforms,yusuf.wilson@konghq.com,Kong,Head of Developer Relations,US,Print,"Main Entrance, Level 1",Check History,iPad-Registration-01,registration@techforwardsummit.com,,,QR Scan,4.12.3,EntranceD4,Day 4 Registration & Entry,
01-May-2026 09:05:35,t3t9lp2e2asoe,Siti,Nguyen,Enterprise Software,siti.nguyen@box.com,Box,Solutions Architect,US,Check-In,"Main Entrance, Level 1",Check History,iPad-Registration-01,registration@techforwardsummit.com,,,QR Scan,4.12.3,EntranceD4,Day 4 Registration & Entry,
01-May-2026 09:05:35,t3t9lp2e2asoe,Siti,Nguyen,Enterprise Software,siti.nguyen@box.com,Box,Solutions Architect,US,Print,"Main Entrance, Level 1",Check History,iPad-Registration-01,registration@techforwardsummit.com,,,QR Scan,4.12.3,EntranceD4,Day 4 Registration & Entry,
01-May-2026 09:07:15,dxyasvdazv46e,Sota,Peterson,IT Consulting & SI,sota.peterson@bcg.com,BCG X,Managing Consultant,US,Check-In,"Main Entrance, Level 1",Check History,iPad-Registration-01,registration@techforwardsummit.com,,,QR Scan,4.12.3,EntranceD4,Day 4 Registration & Entry,
01-May-2026 09:07:15,dxyasvdazv46e,Sota,Peterson,IT Consulting & SI,sota.peterson@bcg.com,BCG X,Managing Consultant,US,Print,"Main Entrance, Level 1",Check History,iPad-Registration-01,registration@techforwardsummit.com,,,QR Scan,4.12.3,EntranceD4,Day 4 Registration & Entry,
01-May-2026 09:08:35,f6z61dhihpsmt,Anita,Weber,Cybersecurity,anita.weber@snyk.io,Snyk,SOC Analyst,GB,Check-In,"Main Entrance, Level 1",Check History,iPad-Registration-01,registration@techforwardsummit.com,,,QR Scan,4.12.3,EntranceD4,Day 4 Registration & Entry,
01-May-2026 09:08:35,f6z61dhihpsmt,Anita,Weber,Cybersecurity,anita.weber@snyk.io,Snyk,SOC Analyst,GB,Print,"Main Entrance, Level 1",Check History,iPad-Registration-01,registration@techforwardsummit.com,,,QR Scan,4.12.3,EntranceD4,Day 4 Registration & Entry,
01-May-2026 09:09:49,kqxlm5q201lhl,Maria,Cho,Hardware & Semiconductors,maria.cho@qualcomm.com,Qualcomm,System Architecture Engineer,US,Check-In,"Main Entrance, Level 1",Check History,iPad-Registration-01,registration@techforwardsummit.com,,,QR Scan,4.12.3,EntranceD4,Day 4 Registration & Entry,
01-May-2026 09:09:49,kqxlm5q201lhl,Maria,Cho,Hardware & Semiconductors,maria.cho@qualcomm.com,Qualcomm,System Architecture Engineer,US,Print,"Main Entrance, Level 1",Check History,iPad-Registration-01,registration@techforwardsummit.com,,,QR Scan,4.12.3,EntranceD4,Day 4 Registration & Entry,
01-May-2026 09:10:22,25q30zx815g5f,Adam,Ma,Hardware & Semiconductors,adam.ma@intel.com,Intel,AI Hardware Architect,US,Check-In,"Main Entrance, Level 1",Check History,iPad-Registration-01,registration@techforwardsummit.com,,,QR Scan,4.12.3,EntranceD4,Day 4 Registration & Entry,
01-May-2026 09:10:22,25q30zx815g5f,Adam,Ma,Hardware & Semiconductors,adam.ma@intel.com,Intel,AI Hardware Architect,US,Print,"Main Entrance, Level 1",Check History,iPad-Registration-01,registration@techforwardsummit.com,,,QR Scan,4.12.3,EntranceD4,Day 4 Registration & Entry,
01-May-2026 09:10:29,ai6aynpe6swyu,Ella,Schmidt,Dev Tools & Platforms,ella.schmidt@postman.com,Postman,Staff Software Engineer,US,Check-In,"Main Entrance, Level 1",Check History,iPad-Registration-01,registration@techforwardsummit.com,,,QR Scan,4.12.3,EntranceD4,Day 4 Registration & Entry,
01-May-2026 09:10:29,ai6aynpe6swyu,Ella,Schmidt,Dev Tools & Platforms,ella.schmidt@postman.com,Postman,Staff Software Engineer,US,Print,"Main Entrance, Level 1",Check History,iPad-Registration-01,registration@techforwardsummit.com,,,QR Scan,4.12.3,EntranceD4,Day 4 Registration & Entry,
01-May-2026 09:10:36,9211u645vdb82,Mateus,Ricci,Enterprise Software,mateus.ricci@sap.com,SAP,Solutions Architect,DE,Check-In,"Main Entrance, Level 1",Check History,iPad-Registration-01,registration@techforwardsummit.com,,,QR Scan,4.12.3,EntranceD4,Day 4 Registration & Entry,
01-May-2026 09:10:36,9211u645vdb82,Mateus,Ricci,Enterprise Software,mateus.ricci@sap.com,SAP,Solutions Architect,DE,Print,"Main Entrance, Level 1",Check History,iPad-Registration-01,registration@techforwardsummit.com,,,QR Scan,4.12.3,EntranceD4,Day 4 Registration & Entry,
01-May-2026 09:11:21,ttqufcjvny1kc,Dewi,Thomas,Enterprise Software,dewi.thomas@salesforce.com,Salesforce,Customer Success Manager,US,Check-In,"Main Entrance, Level 1",Check History,iPad-Registration-01,registration@techforwardsummit.com,,,QR Scan,4.12.3,EntranceD4,Day 4 Registration & Entry,
01-May-2026 09:11:21,ttqufcjvny1kc,Dewi,Thomas,Enterprise Software,dewi.thomas@salesforce.com,Salesforce,Customer Success Manager,US,Print,"Main Entrance, Level 1",Check History,iPad-Registration-01,registration@techforwardsummit.com,,,QR Scan,4.12.3,EntranceD4,Day 4 Registration & Entry,
01-May-2026 09:11:53,lkw1xsrqkrst3,Min-Ji,Kato,IT Consulting & SI,minji.kato@ibm.com,IBM Consulting,Associate Director,US,Check-In,"Main Entrance, Level 1",Check History,iPad-Registration-01,registration@techforwardsummit.com,,,QR Scan,4.12.3,EntranceD4,Day 4 Registration & Entry,
01-May-2026 09:11:53,lkw1xsrqkrst3,Min-Ji,Kato,IT Consulting & SI,minji.kato@ibm.com,IBM Consulting,Associate Director,US,Print,"Main Entrance, Level 1",Check History,iPad-Registration-01,registration@techforwardsummit.com,,,QR Scan,4.12.3,EntranceD4,Day 4 Registration & Entry,
01-May-2026 09:12:11,1uzq6rf8lw7y8,Sarah,Cox,IT Consulting & SI,sarah.cox@pwc.com,PwC Advisory,Technology Consultant,GB,Check-In,"Main Entrance, Level 1",Check History,iPad-Registration-01,registration@techforwardsummit.com,,,QR Scan,4.12.3,EntranceD4,Day 4 Registration & Entry,
01-May-2026 09:12:11,1uzq6rf8lw7y8,Sarah,Cox,IT Consulting & SI,sarah.cox@pwc.com,PwC Advisory,Technology Consultant,GB,Print,"Main Entrance, Level 1",Check History,iPad-Registration-01,registration@techforwardsummit.com,,,QR Scan,4.12.3,EntranceD4,Day 4 Registration & Entry,
01-May-2026 09:12:18,ru7myow8dt8cq,Dylan,Joshi,AI & Data,dylan.joshi@huggingface.co,Hugging Face,Research Scientist,US,Check-In,"Main Entrance, Level 1",Check History,iPad-Registration-01,registration@techforwardsummit.com,,,QR Scan,4.12.3,EntranceD4,Day 4 Registration & Entry,
01-May-2026 09:12:18,ru7myow8dt8cq,Dylan,Joshi,AI & Data,dylan.joshi@huggingface.co,Hugging Face,Research Scientist,US,Print,"Main Entrance, Level 1",Check History,iPad-Registration-01,registration@techforwardsummit.com,,,QR Scan,4.12.3,EntranceD4,Day 4 Registration & Entry,
01-May-2026 09:12:57,tpsilqbcaig5k,Dennis,Mitchell,Media/Press,dennis.mitchell@theverge.com,The Verge,"Editor, Technology",US,Check-In,"Main Entrance, Level 1",Check History,iPad-Registration-01,registration@techforwardsummit.com,,,QR Scan,4.12.3,EntranceD4,Day 4 Registration & Entry,
01-May-2026 09:12:57,tpsilqbcaig5k,Dennis,Mitchell,Media/Press,dennis.mitchell@theverge.com,The Verge,"Editor, Technology",US,Print,"Main Entrance, Level 1",Check History,iPad-Registration-01,registration@techforwardsummit.com,,,QR Scan,4.12.3,EntranceD4,Day 4 Registration & Entry,
01-May-2026 09:13:20,2i9owp7nl6dmj,Arjun,Nielsen,Enterprise Software,arjun.nielsen@atlassian.com,Atlassian,"Account Executive, Enterprise",AU,Check-In,"Main Entrance, Level 1",Check History,iPad-Registration-01,registration@techforwardsummit.com,,,QR Scan,4.12.3,EntranceD4,Day 4 Registration & Entry,
01-May-2026 09:13:20,2i9owp7nl6dmj,Arjun,Nielsen,Enterprise Software,arjun.nielsen@atlassian.com,Atlassian,"Account Executive, Enterprise",AU,Print,"Main Entrance, Level 1",Check History,iPad-Registration-01,registration@techforwardsummit.com,,,QR Scan,4.12.3,EntranceD4,Day 4 Registration & Entry,
01-May-2026 09:13:38,4fpuh7znjzhob,Deborah,White,Enterprise Software,deborah.white@servicenow.com,ServiceNow,Solutions Architect,US,Check-In,"Main Entrance, Level 1",Check History,iPad-Registration-01,registration@techforwardsummit.com,,,QR Scan,4.12.3,EntranceD4,Day 4 Registration & Entry,
01-May-2026 09:13:38,4fpuh7znjzhob,Deborah,White,Enterprise Software,deborah.white@servicenow.com,ServiceNow,Solutions Architect,US,Print,"Main Entrance, Level 1",Check History,iPad-Registration-01,registration@techforwardsummit.com,,,QR Scan,4.12.3,EntranceD4,Day 4 Registration & Entry,
01-May-2026 09:14:29,zemdmz5rgoi9w,Rohit,Song,Hardware & Semiconductors,rohit.song@arm.com,Arm Holdings,System Architecture Engineer,GB,Check-In,"Main Entrance, Level 1",Check History,iPad-Registration-01,registration@techforwardsummit.com,,,QR Scan,4.12.3,EntranceD4,Day 4 Registration & Entry,
01-May-2026 09:14:29,zemdmz5rgoi9w,Rohit,Song,Hardware & Semiconductors,rohit.song@arm.com,Arm Holdings,System Architecture Engineer,GB,Print,"Main Entrance, Level 1",Check History,iPad-Registration-01,registration@techforwardsummit.com,,,QR Scan,4.12.3,EntranceD4,Day 4 Registration & Entry,
01-May-2026 09:14:33,0iuduahgk6t9d,Peter,Evans,Staff,peter.evans@fielddrive.com,FieldDrive Events,Registration & Badging Lead,BE,Check-In,"Main Entrance, Level 1",Check History,iPad-Registration-01,registration@techforwardsummit.com,,,QR Scan,4.12.3,EntranceD4,Day 4 Registration & Entry,
01-May-2026 09:14:33,0iuduahgk6t9d,Peter,Evans,Staff,peter.evans@fielddrive.com,FieldDrive Events,Registration & Badging Lead,BE,Print,"Main Entrance, Level 1",Check History,iPad-Registration-01,registration@techforwardsummit.com,,,QR Scan,4.12.3,EntranceD4,Day 4 Registration & Entry,
01-May-2026 09:15:05,3ezemqt788g35,Sota,Stewart,Cloud & Infrastructure,sota.stewart@confluent.io,Confluent,Platform Engineer,US,Check-In,"Main Entrance, Level 1",Check History,iPad-Registration-01,registration@techforwardsummit.com,,,QR Scan,4.12.3,EntranceD4,Day 4 Registration & Entry,
01-May-2026 09:15:05,3ezemqt788g35,Sota,Stewart,Cloud & Infrastructure,sota.stewart@confluent.io,Confluent,Platform Engineer,US,Print,"Main Entrance, Level 1",Check History,iPad-Registration-01,registration@techforwardsummit.com,,,QR Scan,4.12.3,EntranceD4,Day 4 Registration & Entry,
01-May-2026 09:15:35,2vqymhp9nymso,Sakura,Harris,IT Consulting & SI,sakura.harris@tcs.com,TCS,Cloud Migration Specialist,IN,Check-In,"Main Entrance, Level 1",Check History,iPad-Registration-01,registration@techforwardsummit.com,,,QR Scan,4.12.3,EntranceD4,Day 4 Registration & Entry,
01-May-2026 09:15:35,2vqymhp9nymso,Sakura,Harris,IT Consulting & SI,sakura.harris@tcs.com,TCS,Cloud Migration Specialist,IN,Print,"Main Entrance, Level 1",Check History,iPad-Registration-01,registration@techforwardsummit.com,,,QR Scan,4.12.3,EntranceD4,Day 4 Registration & Entry,
01-May-2026 09:15:40,2sw24wjt8hdpw,Dewi,Mitchell,IT Consulting & SI,dewi.mitchell@capgemini.com,Capgemini,Director of Technology,FR,Check-In,"Main Entrance, Level 1",Check History,iPad-Registration-01,registration@techforwardsummit.com,,,QR Scan,4.12.3,EntranceD4,Day 4 Registration & Entry,
01-May-2026 09:15:40,2sw24wjt8hdpw,Dewi,Mitchell,IT Consulting & SI,dewi.mitchell@capgemini.com,Capgemini,Director of Technology,FR,Print,"Main Entrance, Level 1",Check History,iPad-Registration-01,registration@techforwardsummit.com,,,QR Scan,4.12.3,EntranceD4,Day 4 Registration & Entry,
01-May-2026 09:15:50,vm96n7kbnkfvd,Peter,Hansen,Cloud & Infrastructure,peter.hansen@confluent.io,Confluent,Cloud Architect,US,Check-In,"Main Entrance, Level 1",Check History,iPad-Registration-01,registration@techforwardsummit.com,,,QR Scan,4.12.3,EntranceD4,Day 4 Registration & Entry,
01-May-2026 09:15:50,vm96n7kbnkfvd,Peter,Hansen,Cloud & Infrastructure,peter.hansen@confluent.io,Confluent,Cloud Architect,US,Print,"Main Entrance, Level 1",Check History,iPad-Registration-01,registration@techforwardsummit.com,,,QR Scan,4.12.3,EntranceD4,Day 4 Registration & Entry,
01-May-2026 09:17:06,od7rb1s9dwd7o,George,Ward,Cybersecurity,george.ward@zscaler.com,Zscaler,Security Sales Engineer,US,Check-In,"Main Entrance, Level 1",Check History,iPad-Registration-01,registration@techforwardsummit.com,,,QR Scan,4.12.3,EntranceD4,Day 4 Registration & Entry,
01-May-2026 09:17:06,od7rb1s9dwd7o,George,Ward,Cybersecurity,george.ward@zscaler.com,Zscaler,Security Sales Engineer,US,Print,"Main Entrance, Level 1",Check History,iPad-Registration-01,registration@techforwardsummit.com,,,QR Scan,4.12.3,EntranceD4,Day 4 Registration & Entry,
01-May-2026 09:18:09,f3yn72bhon4wb,Robert,Trivedi,Enterprise Software,robert.trivedi@intuit.com,Intuit,Chief Technology Officer,US,Check-In,"Main Entrance, Level 1",Check History,iPad-Registration-01,registration@techforwardsummit.com,,,QR Scan,4.12.3,EntranceD4,Day 4 Registration & Entry,
01-May-2026 09:18:09,f3yn72bhon4wb,Robert,Trivedi,Enterprise Software,robert.trivedi@intuit.com,Intuit,Chief Technology Officer,US,Print,"Main Entrance, Level 1",Check History,iPad-Registration-01,registration@techforwardsummit.com,,,QR Scan,4.12.3,EntranceD4,Day 4 Registration & Entry,
01-May-2026 09:19:24,nqvnopcfloig8,William,Adams,Enterprise Software,william.adams@sap.com,SAP,"Account Executive, Enterprise",DE,Check-In,"Main Entrance, Level 1",Check History,iPad-Registration-01,registration@techforwardsummit.com,,,QR Scan,4.12.3,EntranceD4,Day 4 Registration & Entry,
01-May-2026 09:19:24,nqvnopcfloig8,William,Adams,Enterprise Software,william.adams@sap.com,SAP,"Account Executive, Enterprise",DE,Print,"Main Entrance, Level 1",Check History,iPad-Registration-01,registration@techforwardsummit.com,,,QR Scan,4.12.3,EntranceD4,Day 4 Registration & Entry,
01-May-2026 09:19:54,0ibzbw8p3ifzx,Hana,Liu,AI & Data,hana.liu@cohere.com,Cohere,AI/ML Platform Lead,CA,Check-In,"Main Entrance, Level 1",Check History,iPad-Registration-01,registration@techforwardsummit.com,,,QR Scan,4.12.3,EntranceD4,Day 4 Registration & Entry,
01-May-2026 09:19:54,0ibzbw8p3ifzx,Hana,Liu,AI & Data,hana.liu@cohere.com,Cohere,AI/ML Platform Lead,CA,Print,"Main Entrance, Level 1",Check History,iPad-Registration-01,registration@techforwardsummit.com,,,QR Scan,4.12.3,EntranceD4,Day 4 Registration & Entry,
01-May-2026 09:20:16,nwrn57lws1yq6,Sung,Cox,Enterprise Software,sung.cox@microsoft.com,Microsoft,Staff Software Engineer,US,Check-In,"Main Entrance, Level 1",Check History,iPad-Registration-01,registration@techforwardsummit.com,,,QR Scan,4.12.3,EntranceD4,Day 4 Registration & Entry,
01-May-2026 09:20:16,nwrn57lws1yq6,Sung,Cox,Enterprise Software,sung.cox@microsoft.com,Microsoft,Staff Software Engineer,US,Print,"Main Entrance, Level 1",Check History,iPad-Registration-01,registration@techforwardsummit.com,,,QR Scan,4.12.3,EntranceD4,Day 4 Registration & Entry,
01-May-2026 09:22:01,kcggxp5cituf8,Mark,King,IT Consulting & SI,mark.king@thoughtworks.com,Thoughtworks,Technology Consultant,US,Check-In,"Main Entrance, Level 1",Check History,iPad-Registration-01,registration@techforwardsummit.com,,,QR Scan,4.12.3,EntranceD4,Day 4 Registration & Entry,
01-May-2026 09:22:01,kcggxp5cituf8,Mark,King,IT Consulting & SI,mark.king@thoughtworks.com,Thoughtworks,Technology Consultant,US,Print,"Main Entrance, Level 1",Check History,iPad-Registration-01,registration@techforwardsummit.com,,,QR Scan,4.12.3,EntranceD4,Day 4 Registration & Entry,
01-May-2026 09:22:02,vaiegd572i2f8,Ren,Perez,Enterprise Software,ren.perez@atlassian.com,Atlassian,Solutions Architect,AU,Check-In,"Main Entrance, Level 1",Check History,iPad-Registration-01,registration@techforwardsummit.com,,,QR Scan,4.12.3,EntranceD4,Day 4 Registration & Entry,
01-May-2026 09:22:02,vaiegd572i2f8,Ren,Perez,Enterprise Software,ren.perez@atlassian.com,Atlassian,Solutions Architect,AU,Print,"Main Entrance, Level 1",Check History,iPad-Registration-01,registration@techforwardsummit.com,,,QR Scan,4.12.3,EntranceD4,Day 4 Registration & Entry,
01-May-2026 09:22:11,uk94iw54w487k,Jing,Lefebvre,AI & Data,jing.lefebvre@databricks.com,Databricks,Senior Data Scientist,US,Check-In,"Main Entrance, Level 1",Check History,iPad-Registration-01,registration@techforwardsummit.com,,,QR Scan,4.12.3,EntranceD4,Day 4 Registration & Entry,
01-May-2026 09:22:11,uk94iw54w487k,Jing,Lefebvre,AI & Data,jing.lefebvre@databricks.com,Databricks,Senior Data Scientist,US,Print,"Main Entrance, Level 1",Check History,iPad-Registration-01,registration@techforwardsummit.com,,,QR Scan,4.12.3,EntranceD4,Day 4 Registration & Entry,
01-May-2026 09:22:12,gsv5e033dzqq5,Margaret,Kato,Enterprise Software,margaret.kato@hubspot.com,HubSpot,VP of Engineering,US,Check-In,"Main Entrance, Level 1",Check History,iPad-Registration-01,registration@techforwardsummit.com,,,QR Scan,4.12.3,EntranceD4,Day 4 Registration & Entry,
01-May-2026 09:22:12,gsv5e033dzqq5,Margaret,Kato,Enterprise Software,margaret.kato@hubspot.com,HubSpot,VP of Engineering,US,Print,"Main Entrance, Level 1",Check History,iPad-Registration-01,registration@techforwardsummit.com,,,QR Scan,4.12.3,EntranceD4,Day 4 Registration & Entry,
01-May-2026 09:22:56,syjafco3s65qu,Yasmin,Lee,Media/Press,yasmin.lee@protocol.com,Protocol,Tech Reporter,US,Check-In,"Main Entrance, Level 1",Check History,iPad-Registration-01,registration@techforwardsummit.com,,,QR Scan,4.12.3,EntranceD4,Day 4 Registration & Entry,
01-May-2026 09:22:56,syjafco3s65qu,Yasmin,Lee,Media/Press,yasmin.lee@protocol.com,Protocol,Tech Reporter,US,Print,"Main Entrance, Level 1",Check History,iPad-Registration-01,registration@techforwardsummit.com,,,QR Scan,4.12.3,EntranceD4,Day 4 Registration & Entry,
01-May-2026 09:23:05,z80nd3y9qb0e7,Daniel,Colombo,Enterprise Software,daniel.colombo@sap.com,SAP,Engineering Manager,DE,Check-In,"Main Entrance, Level 1",Check History,iPad-Registration-01,registration@techforwardsummit.com,,,QR Scan,4.12.3,EntranceD4,Day 4 Registration & Entry,
01-May-2026 09:23:05,z80nd3y9qb0e7,Daniel,Colombo,Enterprise Software,daniel.colombo@sap.com,SAP,Engineering Manager,DE,Print,"Main Entrance, Level 1",Check History,iPad-Registration-01,registration@techforwardsummit.com,,,QR Scan,4.12.3,EntranceD4,Day 4 Registration & Entry,
01-May-2026 09:25:39,xi8e55325camb,Nicholas,Sim,Hardware & Semiconductors,nicholas.sim@groq.com,Groq,Senior Chip Design Engineer,US,Check-In,"Main Entrance, Level 1",Check History,iPad-Registration-01,registration@techforwardsummit.com,,,QR Scan,4.12.3,EntranceD4,Day 4 Registration & Entry,
01-May-2026 09:25:39,xi8e55325camb,Nicholas,Sim,Hardware & Semiconductors,nicholas.sim@groq.com,Groq,Senior Chip Design Engineer,US,Print,"Main Entrance, Level 1",Check History,iPad-Registration-01,registration@techforwardsummit.com,,,QR Scan,4.12.3,EntranceD4,Day 4 Registration & Entry,
01-May-2026 09:26:50,6rf7bnhjw6qdb,Soo-Jin,Parker,Enterprise Software,soojin.parker@servicenow.com,ServiceNow,Customer Success Manager,US,Check-In,"Main Entrance, Level 1",Check History,iPad-Registration-01,registration@techforwardsummit.com,,,QR Scan,4.12.3,EntranceD4,Day 4 Registration & Entry,
01-May-2026 09:26:50,6rf7bnhjw6qdb,Soo-Jin,Parker,Enterprise Software,soojin.parker@servicenow.com,ServiceNow,Customer Success Manager,US,Print,"Main Entrance, Level 1",Check History,iPad-Registration-01,registration@techforwardsummit.com,,,QR Scan,4.12.3,EntranceD4,Day 4 Registration & Entry,
01-May-2026 09:28:49,31nyc7h81jmbp,Ji-Won,Evans,AI & Data,jiwon.evans@datarobot.com,DataRobot,Senior Data Scientist,US,Check-In,"Main Entrance, Level 1",Check History,iPad-Registration-01,registration@techforwardsummit.com,,,QR Scan,4.12.3,EntranceD4,Day 4 Registration & Entry,
01-May-2026 09:28:49,31nyc7h81jmbp,Ji-Won,Evans,AI & Data,jiwon.evans@datarobot.com,DataRobot,Senior Data Scientist,US,Print,"Main Entrance, Level 1",Check History,iPad-Registration-01,registration@techforwardsummit.com,,,QR Scan,4.12.3,EntranceD4,Day 4 Registration & Entry,
01-May-2026 09:29:51,ylhgo1kp2gvpg,Ryan,Bianchi,Dev Tools & Platforms,ryan.bianchi@stripe.com,Stripe,Head of Developer Relations,US,Check-In,"Main Entrance, Level 1",Check History,iPad-Registration-01,registration@techforwardsummit.com,,,QR Scan,4.12.3,EntranceD4,Day 4 Registration & Entry,
01-May-2026 09:29:51,ylhgo1kp2gvpg,Ryan,Bianchi,Dev Tools & Platforms,ryan.bianchi@stripe.com,Stripe,Head of Developer Relations,US,Print,"Main Entrance, Level 1",Check History,iPad-Registration-01,registration@techforwardsummit.com,,,QR Scan,4.12.3,EntranceD4,Day 4 Registration & Entry,
01-May-2026 09:33:45,hnnk8fwrpk0zf,Priya,Santos,IT Consulting & SI,priya.santos@nttdata.com,NTT Data,Director of Technology,JP,Check-In,"Main Entrance, Level 1",Check History,iPad-Registration-01,registration@techforwardsummit.com,,,QR Scan,4.12.3,EntranceD4,Day 4 Registration & Entry,
01-May-2026 09:33:45,hnnk8fwrpk0zf,Priya,Santos,IT Consulting & SI,priya.santos@nttdata.com,NTT Data,Director of Technology,JP,Print,"Main Entrance, Level 1",Check History,iPad-Registration-01,registration@techforwardsummit.com,,,QR Scan,4.12.3,EntranceD4,Day 4 Registration & Entry,
01-May-2026 09:33:59,mqx5ggomf9pml,Meera,Mokoena,AI & Data,meera.mokoena@cohere.com,Cohere,Head of Data Science,CA,Check-In,"Main Entrance, Level 1",Check History,iPad-Registration-01,registration@techforwardsummit.com,,,QR Scan,4.12.3,EntranceD4,Day 4 Registration & Entry,
01-May-2026 09:33:59,mqx5ggomf9pml,Meera,Mokoena,AI & Data,meera.mokoena@cohere.com,Cohere,Head of Data Science,CA,Print,"Main Entrance, Level 1",Check History,iPad-Registration-01,registration@techforwardsummit.com,,,QR Scan,4.12.3,EntranceD4,Day 4 Registration & Entry,
01-May-2026 09:36:33,u9rn8qtty5y2j,Naomi,Stewart,Enterprise Software,naomi.stewart@microsoft.com,Microsoft,Chief Technology Officer,US,Check-In,"Main Entrance, Level 1",Check History,iPad-Registration-01,registration@techforwardsummit.com,,,QR Scan,4.12.3,EntranceD4,Day 4 Registration & Entry,
01-May-2026 09:36:33,u9rn8qtty5y2j,Naomi,Stewart,Enterprise Software,naomi.stewart@microsoft.com,Microsoft,Chief Technology Officer,US,Print,"Main Entrance, Level 1",Check History,iPad-Registration-01,registration@techforwardsummit.com,,,QR Scan,4.12.3,EntranceD4,Day 4 Registration & Entry,
01-May-2026 09:38:30,os7dpi1g6bx0n,Astrid,Ricci,VC & Private Equity,astrid.ricci@bvp.com,Bessemer Venture Partners,Partner,US,Check-In,"Main Entrance, Level 1",Check History,iPad-Registration-01,registration@techforwardsummit.com,,,QR Scan,4.12.3,EntranceD4,Day 4 Registration & Entry,
01-May-2026 09:38:30,os7dpi1g6bx0n,Astrid,Ricci,VC & Private Equity,astrid.ricci@bvp.com,Bessemer Venture Partners,Partner,US,Print,"Main Entrance, Level 1",Check History,iPad-Registration-01,registration@techforwardsummit.com,,,QR Scan,4.12.3,EntranceD4,Day 4 Registration & Entry,
01-May-2026 09:43:45,kawzfsi3b79p7,Anthony,Seah,IT Consulting & SI,anthony.seah@deloitte.com,Deloitte Technology,Technology Consultant,US,Check-In,"Main Entrance, Level 1",Check History,iPad-Registration-01,registration@techforwardsummit.com,,,QR Scan,4.12.3,EntranceD4,Day 4 Registration & Entry,
01-May-2026 09:43:45,kawzfsi3b79p7,Anthony,Seah,IT Consulting & SI,anthony.seah@deloitte.com,Deloitte Technology,Technology Consultant,US,Print,"Main Entrance, Level 1",Check History,iPad-Registration-01,registration@techforwardsummit.com,,,QR Scan,4.12.3,EntranceD4,Day 4 Registration & Entry,
01-May-2026 09:47:23,dcff3tr7wb42p,Kwame,Tanaka,Enterprise Software,kwame.tanaka@box.com,Box,Solutions Architect,US,Check-In,"Main Entrance, Level 1",Check History,iPad-Registration-01,registration@techforwardsummit.com,,,QR Scan,4.12.3,EntranceD4,Day 4 Registration & Entry,
01-May-2026 09:47:23,dcff3tr7wb42p,Kwame,Tanaka,Enterprise Software,kwame.tanaka@box.com,Box,Solutions Architect,US,Print,"Main Entrance, Level 1",Check History,iPad-Registration-01,registration@techforwardsummit.com,,,QR Scan,4.12.3,EntranceD4,Day 4 Registration & Entry,
01-May-2026 11:30:40,wrpmehrtvce3s,Arthur,Foo,Cloud & Infrastructure,arthur.foo@snowflake.com,Snowflake,Platform Engineer,US,Session scan In,Main Auditorium,Session Scan,iPad-Auditorium-01,auditorium.ops@techforwardsummit.com,,,QR Scan,4.12.3,S12_ClosingKeynote,Closing Keynote: Tech's Responsibility & The Road to 2030,
01-May-2026 11:30:47,kawzfsi3b79p7,Anthony,Seah,IT Consulting & SI,anthony.seah@deloitte.com,Deloitte Technology,Technology Consultant,US,Session scan In,Main Auditorium,Session Scan,iPad-Auditorium-01,auditorium.ops@techforwardsummit.com,,,QR Scan,4.12.3,S12_ClosingKeynote,Closing Keynote: Tech's Responsibility & The Road to 2030,
01-May-2026 11:30:48,nqvnopcfloig8,William,Adams,Enterprise Software,william.adams@sap.com,SAP,"Account Executive, Enterprise",DE,Session scan In,Main Auditorium,Session Scan,iPad-Auditorium-01,auditorium.ops@techforwardsummit.com,,,QR Scan,4.12.3,S12_ClosingKeynote,Closing Keynote: Tech's Responsibility & The Road to 2030,
01-May-2026 11:31:02,47lzn9uhjpkhf,Kofi,Yamamoto,IT Consulting & SI,kofi.yamamoto@deloitte.com,Deloitte Technology,Technology Consultant,US,Session scan In,Main Auditorium,Session Scan,iPad-Auditorium-01,auditorium.ops@techforwardsummit.com,,,QR Scan,4.12.3,S12_ClosingKeynote,Closing Keynote: Tech's Responsibility & The Road to 2030,
01-May-2026 11:31:03,iodewyb40t3d7,Greta,Le,Staff,greta.le@fielddrive.com,FieldDrive Events,Event Operations Manager,BE,Session scan In,Main Auditorium,Session Scan,iPad-Auditorium-01,auditorium.ops@techforwardsummit.com,,,QR Scan,4.12.3,S12_ClosingKeynote,Closing Keynote: Tech's Responsibility & The Road to 2030,
01-May-2026 11:31:10,eawhmlvhs21hd,Alejandro,Luo,Cybersecurity,alejandro.luo@sentinelone.com,SentinelOne,Threat Intelligence Analyst,US,Session scan In,Main Auditorium,Session Scan,iPad-Auditorium-01,auditorium.ops@techforwardsummit.com,,,QR Scan,4.12.3,S12_ClosingKeynote,Closing Keynote: Tech's Responsibility & The Road to 2030,
01-May-2026 11:31:23,dqy89fiq0fcuz,Kavita,Thompson,Cloud & Infrastructure,kavita.thompson@akamai.com,Akamai Technologies,Chief Technology Officer,US,Session scan In,Main Auditorium,Session Scan,iPad-Auditorium-01,auditorium.ops@techforwardsummit.com,,,QR Scan,4.12.3,S12_ClosingKeynote,Closing Keynote: Tech's Responsibility & The Road to 2030,
01-May-2026 11:31:33,y40i6qv4tl70z,Ping,Zeng,Enterprise Software,ping.zeng@servicenow.com,ServiceNow,Engineering Manager,US,Session scan In,Main Auditorium,Session Scan,iPad-Auditorium-01,auditorium.ops@techforwardsummit.com,,,QR Scan,4.12.3,S12_ClosingKeynote,Closing Keynote: Tech's Responsibility & The Road to 2030,
01-May-2026 11:31:36,cfchao73ku99e,Arjun,Pereira,IT Consulting & SI,arjun.pereira@kpmg.com,KPMG Advisory,Technology Consultant,NL,Session scan In,Main Auditorium,Session Scan,iPad-Auditorium-01,auditorium.ops@techforwardsummit.com,,,QR Scan,4.12.3,S12_ClosingKeynote,Closing Keynote: Tech's Responsibility & The Road to 2030,
01-May-2026 11:31:38,9leokqjuwxu2h,Patrick,Reddy,Cybersecurity,patrick.reddy@paloaltonetworks.com,Palo Alto Networks,CISO,US,Session scan In,Main Auditorium,Session Scan,iPad-Auditorium-01,auditorium.ops@techforwardsummit.com,,,QR Scan,4.12.3,S12_ClosingKeynote,Closing Keynote: Tech's Responsibility & The Road to 2030,
01-May-2026 11:32:10,9vt3x8ve00h2k,Ethan,Wang,AI & Data,ethan.wang@nvidia.com,NVIDIA,AI/ML Platform Lead,US,Session scan In,Main Auditorium,Session Scan,iPad-Auditorium-01,auditorium.ops@techforwardsummit.com,,,QR Scan,4.12.3,S12_ClosingKeynote,Closing Keynote: Tech's Responsibility & The Road to 2030,
01-May-2026 11:32:12,3qvdjnv07oxk8,Mark,Torres,Cloud & Infrastructure,mark.torres@snowflake.com,Snowflake,Staff Infrastructure Engineer,US,Session scan In,Main Auditorium,Session Scan,iPad-Auditorium-01,auditorium.ops@techforwardsummit.com,,,QR Scan,4.12.3,S12_ClosingKeynote,Closing Keynote: Tech's Responsibility & The Road to 2030,
01-May-2026 11:32:28,jvie6dueprtir,Sofia,Hansen,Cybersecurity,sofia.hansen@crowdstrike.com,CrowdStrike,Security Architect,US,Session scan In,Main Auditorium,Session Scan,iPad-Auditorium-01,auditorium.ops@techforwardsummit.com,,,QR Scan,4.12.3,S12_ClosingKeynote,Closing Keynote: Tech's Responsibility & The Road to 2030,
01-May-2026 11:33:08,fz8obk3g84utd,Adam,Clarke,Cloud & Infrastructure,adam.clarke@cloud.google.com,Google Cloud,Platform Engineering Lead,US,Session scan In,Main Auditorium,Session Scan,iPad-Auditorium-01,auditorium.ops@techforwardsummit.com,,,QR Scan,4.12.3,S12_ClosingKeynote,Closing Keynote: Tech's Responsibility & The Road to 2030,
01-May-2026 11:33:11,fqt49qpeq6yf8,Sofia,Asante,Enterprise Software,sofia.asante@zendesk.com,Zendesk,"Account Executive, Enterprise",US,Session scan In,Main Auditorium,Session Scan,iPad-Auditorium-01,auditorium.ops@techforwardsummit.com,,,QR Scan,4.12.3,S12_ClosingKeynote,Closing Keynote: Tech's Responsibility & The Road to 2030,
01-May-2026 11:33:22,37xncmldqz05e,Khairul,Hill,Cloud & Infrastructure,khairul.hill@elastic.co,Elastic,Platform Engineer,NL,Session scan In,Main Auditorium,Session Scan,iPad-Auditorium-01,auditorium.ops@techforwardsummit.com,,,QR Scan,4.12.3,S12_ClosingKeynote,Closing Keynote: Tech's Responsibility & The Road to 2030,
01-May-2026 11:33:23,gvtn4ypkw7493,Anthony,Lewis,Enterprise Software,anthony.lewis@salesforce.com,Salesforce,Solutions Architect,US,Session scan In,Main Auditorium,Session Scan,iPad-Auditorium-01,auditorium.ops@techforwardsummit.com,,,QR Scan,4.12.3,S12_ClosingKeynote,Closing Keynote: Tech's Responsibility & The Road to 2030,
01-May-2026 11:33:23,t8hjk0xyspqtu,Liang,Jones,Dev Tools & Platforms,liang.jones@launchdarkly.com,LaunchDarkly,Senior Developer Advocate,US,Session scan In,Main Auditorium,Session Scan,iPad-Auditorium-01,auditorium.ops@techforwardsummit.com,,,QR Scan,4.12.3,S12_ClosingKeynote,Closing Keynote: Tech's Responsibility & The Road to 2030,
01-May-2026 11:33:24,ko31nzsxpefj3,Rania,Le,Enterprise Software,rania.le@microsoft.com,Microsoft,Customer Success Manager,US,Session scan In,Main Auditorium,Session Scan,iPad-Auditorium-01,auditorium.ops@techforwardsummit.com,,,QR Scan,4.12.3,S12_ClosingKeynote,Closing Keynote: Tech's Responsibility & The Road to 2030,
01-May-2026 11:33:26,x1sknxd6zmbyt,Dennis,Hu,Cloud & Infrastructure,dennis.hu@aws.amazon.com,Amazon Web Services,Cloud Architect,US,Session scan In,Main Auditorium,Session Scan,iPad-Auditorium-01,auditorium.ops@techforwardsummit.com,,,QR Scan,4.12.3,S12_ClosingKeynote,Closing Keynote: Tech's Responsibility & The Road to 2030,
01-May-2026 11:33:28,563c36vfh3mi2,Christopher,Dlamini,Enterprise Software,christopher.dlamini@freshworks.com,Freshworks,"Account Executive, Enterprise",IN,Session scan In,Main Auditorium,Session Scan,iPad-Auditorium-01,auditorium.ops@techforwardsummit.com,,,QR Scan,4.12.3,S12_ClosingKeynote,Closing Keynote: Tech's Responsibility & The Road to 2030,
01-May-2026 11:33:31,u0t369o8w429k,Dennis,Wilson,Hardware & Semiconductors,dennis.wilson@marvell.com,Marvell Technology,System Architecture Engineer,US,Session scan In,Main Auditorium,Session Scan,iPad-Auditorium-01,auditorium.ops@techforwardsummit.com,,,QR Scan,4.12.3,S12_ClosingKeynote,Closing Keynote: Tech's Responsibility & The Road to 2030,
01-May-2026 11:33:37,2kjnvfom3vqri,Na,Rossi,Enterprise Software,na.rossi@zendesk.com,Zendesk,Principal Product Manager,US,Session scan In,Main Auditorium,Session Scan,iPad-Auditorium-01,auditorium.ops@techforwardsummit.com,,,QR Scan,4.12.3,S12_ClosingKeynote,Closing Keynote: Tech's Responsibility & The Road to 2030,
01-May-2026 11:33:47,yv3lxchfu131x,Shan,Nakamura,IT Consulting & SI,shan.nakamura@wipro.com,Wipro,VP of Digital Transformation,IN,Session scan In,Main Auditorium,Session Scan,iPad-Auditorium-01,auditorium.ops@techforwardsummit.com,,,QR Scan,4.12.3,S12_ClosingKeynote,Closing Keynote: Tech's Responsibility & The Road to 2030,
01-May-2026 11:33:55,x0gu4bj3bqrr8,Kento,Cooper,Cloud & Infrastructure,kento.cooper@datadoghq.com,Datadog,Chief Technology Officer,US,Session scan In,Main Auditorium,Session Scan,iPad-Auditorium-01,auditorium.ops@techforwardsummit.com,,,QR Scan,4.12.3,S12_ClosingKeynote,Closing Keynote: Tech's Responsibility & The Road to 2030,
01-May-2026 11:33:57,b4u33k2w1i5ki,Angela,Ng,Dev Tools & Platforms,angela.ng@twilio.com,Twilio,Developer Success Manager,US,Session scan In,Main Auditorium,Session Scan,iPad-Auditorium-01,auditorium.ops@techforwardsummit.com,,,QR Scan,4.12.3,S12_ClosingKeynote,Closing Keynote: Tech's Responsibility & The Road to 2030,
01-May-2026 11:33:58,zbrqw5259gmq2,Mei,Richardson,Enterprise Software,mei.richardson@box.com,Box,Staff Software Engineer,US,Session scan In,Main Auditorium,Session Scan,iPad-Auditorium-01,auditorium.ops@techforwardsummit.com,,,QR Scan,4.12.3,S12_ClosingKeynote,Closing Keynote: Tech's Responsibility & The Road to 2030,
01-May-2026 11:34:03,rhrlnf6nv5xu6,Divya,Seah,Hardware & Semiconductors,divya.seah@tsmc.com,TSMC,Senior Chip Design Engineer,TW,Session scan In,Main Auditorium,Session Scan,iPad-Auditorium-01,auditorium.ops@techforwardsummit.com,,,QR Scan,4.12.3,S12_ClosingKeynote,Closing Keynote: Tech's Responsibility & The Road to 2030,
01-May-2026 11:34:10,lbnqandtqypic,Arjun,Yap,Dev Tools & Platforms,arjun.yap@twilio.com,Twilio,Head of Developer Relations,US,Session scan In,Main Auditorium,Session Scan,iPad-Auditorium-01,auditorium.ops@techforwardsummit.com,,,QR Scan,4.12.3,S12_ClosingKeynote,Closing Keynote: Tech's Responsibility & The Road to 2030,
01-May-2026 11:34:29,2vqymhp9nymso,Sakura,Harris,IT Consulting & SI,sakura.harris@tcs.com,TCS,Cloud Migration Specialist,IN,Session scan In,Main Auditorium,Session Scan,iPad-Auditorium-01,auditorium.ops@techforwardsummit.com,,,QR Scan,4.12.3,S12_ClosingKeynote,Closing Keynote: Tech's Responsibility & The Road to 2030,
01-May-2026 11:34:32,objlzy1uu9yms,Ana,Toh,Media/Press,ana.toh@protocol.com,Protocol,"Editor, Technology",US,Session scan In,Main Auditorium,Session Scan,iPad-Auditorium-01,auditorium.ops@techforwardsummit.com,,,QR Scan,4.12.3,S12_ClosingKeynote,Closing Keynote: Tech's Responsibility & The Road to 2030,
01-May-2026 11:34:32,hjrhe45jjje1i,Kavita,Vo,AI & Data,kavita.vo@wandb.ai,Weights & Biases,Head of Data Science,US,Session scan In,Main Auditorium,Session Scan,iPad-Auditorium-01,auditorium.ops@techforwardsummit.com,,,QR Scan,4.12.3,S12_ClosingKeynote,Closing Keynote: Tech's Responsibility & The Road to 2030,
01-May-2026 11:34:35,kvpjrmeyy1em3,Nadia,Nguyen,Enterprise Software,nadia.nguyen@freshworks.com,Freshworks,Chief Technology Officer,IN,Session scan In,Main Auditorium,Session Scan,iPad-Auditorium-01,auditorium.ops@techforwardsummit.com,,,QR Scan,4.12.3,S12_ClosingKeynote,Closing Keynote: Tech's Responsibility & The Road to 2030,
01-May-2026 11:35:06,69phwn8ddinz2,Nicholas,Rossi,VC & Private Equity,nicholas.rossi@accel.com,Accel,Partner,US,Session scan In,Main Auditorium,Session Scan,iPad-Auditorium-01,auditorium.ops@techforwardsummit.com,,,QR Scan,4.12.3,S12_ClosingKeynote,Closing Keynote: Tech's Responsibility & The Road to 2030,
01-May-2026 11:35:10,jx20au5ik31yu,Ingrid,Lim,Dev Tools & Platforms,ingrid.lim@github.com,GitHub,Head of Developer Relations,US,Session scan In,Main Auditorium,Session Scan,iPad-Auditorium-01,auditorium.ops@techforwardsummit.com,,,QR Scan,4.12.3,S12_ClosingKeynote,Closing Keynote: Tech's Responsibility & The Road to 2030,
01-May-2026 11:35:20,r9cfwow73o1bl,Yan,Wilson,Cloud & Infrastructure,yan.wilson@supabase.com,Supabase,DevOps Engineer,US,Session scan In,Main Auditorium,Session Scan,iPad-Auditorium-01,auditorium.ops@techforwardsummit.com,,,QR Scan,4.12.3,S12_ClosingKeynote,Closing Keynote: Tech's Responsibility & The Road to 2030,
01-May-2026 11:35:24,kn9ntwjipo86k,Charlotte,Liu,AI & Data,charlotte.liu@databricks.com,Databricks,Head of Data Science,US,Session scan In,Main Auditorium,Session Scan,iPad-Auditorium-01,auditorium.ops@techforwardsummit.com,,,QR Scan,4.12.3,S12_ClosingKeynote,Closing Keynote: Tech's Responsibility & The Road to 2030,
01-May-2026 11:36:04,twd1xmxb9yo18,Feng,Young,Enterprise Software,feng.young@sprinklr.com,Sprinklr,Principal Product Manager,US,Session scan In,Main Auditorium,Session Scan,iPad-Auditorium-01,auditorium.ops@techforwardsummit.com,,,QR Scan,4.12.3,S12_ClosingKeynote,Closing Keynote: Tech's Responsibility & The Road to 2030,
01-May-2026 11:36:21,ltzqwdyvybscg,Raymond,Schulz,Cloud & Infrastructure,raymond.schulz@hashicorp.com,HashiCorp,Cloud Architect,US,Session scan In,Main Auditorium,Session Scan,iPad-Auditorium-01,auditorium.ops@techforwardsummit.com,,,QR Scan,4.12.3,S12_ClosingKeynote,Closing Keynote: Tech's Responsibility & The Road to 2030,
01-May-2026 11:36:47,yxw1tbrwr965r,Yusuf,Wilson,Dev Tools & Platforms,yusuf.wilson@konghq.com,Kong,Head of Developer Relations,US,Session scan In,Main Auditorium,Session Scan,iPad-Auditorium-01,auditorium.ops@techforwardsummit.com,,,QR Scan,4.12.3,S12_ClosingKeynote,Closing Keynote: Tech's Responsibility & The Road to 2030,
01-May-2026 11:36:57,q5c9035vuuplt,Isabelle,Gray,Cybersecurity,isabelle.gray@paloaltonetworks.com,Palo Alto Networks,Senior Security Engineer,US,Session scan In,Main Auditorium,Session Scan,iPad-Auditorium-01,auditorium.ops@techforwardsummit.com,,,QR Scan,4.12.3,S12_ClosingKeynote,Closing Keynote: Tech's Responsibility & The Road to 2030,
01-May-2026 11:37:07,2hyvezrad8ejp,Rahul,Park,Cybersecurity,rahul.park@tenable.com,Tenable,Threat Intelligence Analyst,US,Session scan In,Main Auditorium,Session Scan,iPad-Auditorium-01,auditorium.ops@techforwardsummit.com,,,QR Scan,4.12.3,S12_ClosingKeynote,Closing Keynote: Tech's Responsibility & The Road to 2030,
01-May-2026 11:37:15,ia6ykfcr6c1py,Ahmed,Luo,IT Consulting & SI,ahmed.luo@accenture.com,Accenture,Associate Director,IE,Session scan In,Main Auditorium,Session Scan,iPad-Auditorium-01,auditorium.ops@techforwardsummit.com,,,QR Scan,4.12.3,S12_ClosingKeynote,Closing Keynote: Tech's Responsibility & The Road to 2030,
01-May-2026 11:37:49,vl911zsb8lv6t,Wolfgang,Kapoor,VIP,wolfgang.kapoor@salesforce.com,Salesforce,Chief Product Officer,US,Session scan In,Main Auditorium,Session Scan,iPad-Auditorium-01,auditorium.ops@techforwardsummit.com,,,QR Scan,4.12.3,S12_ClosingKeynote,Closing Keynote: Tech's Responsibility & The Road to 2030,
01-May-2026 11:38:01,24rv3nsxof6t6,Henrik,Ho,IT Consulting & SI,henrik.ho@slalom.com,Slalom,Managing Consultant,US,Session scan In,Main Auditorium,Session Scan,iPad-Auditorium-01,auditorium.ops@techforwardsummit.com,,,QR Scan,4.12.3,S12_ClosingKeynote,Closing Keynote: Tech's Responsibility & The Road to 2030,
01-May-2026 11:38:06,4bju8oxm9f4oh,Steven,Sim,Staff,steven.sim@techforwardsummit.com,TechForward Organising Committee,Registration & Badging Lead,SG,Session scan In,Main Auditorium,Session Scan,iPad-Auditorium-01,auditorium.ops@techforwardsummit.com,,,QR Scan,4.12.3,S12_ClosingKeynote,Closing Keynote: Tech's Responsibility & The Road to 2030,
01-May-2026 11:38:11,lkw1xsrqkrst3,Min-Ji,Kato,IT Consulting & SI,minji.kato@ibm.com,IBM Consulting,Associate Director,US,Session scan In,Main Auditorium,Session Scan,iPad-Auditorium-01,auditorium.ops@techforwardsummit.com,,,QR Scan,4.12.3,S12_ClosingKeynote,Closing Keynote: Tech's Responsibility & The Road to 2030,
01-May-2026 11:38:14,n4h2awnf3keyy,Pranav,Morris,Cloud & Infrastructure,pranav.morris@elastic.co,Elastic,Principal Solutions Architect,NL,Session scan In,Main Auditorium,Session Scan,iPad-Auditorium-01,auditorium.ops@techforwardsummit.com,,,QR Scan,4.12.3,S12_ClosingKeynote,Closing Keynote: Tech's Responsibility & The Road to 2030,
01-May-2026 11:38:30,wqheyto5f9m96,Hong,Gonzalez,Dev Tools & Platforms,hong.gonzalez@stripe.com,Stripe,Senior Developer Advocate,US,Session scan In,Main Auditorium,Session Scan,iPad-Auditorium-01,auditorium.ops@techforwardsummit.com,,,QR Scan,4.12.3,S12_ClosingKeynote,Closing Keynote: Tech's Responsibility & The Road to 2030,
01-May-2026 11:38:30,wo7plr1x08k4l,Charlotte,Reddy,IT Consulting & SI,charlotte.reddy@deloitte.com,Deloitte Technology,Senior Technology Consultant,US,Session scan In,Main Auditorium,Session Scan,iPad-Auditorium-01,auditorium.ops@techforwardsummit.com,,,QR Scan,4.12.3,S12_ClosingKeynote,Closing Keynote: Tech's Responsibility & The Road to 2030,
01-May-2026 11:38:54,7s7o4yc3s0dpj,Benjamin,Wagner,Board Member,benjamin.wagner@microsoft.com,Microsoft,Board Director,US,Session scan In,Main Auditorium,Session Scan,iPad-Auditorium-01,auditorium.ops@techforwardsummit.com,,,QR Scan,4.12.3,S12_ClosingKeynote,Closing Keynote: Tech's Responsibility & The Road to 2030,
01-May-2026 11:39:25,0ibzbw8p3ifzx,Hana,Liu,AI & Data,hana.liu@cohere.com,Cohere,AI/ML Platform Lead,CA,Session scan In,Main Auditorium,Session Scan,iPad-Auditorium-01,auditorium.ops@techforwardsummit.com,,,QR Scan,4.12.3,S12_ClosingKeynote,Closing Keynote: Tech's Responsibility & The Road to 2030,
01-May-2026 11:39:39,eo0eu2ci4eure,Lucas,Kapoor,IT Consulting & SI,lucas.kapoor@tcs.com,TCS,Cloud Migration Specialist,IN,Session scan In,Main Auditorium,Session Scan,iPad-Auditorium-01,auditorium.ops@techforwardsummit.com,,,QR Scan,4.12.3,S12_ClosingKeynote,Closing Keynote: Tech's Responsibility & The Road to 2030,
01-May-2026 11:40:09,94ozkfnotia41,Ryo,Allen,IT Consulting & SI,ryo.allen@capgemini.com,Capgemini,Director of Technology,FR,Session scan In,Main Auditorium,Session Scan,iPad-Auditorium-01,auditorium.ops@techforwardsummit.com,,,QR Scan,4.12.3,S12_ClosingKeynote,Closing Keynote: Tech's Responsibility & The Road to 2030,
01-May-2026 11:40:23,2h6fyey3m0nq8,Fazilah,Choi,Enterprise Software,fazilah.choi@oracle.com,Oracle,Chief Technology Officer,US,Session scan In,Main Auditorium,Session Scan,iPad-Auditorium-01,auditorium.ops@techforwardsummit.com,,,QR Scan,4.12.3,S12_ClosingKeynote,Closing Keynote: Tech's Responsibility & The Road to 2030,
01-May-2026 11:40:47,dvo342p0kqd8u,Ming,Joshi,Enterprise Software,ming.joshi@zendesk.com,Zendesk,Staff Software Engineer,US,Session scan In,Main Auditorium,Session Scan,iPad-Auditorium-01,auditorium.ops@techforwardsummit.com,,,QR Scan,4.12.3,S12_ClosingKeynote,Closing Keynote: Tech's Responsibility & The Road to 2030,
01-May-2026 11:42:05,8uogmvv6v3v02,Ali,Park,Dev Tools & Platforms,ali.park@jfrog.com,JFrog,Senior Developer Advocate,US,Session scan In,Main Auditorium,Session Scan,iPad-Auditorium-01,auditorium.ops@techforwardsummit.com,,,QR Scan,4.12.3,S12_ClosingKeynote,Closing Keynote: Tech's Responsibility & The Road to 2030,
01-May-2026 11:42:08,uqb8rcp6i29gp,Hui,Mueller,Dev Tools & Platforms,hui.mueller@github.com,GitHub,Chief Revenue Officer,US,Session scan In,Main Auditorium,Session Scan,iPad-Auditorium-01,auditorium.ops@techforwardsummit.com,,,QR Scan,4.12.3,S12_ClosingKeynote,Closing Keynote: Tech's Responsibility & The Road to 2030,
01-May-2026 11:42:45,mvw0nhjla9a1n,Kwame,Sato,Cybersecurity,kwame.sato@tenable.com,Tenable,SOC Analyst,US,Session scan In,Main Auditorium,Session Scan,iPad-Auditorium-01,auditorium.ops@techforwardsummit.com,,,QR Scan,4.12.3,S12_ClosingKeynote,Closing Keynote: Tech's Responsibility & The Road to 2030,
01-May-2026 11:43:10,neftz53c5dwum,Adam,Jones,IT Consulting & SI,adam.jones@cognizant.com,Cognizant,VP of Digital Transformation,US,Session scan In,Main Auditorium,Session Scan,iPad-Auditorium-01,auditorium.ops@techforwardsummit.com,,,QR Scan,4.12.3,S12_ClosingKeynote,Closing Keynote: Tech's Responsibility & The Road to 2030,
01-May-2026 11:45:31,z2p6eeamyfp9s,Divya,Campbell,AI & Data,divya.campbell@nvidia.com,NVIDIA,Principal ML Engineer,US,Session scan In,Main Auditorium,Session Scan,iPad-Auditorium-01,auditorium.ops@techforwardsummit.com,,,QR Scan,4.12.3,S12_ClosingKeynote,Closing Keynote: Tech's Responsibility & The Road to 2030,
01-May-2026 11:46:00,xzf0dzwdz09wf,Ji-Won,Zhang,Cloud & Infrastructure,jiwon.zhang@confluent.io,Confluent,Cloud Architect,US,Session scan In,Main Auditorium,Session Scan,iPad-Auditorium-01,auditorium.ops@techforwardsummit.com,,,QR Scan,4.12.3,S12_ClosingKeynote,Closing Keynote: Tech's Responsibility & The Road to 2030,
01-May-2026 11:46:20,536zx1tv18kgy,Christine,Campbell,Cybersecurity,christine.campbell@rapid7.com,Rapid7,Director of Cybersecurity,US,Session scan In,Main Auditorium,Session Scan,iPad-Auditorium-01,auditorium.ops@techforwardsummit.com,,,QR Scan,4.12.3,S12_ClosingKeynote,Closing Keynote: Tech's Responsibility & The Road to 2030,
01-May-2026 11:46:56,0gq34pggcbi6q,Ryo,Davies,Cybersecurity,ryo.davies@lacework.com,Lacework,Senior Security Engineer,US,Session scan In,Main Auditorium,Session Scan,iPad-Auditorium-01,auditorium.ops@techforwardsummit.com,,,QR Scan,4.12.3,S12_ClosingKeynote,Closing Keynote: Tech's Responsibility & The Road to 2030,
01-May-2026 11:48:38,meosfr5hgqgp1,Mohammed,Xu,Cybersecurity,mohammed.xu@qualys.com,Qualys,VP of Security,US,Session scan In,Main Auditorium,Session Scan,iPad-Auditorium-01,auditorium.ops@techforwardsummit.com,,,QR Scan,4.12.3,S12_ClosingKeynote,Closing Keynote: Tech's Responsibility & The Road to 2030,
01-May-2026 11:49:48,eh5e5rwsf5pae,Raj,Simon,VC & Private Equity,raj.simon@bvp.com,Bessemer Venture Partners,Investment Director,US,Session scan In,Main Auditorium,Session Scan,iPad-Auditorium-01,auditorium.ops@techforwardsummit.com,,,QR Scan,4.12.3,S12_ClosingKeynote,Closing Keynote: Tech's Responsibility & The Road to 2030,
01-May-2026 11:51:25,bggrmqdzpjl9r,Sipho,Gupta,IT Consulting & SI,sipho.gupta@accenture.com,Accenture,"Partner, Technology Practice",IE,Session scan In,Main Auditorium,Session Scan,iPad-Auditorium-01,auditorium.ops@techforwardsummit.com,,,QR Scan,4.12.3,S12_ClosingKeynote,Closing Keynote: Tech's Responsibility & The Road to 2030,
01-May-2026 11:54:58,fqpii49h5vn28,Peter,Andersen,IT Consulting & SI,peter.andersen@infosys.com,Infosys,Technology Consultant,IN,Session scan In,Main Auditorium,Session Scan,iPad-Auditorium-01,auditorium.ops@techforwardsummit.com,,,QR Scan,4.12.3,S12_ClosingKeynote,Closing Keynote: Tech's Responsibility & The Road to 2030,