Third Party ID,First Name,Last Name,Category,RegistrationStatus,Barcode,Company,Country,Email,Job Title,Nr. of check-ins,organisationType,Company (Custom Field),Country (Custom Field),createdOnsite,First Name (Custom Field),Job Title (Custom Field),Last Name (Custom Field),nationality,State,tags,website,FielddriveID,Attended,Confirmed/No show
fflzm764jwtek,Kento,Lee,Enterprise Software,Attended,vfflzm764jwtek,Intuit,US,kento.lee@intuit.com,Senior Solutions Engineer,1,Enterprise Software,Intuit,US,,Kento,Senior Solutions Engineer,Lee,United States,,,www.intuit.com,5000001,0,0
k8r2ykccprhvl,Ahmed,Agarwal,Enterprise Software,No show,vk8r2ykccprhvl,SAP,DE,ahmed.agarwal@sap.com,Chief Product Officer,0,Enterprise Software,SAP,DE,,Ahmed,Chief Product Officer,Agarwal,Germany,,,www.sap.com,5000002,0,0
049enulqjidkn,Ingrid,Zhu,Cloud & Infrastructure,Attended,v049enulqjidkn,Akamai Technologies,US,ingrid.zhu@akamai.com,Developer Advocate,1,Cloud & Infrastructure,Akamai Technologies,US,,Ingrid,Developer Advocate,Zhu,United States,,,www.akamai.com,5000003,0,0
4p501nouhtcs1,Gregory,Adeyemi,Enterprise Software,No show,v4p501nouhtcs1,Workday,US,gregory.adeyemi@workday.com,Engineering Manager,0,Enterprise Software,Workday,US,,Gregory,Engineering Manager,Adeyemi,United States,,,www.workday.com,5000004,0,0
9ye9o2m71hssb,Carol,Moreau,Enterprise Software,No show,v9ye9o2m71hssb,Sprinklr,US,carol.moreau@sprinklr.com,Principal Product Manager,0,Enterprise Software,Sprinklr,US,,Carol,Principal Product Manager,Moreau,United States,,,www.sprinklr.com,5000005,0,0
lrqvslwf90km3,Kento,Clarke,VIP,No show,vlrqvslwf90km3,Microsoft,US,kento.clarke@microsoft.com,Chief Executive Officer,0,VIP,Microsoft,US,,Kento,Chief Executive Officer,Clarke,United States,,VIP,www.microsoft.com,5000006,0,0
zk3ny9v20yar8,Noah,Torres,Dev Tools & Platforms,Attended,vzk3ny9v20yar8,Retool,US,noah.torres@retool.com,Senior Developer Advocate,1,Dev Tools & Platforms,Retool,US,,Noah,Senior Developer Advocate,Torres,United States,,,www.retool.com,5000007,0,0
u9rn8qtty5y2j,Naomi,Stewart,Enterprise Software,Attended,vu9rn8qtty5y2j,Microsoft,US,naomi.stewart@microsoft.com,Chief Technology Officer,1,Enterprise Software,Microsoft,US,,Naomi,Chief Technology Officer,Stewart,United States,,,www.microsoft.com,5000008,0,0
6om1fb8c7x0h3,Frank,Jeong,AI & Data,Attended,v6om1fb8c7x0h3,Weaviate,NL,frank.jeong@weaviate.io,AI/ML Platform Lead,1,AI & Data,Weaviate,NL,,Frank,AI/ML Platform Lead,Jeong,Netherlands,,,www.weaviate.io,5000009,0,0
6dut076g5g79o,Ren,Edwards,Cloud & Infrastructure,Attended,v6dut076g5g79o,Snowflake,US,ren.edwards@snowflake.com,Developer Advocate,1,Cloud & Infrastructure,Snowflake,US,,Ren,Developer Advocate,Edwards,United States,,,www.snowflake.com,5000010,0,0
sj3l0xzamkygv,Hans,Wu,Hardware & Semiconductors,Attended,vsj3l0xzamkygv,SambaNova Systems,US,hans.wu@sambanova.ai,Senior Chip Design Engineer,1,Hardware & Semiconductors,SambaNova Systems,US,,Hans,Senior Chip Design Engineer,Wu,United States,,,www.sambanova.ai,5000011,0,0
le6kwhef0votq,Soo-Jin,Nielsen,IT Consulting & SI,No show,vle6kwhef0votq,IBM Consulting,US,soojin.nielsen@ibm.com,Agile Delivery Lead,0,IT Consulting & SI,IBM Consulting,US,,Soo-Jin,Agile Delivery Lead,Nielsen,United States,,,www.ibm.com,5000012,0,0
xhi15cqzcucts,Nurul,Kobayashi,Enterprise Software,No show,vxhi15cqzcucts,Zendesk,US,nurul.kobayashi@zendesk.com,Chief Technology Officer,0,Enterprise Software,Zendesk,US,,Nurul,Chief Technology Officer,Kobayashi,United States,,,www.zendesk.com,5000013,0,0
flsehuds3qsqc,Yuki,Mueller,Hardware & Semiconductors,Attended,vflsehuds3qsqc,Qualcomm,US,yuki.mueller@qualcomm.com,Senior Chip Design Engineer,1,Hardware & Semiconductors,Qualcomm,US,,Yuki,Senior Chip Design Engineer,Mueller,United States,,,www.qualcomm.com,5000014,0,0
6nyxtxmgtt0ia,Jennifer,Mishra,Enterprise Software,Attended,v6nyxtxmgtt0ia,SAP,DE,jennifer.mishra@sap.com,Principal Product Manager,1,Enterprise Software,SAP,DE,,Jennifer,Principal Product Manager,Mishra,Germany,,,www.sap.com,5000015,0,0
pt11f9i6uu13i,Richard,Rahman,IT Consulting & SI,Attended,vpt11f9i6uu13i,Cognizant,US,richard.rahman@cognizant.com,Senior Technology Consultant,1,IT Consulting & SI,Cognizant,US,,Richard,Senior Technology Consultant,Rahman,United States,,,www.cognizant.com,5000016,0,0
qcootnjlcqnt3,Helen,Patel,Enterprise Software,Attended,vqcootnjlcqnt3,Oracle,US,helen.patel@oracle.com,Solutions Architect,1,Enterprise Software,Oracle,US,,Helen,Solutions Architect,Patel,United States,,,www.oracle.com,5000017,0,0
kqxlm5q201lhl,Maria,Cho,Hardware & Semiconductors,Attended,vkqxlm5q201lhl,Qualcomm,US,maria.cho@qualcomm.com,System Architecture Engineer,1,Hardware & Semiconductors,Qualcomm,US,,Maria,System Architecture Engineer,Cho,United States,,,www.qualcomm.com,5000018,0,0
698s4c3baewcf,Cynthia,Evans,IT Consulting & SI,Attended,v698s4c3baewcf,Publicis Sapient,FR,cynthia.evans@publicissapient.com,"Solution Architect, Digital",1,IT Consulting & SI,Publicis Sapient,FR,,Cynthia,"Solution Architect, Digital",Evans,France,,,www.publicissapient.com,5000019,0,0
m2c8qizk3c9xb,Ping,Zhang,Enterprise Software,Attended,vm2c8qizk3c9xb,HubSpot,US,ping.zhang@hubspot.com,Solutions Architect,1,Enterprise Software,HubSpot,US,,Ping,Solutions Architect,Zhang,United States,,,www.hubspot.com,5000020,0,0
g4ahf337kuu4y,Min-Ji,Trivedi,IT Consulting & SI,No show,vg4ahf337kuu4y,LTIMindtree,IN,minji.trivedi@ltimindtree.com,Associate Director,0,IT Consulting & SI,LTIMindtree,IN,,Min-Ji,Associate Director,Trivedi,India,,,www.ltimindtree.com,5000021,0,0
n02yc0mdicvwv,Liam,Bhatt,Cybersecurity,Attended,vn02yc0mdicvwv,CrowdStrike,US,liam.bhatt@crowdstrike.com,Senior Security Engineer,1,Cybersecurity,CrowdStrike,US,,Liam,Senior Security Engineer,Bhatt,United States,,,www.crowdstrike.com,5000022,0,0
dalmjegqtoamd,Fatimah,Tran,Dev Tools & Platforms,Attended,vdalmjegqtoamd,MuleSoft,US,fatimah.tran@mulesoft.com,Head of Developer Relations,1,Dev Tools & Platforms,MuleSoft,US,,Fatimah,Head of Developer Relations,Tran,United States,,,www.mulesoft.com,5000023,0,0
hdk8lw2lm349e,Sanjay,Chua,IT Consulting & SI,No show,vhdk8lw2lm349e,LTIMindtree,IN,sanjay.chua@ltimindtree.com,Managing Consultant,0,IT Consulting & SI,LTIMindtree,IN,,Sanjay,Managing Consultant,Chua,India,,,www.ltimindtree.com,5000024,0,0
8hl88kzruin3o,Nancy,Cho,IT Consulting & SI,Attended,v8hl88kzruin3o,Infosys,IN,nancy.cho@infosys.com,"Solution Architect, Digital",1,IT Consulting & SI,Infosys,IN,,Nancy,"Solution Architect, Digital",Cho,India,,,www.infosys.com,5000025,0,0
jfpnqvut75pb8,Ana,Pedersen,VC & Private Equity,No show,vjfpnqvut75pb8,Sequoia Capital,US,ana.pedersen@sequoiacap.com,Venture Associate,0,VC & Private Equity,Sequoia Capital,US,,Ana,Venture Associate,Pedersen,United States,,,www.sequoiacap.com,5000026,0,0
twd1xmxb9yo18,Feng,Young,Enterprise Software,Attended,vtwd1xmxb9yo18,Sprinklr,US,feng.young@sprinklr.com,Principal Product Manager,1,Enterprise Software,Sprinklr,US,,Feng,Principal Product Manager,Young,United States,,,www.sprinklr.com,5000027,0,0
rpzlk3e4xyf9i,Ryan,Kim,Enterprise Software,Attended,vrpzlk3e4xyf9i,Microsoft,US,ryan.kim@microsoft.com,Customer Success Manager,1,Enterprise Software,Microsoft,US,,Ryan,Customer Success Manager,Kim,United States,,,www.microsoft.com,5000028,0,0
5glqj5sxvwvm4,Lars,Campbell,AI & Data,No show,v5glqj5sxvwvm4,Hugging Face,US,lars.campbell@huggingface.co,AI/ML Platform Lead,0,AI & Data,Hugging Face,US,,Lars,AI/ML Platform Lead,Campbell,United States,,,www.huggingface.co,5000029,0,0
3zkwdeekgyspe,Xiao,Hu,Enterprise Software,Attended,v3zkwdeekgyspe,HubSpot,US,xiao.hu@hubspot.com,Senior Product Manager,1,Enterprise Software,HubSpot,US,,Xiao,Senior Product Manager,Hu,United States,,,www.hubspot.com,5000030,0,0
1kjtgq01tee13,Pranav,Ito,Cybersecurity,Attended,v1kjtgq01tee13,Palo Alto Networks,US,pranav.ito@paloaltonetworks.com,Head of Information Security,1,Cybersecurity,Palo Alto Networks,US,,Pranav,Head of Information Security,Ito,United States,,,www.paloaltonetworks.com,5000031,0,0
ffhhcmktlzkj4,Marco,Andersen,Cloud & Infrastructure,Attended,vffhhcmktlzkj4,Cloudflare,US,marco.andersen@cloudflare.com,Platform Engineer,1,Cloud & Infrastructure,Cloudflare,US,,Marco,Platform Engineer,Andersen,United States,,,www.cloudflare.com,5000032,0,0
qw5dsk7n8la10,Ali,Tang,Dev Tools & Platforms,Attended,vqw5dsk7n8la10,Temporal,US,ali.tang@temporal.io,Senior Developer Advocate,1,Dev Tools & Platforms,Temporal,US,,Ali,Senior Developer Advocate,Tang,United States,,,www.temporal.io,5000033,0,0
q9p965k55dmcx,Pierre,Turner,Cybersecurity,Attended,vq9p965k55dmcx,CrowdStrike,US,pierre.turner@crowdstrike.com,Security Consultant,1,Cybersecurity,CrowdStrike,US,,Pierre,Security Consultant,Turner,United States,,,www.crowdstrike.com,5000034,0,0
kn35xycuvfmh0,Shu,Yap,Enterprise Software,Attended,vkn35xycuvfmh0,SAP,DE,shu.yap@sap.com,Chief Product Officer,1,Enterprise Software,SAP,DE,,Shu,Chief Product Officer,Yap,Germany,,,www.sap.com,5000035,0,0
b68rervt997e4,Seo-Yeon,Zhu,Staff,Attended,vb68rervt997e4,FieldDrive Events,BE,seoyeon.zhu@fielddrive.com,Conference Coordinator,1,Staff,FieldDrive Events,BE,,Seo-Yeon,Conference Coordinator,Zhu,Belgium,,,www.fielddrive.com,5000036,0,0
twjlsh3tow4yc,Juan,Gao,Cloud & Infrastructure,Attended,vtwjlsh3tow4yc,Akamai Technologies,US,juan.gao@akamai.com,Senior Site Reliability Engineer,1,Cloud & Infrastructure,Akamai Technologies,US,,Juan,Senior Site Reliability Engineer,Gao,United States,,,www.akamai.com,5000037,0,0
1b3jczucqmrun,Philip,Flores,Enterprise Software,No show,v1b3jczucqmrun,HubSpot,US,philip.flores@hubspot.com,Senior Product Manager,0,Enterprise Software,HubSpot,US,,Philip,Senior Product Manager,Flores,United States,,,www.hubspot.com,5000038,0,0
du0isb5iqnf74,Sung,Nielsen,Cloud & Infrastructure,Attended,vdu0isb5iqnf74,Elastic,NL,sung.nielsen@elastic.co,Developer Advocate,1,Cloud & Infrastructure,Elastic,NL,,Sung,Developer Advocate,Nielsen,Netherlands,,,www.elastic.co,5000039,0,0
ahukwqvr1h61i,Sarah,Zhou,IT Consulting & SI,Attended,vahukwqvr1h61i,Accenture,IE,sarah.zhou@accenture.com,"Solution Architect, Digital",1,IT Consulting & SI,Accenture,IE,,Sarah,"Solution Architect, Digital",Zhou,Ireland,,,www.accenture.com,5000040,0,0
0uswovcxek47o,Tendai,Ferrari,Cloud & Infrastructure,Attended,v0uswovcxek47o,DigitalOcean,US,tendai.ferrari@digitalocean.com,Platform Engineer,1,Cloud & Infrastructure,DigitalOcean,US,,Tendai,Platform Engineer,Ferrari,United States,,,www.digitalocean.com,5000041,0,0
fz8obk3g84utd,Adam,Clarke,Cloud & Infrastructure,Attended,vfz8obk3g84utd,Google Cloud,US,adam.clarke@cloud.google.com,Platform Engineering Lead,1,Cloud & Infrastructure,Google Cloud,US,,Adam,Platform Engineering Lead,Clarke,United States,,,www.cloud.google.com,5000042,0,0
7p0rnpm6jqfww,Greta,Verma,IT Consulting & SI,Attended,v7p0rnpm6jqfww,TCS,IN,greta.verma@tcs.com,Technology Consultant,1,IT Consulting & SI,TCS,IN,,Greta,Technology Consultant,Verma,India,,,www.tcs.com,5000043,0,0
k3qmvifiit201,Patrick,Lim,Enterprise Software,Attended,vk3qmvifiit201,Adobe,US,patrick.lim@adobe.com,VP of Engineering,1,Enterprise Software,Adobe,US,,Patrick,VP of Engineering,Lim,United States,,,www.adobe.com,5000044,0,0
ihsa7hez74lav,Richard,Torres,Enterprise Software,Attended,vihsa7hez74lav,Oracle,US,richard.torres@oracle.com,Solutions Architect,1,Enterprise Software,Oracle,US,,Richard,Solutions Architect,Torres,United States,,,www.oracle.com,5000045,0,0
0kgazu41ugl3w,Hans,Cho,Enterprise Software,No show,v0kgazu41ugl3w,Adobe,US,hans.cho@adobe.com,Engineering Manager,0,Enterprise Software,Adobe,US,,Hans,Engineering Manager,Cho,United States,,,www.adobe.com,5000046,0,0
drlcmlw83y0ma,Sharon,Ward,Enterprise Software,Attended,vdrlcmlw83y0ma,HubSpot,US,sharon.ward@hubspot.com,Solutions Architect,1,Enterprise Software,HubSpot,US,,Sharon,Solutions Architect,Ward,United States,,,www.hubspot.com,5000047,0,0
dm5fc79m96zpx,Nora,Gao,Enterprise Software,Attended,vdm5fc79m96zpx,Microsoft,US,nora.gao@microsoft.com,Customer Success Manager,1,Enterprise Software,Microsoft,US,,Nora,Customer Success Manager,Gao,United States,,,www.microsoft.com,5000048,0,0
c4lorxdtg5nqj,Kenji,Sharma,Cloud & Infrastructure,No show,vc4lorxdtg5nqj,Cloudflare,US,kenji.sharma@cloudflare.com,DevOps Engineer,0,Cloud & Infrastructure,Cloudflare,US,,Kenji,DevOps Engineer,Sharma,United States,,,www.cloudflare.com,5000049,0,0
ijc1ydmt8vt43,Tao,Kobayashi,Enterprise Software,No show,vijc1ydmt8vt43,Microsoft,US,tao.kobayashi@microsoft.com,Principal Product Manager,0,Enterprise Software,Microsoft,US,,Tao,Principal Product Manager,Kobayashi,United States,,,www.microsoft.com,5000050,0,0
y7uiko4busu9f,Ibrahim,Luo,Enterprise Software,Attended,vy7uiko4busu9f,SAP,DE,ibrahim.luo@sap.com,Chief Product Officer,1,Enterprise Software,SAP,DE,,Ibrahim,Chief Product Officer,Luo,Germany,,,www.sap.com,5000051,0,0
66cnoljq52wsp,Hao,Carter,Media/Press,Attended,v66cnoljq52wsp,Wired,US,hao.carter@wired.com,Contributing Writer,1,Media/Press,Wired,US,,Hao,Contributing Writer,Carter,United States,,,www.wired.com,5000052,0,0
i076a3kkrzd5e,Nadia,Lin,Staff,Attended,vi076a3kkrzd5e,TechForward Organising Committee,SG,nadia.lin@techforwardsummit.com,Venue Operations Staff,1,Staff,TechForward Organising Committee,SG,,Nadia,Venue Operations Staff,Lin,Singapore,,,www.techforwardsummit.com,5000053,0,0
sug5hcbbmhnqo,Margaret,Weber,Dev Tools & Platforms,Attended,vsug5hcbbmhnqo,GitHub,US,margaret.weber@github.com,Developer Success Manager,1,Dev Tools & Platforms,GitHub,US,,Margaret,Developer Success Manager,Weber,United States,,,www.github.com,5000054,0,0
1a6xvaj2k8xpn,Neha,Tang,Cloud & Infrastructure,Attended,v1a6xvaj2k8xpn,Cloudflare,US,neha.tang@cloudflare.com,Staff Infrastructure Engineer,1,Cloud & Infrastructure,Cloudflare,US,,Neha,Staff Infrastructure Engineer,Tang,United States,,,www.cloudflare.com,5000055,0,0
f1622vxyzx9jp,Hui,Ferrari,Cloud & Infrastructure,No show,vf1622vxyzx9jp,Amazon Web Services,US,hui.ferrari@aws.amazon.com,Chief Technology Officer,0,Cloud & Infrastructure,Amazon Web Services,US,,Hui,Chief Technology Officer,Ferrari,United States,,,www.aws.amazon.com,5000056,0,0
bzug0it26ys44,Min-Soo,Evans,Cloud & Infrastructure,Attended,vbzug0it26ys44,DigitalOcean,US,minsoo.evans@digitalocean.com,Platform Engineer,1,Cloud & Infrastructure,DigitalOcean,US,,Min-Soo,Platform Engineer,Evans,United States,,,www.digitalocean.com,5000057,0,0
wqheyto5f9m96,Hong,Gonzalez,Dev Tools & Platforms,Attended,vwqheyto5f9m96,Stripe,US,hong.gonzalez@stripe.com,Senior Developer Advocate,1,Dev Tools & Platforms,Stripe,US,,Hong,Senior Developer Advocate,Gonzalez,United States,,,www.stripe.com,5000058,0,0
l3gywiymenvg3,Anita,Joshi,Cybersecurity,Attended,vl3gywiymenvg3,CrowdStrike,US,anita.joshi@crowdstrike.com,CISO,1,Cybersecurity,CrowdStrike,US,,Anita,CISO,Joshi,United States,,,www.crowdstrike.com,5000059,0,0
x1wvbd4bepejz,Nicholas,Becker,Dev Tools & Platforms,No show,vx1wvbd4bepejz,GitHub,US,nicholas.becker@github.com,Head of Developer Relations,0,Dev Tools & Platforms,GitHub,US,,Nicholas,Head of Developer Relations,Becker,United States,,,www.github.com,5000060,0,0
yapdswzp6swk2,Aoi,Morris,Enterprise Software,Attended,vyapdswzp6swk2,SAP,DE,aoi.morris@sap.com,Senior Solutions Engineer,1,Enterprise Software,SAP,DE,,Aoi,Senior Solutions Engineer,Morris,Germany,,,www.sap.com,5000061,0,0
xq9jb354mype4,Maria,Williams,Enterprise Software,No show,vxq9jb354mype4,Workday,US,maria.williams@workday.com,Solutions Architect,0,Enterprise Software,Workday,US,,Maria,Solutions Architect,Williams,United States,,,www.workday.com,5000062,0,0
4xgmpw5d3go8j,Xiao,Wagner,Cybersecurity,Attended,v4xgmpw5d3go8j,Zscaler,US,xiao.wagner@zscaler.com,Security Sales Engineer,1,Cybersecurity,Zscaler,US,,Xiao,Security Sales Engineer,Wagner,United States,,,www.zscaler.com,5000063,0,0
objlzy1uu9yms,Ana,Toh,Media/Press,Attended,vobjlzy1uu9yms,Protocol,US,ana.toh@protocol.com,"Editor, Technology",1,Media/Press,Protocol,US,,Ana,"Editor, Technology",Toh,United States,,,www.protocol.com,5000064,0,0
iq2q4qerxdoua,Laura,Le,Media/Press,Attended,viq2q4qerxdoua,Wired,US,laura.le@wired.com,Tech Reporter,1,Media/Press,Wired,US,,Laura,Tech Reporter,Le,United States,,,www.wired.com,5000065,0,0
szbffzzdvg7oq,Noah,Collins,IT Consulting & SI,No show,vszbffzzdvg7oq,Capgemini,FR,noah.collins@capgemini.com,Associate Director,0,IT Consulting & SI,Capgemini,FR,,Noah,Associate Director,Collins,France,,,www.capgemini.com,5000066,0,0
zdo74v1qx8ert,Thomas,Kim,AI & Data,Attended,vzdo74v1qx8ert,DataRobot,US,thomas.kim@datarobot.com,Senior Data Scientist,1,AI & Data,DataRobot,US,,Thomas,Senior Data Scientist,Kim,United States,,,www.datarobot.com,5000067,0,0
qeoz0kz4z7whw,Priya,Fischer,Cloud & Infrastructure,Attended,vqeoz0kz4z7whw,DigitalOcean,US,priya.fischer@digitalocean.com,Principal Solutions Architect,1,Cloud & Infrastructure,DigitalOcean,US,,Priya,Principal Solutions Architect,Fischer,United States,,,www.digitalocean.com,5000068,0,0
safyh1fkj4yk1,William,Dey,IT Consulting & SI,Attended,vsafyh1fkj4yk1,LTIMindtree,IN,william.dey@ltimindtree.com,Technology Consultant,1,IT Consulting & SI,LTIMindtree,IN,,William,Technology Consultant,Dey,India,,,www.ltimindtree.com,5000069,0,0
536zx1tv18kgy,Christine,Campbell,Cybersecurity,Attended,v536zx1tv18kgy,Rapid7,US,christine.campbell@rapid7.com,Director of Cybersecurity,1,Cybersecurity,Rapid7,US,,Christine,Director of Cybersecurity,Campbell,United States,,,www.rapid7.com,5000070,0,0
s2ftom5xlk8wr,Hye-Jin,Okonkwo,Enterprise Software,Attended,vs2ftom5xlk8wr,HubSpot,US,hyejin.okonkwo@hubspot.com,Director of Engineering,1,Enterprise Software,HubSpot,US,,Hye-Jin,Director of Engineering,Okonkwo,United States,,,www.hubspot.com,5000071,0,0
lcd81twhwhy4h,Tendai,Hoffmann,Dev Tools & Platforms,Attended,vlcd81twhwhy4h,PagerDuty,US,tendai.hoffmann@pagerduty.com,Senior Developer Advocate,1,Dev Tools & Platforms,PagerDuty,US,,Tendai,Senior Developer Advocate,Hoffmann,United States,,,www.pagerduty.com,5000072,0,0
oeazc0b4mskyv,Arthur,Sanchez,IT Consulting & SI,No show,voeazc0b4mskyv,Publicis Sapient,FR,arthur.sanchez@publicissapient.com,Technology Consultant,0,IT Consulting & SI,Publicis Sapient,FR,,Arthur,Technology Consultant,Sanchez,France,,,www.publicissapient.com,5000073,0,0
7n3bfh024kwk5,Charlotte,Pereira,Enterprise Software,Attended,v7n3bfh024kwk5,Intuit,US,charlotte.pereira@intuit.com,Director of Engineering,1,Enterprise Software,Intuit,US,,Charlotte,Director of Engineering,Pereira,United States,,,www.intuit.com,5000074,0,0
24479qtkcd0rl,Timothy,Abdullah,Enterprise Software,Attended,v24479qtkcd0rl,Microsoft,US,timothy.abdullah@microsoft.com,Staff Software Engineer,1,Enterprise Software,Microsoft,US,,Timothy,Staff Software Engineer,Abdullah,United States,,,www.microsoft.com,5000075,0,0
qmktgv44ftj5c,Rachel,Jones,VC & Private Equity,Attended,vqmktgv44ftj5c,SoftBank Vision Fund,JP,rachel.jones@softbank.com,Venture Associate,1,VC & Private Equity,SoftBank Vision Fund,JP,,Rachel,Venture Associate,Jones,Japan,,,www.softbank.com,5000076,0,0
9y1ffuu5f07b1,Kathleen,Thompson,Enterprise Software,Attended,v9y1ffuu5f07b1,Zendesk,US,kathleen.thompson@zendesk.com,Director of Engineering,1,Enterprise Software,Zendesk,US,,Kathleen,Director of Engineering,Thompson,United States,,,www.zendesk.com,5000077,0,0
9io3m25a5pisk,Kevin,Edwards,Cybersecurity,Attended,v9io3m25a5pisk,Qualys,US,kevin.edwards@qualys.com,CISO,1,Cybersecurity,Qualys,US,,Kevin,CISO,Edwards,United States,,,www.qualys.com,5000078,0,0
8w5038hvqrhof,Siti,Okonkwo,Enterprise Software,Attended,v8w5038hvqrhof,Intuit,US,siti.okonkwo@intuit.com,Senior Solutions Engineer,1,Enterprise Software,Intuit,US,,Siti,Senior Solutions Engineer,Okonkwo,United States,,,www.intuit.com,5000079,0,0
x6ta7ypp5zp7r,Dylan,Zhang,IT Consulting & SI,Attended,vx6ta7ypp5zp7r,Wipro,IN,dylan.zhang@wipro.com,Technology Consultant,1,IT Consulting & SI,Wipro,IN,,Dylan,Technology Consultant,Zhang,India,,,www.wipro.com,5000080,0,0
h2odpvjtuw9oh,Sung,Tran,IT Consulting & SI,Attended,vh2odpvjtuw9oh,BCG X,US,sung.tran@bcg.com,Data & AI Practice Lead,1,IT Consulting & SI,BCG X,US,,Sung,Data & AI Practice Lead,Tran,United States,,,www.bcg.com,5000081,0,0
3qvdjnv07oxk8,Mark,Torres,Cloud & Infrastructure,Attended,v3qvdjnv07oxk8,Snowflake,US,mark.torres@snowflake.com,Staff Infrastructure Engineer,1,Cloud & Infrastructure,Snowflake,US,,Mark,Staff Infrastructure Engineer,Torres,United States,,,www.snowflake.com,5000082,0,0
dk36m8jvh7ujo,Barbara,Jeong,Enterprise Software,Attended,vdk36m8jvh7ujo,Atlassian,AU,barbara.jeong@atlassian.com,Solutions Architect,1,Enterprise Software,Atlassian,AU,,Barbara,Solutions Architect,Jeong,Australia,,,www.atlassian.com,5000083,0,0
ecw9yil8sa3id,Sofia,Romano,AI & Data,Attended,vecw9yil8sa3id,Hugging Face,US,sofia.romano@huggingface.co,Senior Data Scientist,1,AI & Data,Hugging Face,US,,Sofia,Senior Data Scientist,Romano,United States,,,www.huggingface.co,5000084,0,0
yxw1tbrwr965r,Yusuf,Wilson,Dev Tools & Platforms,Attended,vyxw1tbrwr965r,Kong,US,yusuf.wilson@konghq.com,Head of Developer Relations,1,Dev Tools & Platforms,Kong,US,,Yusuf,Head of Developer Relations,Wilson,United States,,,www.konghq.com,5000085,0,0
nrhzn4kgeuidj,Eric,Choi,Enterprise Software,Attended,vnrhzn4kgeuidj,ServiceNow,US,eric.choi@servicenow.com,Solutions Architect,1,Enterprise Software,ServiceNow,US,,Eric,Solutions Architect,Choi,United States,,,www.servicenow.com,5000086,0,0
qmmu7jae58hux,Ryan,Nguyen,Enterprise Software,Attended,vqmmu7jae58hux,SAP,DE,ryan.nguyen@sap.com,Staff Software Engineer,1,Enterprise Software,SAP,DE,,Ryan,Staff Software Engineer,Nguyen,Germany,,,www.sap.com,5000087,0,0
5270sqg4eij00,Sharon,Turner,Dev Tools & Platforms,No show,v5270sqg4eij00,JFrog,US,sharon.turner@jfrog.com,Community Manager,0,Dev Tools & Platforms,JFrog,US,,Sharon,Community Manager,Turner,United States,,,www.jfrog.com,5000088,0,0
od7rb1s9dwd7o,George,Ward,Cybersecurity,Attended,vod7rb1s9dwd7o,Zscaler,US,george.ward@zscaler.com,Security Sales Engineer,1,Cybersecurity,Zscaler,US,,George,Security Sales Engineer,Ward,United States,,,www.zscaler.com,5000089,0,0
6ridlofas1ekt,Pablo,Clarke,AI & Data,Attended,v6ridlofas1ekt,Together AI,US,pablo.clarke@together.ai,Head of Data Science,1,AI & Data,Together AI,US,,Pablo,Head of Data Science,Clarke,United States,,,www.together.ai,5000090,0,0
3yk03o4gkwwjw,Edward,Chaudhary,Cybersecurity,Attended,v3yk03o4gkwwjw,CrowdStrike,US,edward.chaudhary@crowdstrike.com,Senior Security Engineer,1,Cybersecurity,CrowdStrike,US,,Edward,Senior Security Engineer,Chaudhary,United States,,,www.crowdstrike.com,5000091,0,0
cqg433e1i1p0b,Hong,Ferrari,VC & Private Equity,No show,vcqg433e1i1p0b,Tiger Global,US,hong.ferrari@tigerglobal.com,Venture Associate,0,VC & Private Equity,Tiger Global,US,,Hong,Venture Associate,Ferrari,United States,,,www.tigerglobal.com,5000092,0,0
1s9ryllwb7sjw,Benjamin,Banerjee,Enterprise Software,Attended,v1s9ryllwb7sjw,Salesforce,US,benjamin.banerjee@salesforce.com,Staff Software Engineer,1,Enterprise Software,Salesforce,US,,Benjamin,Staff Software Engineer,Banerjee,United States,,,www.salesforce.com,5000093,0,0
79wcxz2ei9212,Xin,Rossi,Cybersecurity,Attended,v79wcxz2ei9212,SentinelOne,US,xin.rossi@sentinelone.com,Head of Information Security,1,Cybersecurity,SentinelOne,US,,Xin,Head of Information Security,Rossi,United States,,,www.sentinelone.com,5000094,0,0
wnga41izxtnsr,Sung,Mitchell,VC & Private Equity,Attended,vwnga41izxtnsr,Accel,US,sung.mitchell@accel.com,Venture Associate,1,VC & Private Equity,Accel,US,,Sung,Venture Associate,Mitchell,United States,,,www.accel.com,5000095,0,0
r6c2cu7onz3jb,Andrew,Asante,IT Consulting & SI,Attended,vr6c2cu7onz3jb,Accenture,IE,andrew.asante@accenture.com,"Solution Architect, Digital",1,IT Consulting & SI,Accenture,IE,,Andrew,"Solution Architect, Digital",Asante,Ireland,,,www.accenture.com,5000096,0,0
mqx5ggomf9pml,Meera,Mokoena,AI & Data,Attended,vmqx5ggomf9pml,Cohere,CA,meera.mokoena@cohere.com,Head of Data Science,1,AI & Data,Cohere,CA,,Meera,Head of Data Science,Mokoena,Canada,,,www.cohere.com,5000097,0,0
a3yjtu7fbmenu,Kathleen,Peterson,Dev Tools & Platforms,Attended,va3yjtu7fbmenu,JFrog,US,kathleen.peterson@jfrog.com,Platform Product Manager,1,Dev Tools & Platforms,JFrog,US,,Kathleen,Platform Product Manager,Peterson,United States,,,www.jfrog.com,5000098,0,0
55ixva1nkbtfs,Patrick,Mitchell,Dev Tools & Platforms,Attended,v55ixva1nkbtfs,JFrog,US,patrick.mitchell@jfrog.com,Senior Developer Advocate,1,Dev Tools & Platforms,JFrog,US,,Patrick,Senior Developer Advocate,Mitchell,United States,,,www.jfrog.com,5000099,0,0
0ic1l7dypmlva,Deepak,Phillips,VC & Private Equity,Attended,v0ic1l7dypmlva,Lightspeed Venture Partners,US,deepak.phillips@lsvp.com,General Partner,1,VC & Private Equity,Lightspeed Venture Partners,US,,Deepak,General Partner,Phillips,United States,,,www.lsvp.com,5000100,0,0
ayeqahthsjr0f,Juan,Abdullah,VC & Private Equity,No show,vayeqahthsjr0f,Bessemer Venture Partners,US,juan.abdullah@bvp.com,General Partner,0,VC & Private Equity,Bessemer Venture Partners,US,,Juan,General Partner,Abdullah,United States,,,www.bvp.com,5000101,0,0
auxbgk2wbxanj,Camila,Hidayat,Cloud & Infrastructure,Attended,vauxbgk2wbxanj,MongoDB,US,camila.hidayat@mongodb.com,Staff Infrastructure Engineer,1,Cloud & Infrastructure,MongoDB,US,,Camila,Staff Infrastructure Engineer,Hidayat,United States,,,www.mongodb.com,5000102,0,0
mk99jcjn9978i,Divya,Yang,Speaker,Attended,vmk99jcjn9978i,Stanford School of Engineering,US,divya.yang@stanford.edu,Distinguished Engineer,1,Speaker,Stanford School of Engineering,US,,Divya,Distinguished Engineer,Yang,United States,,Speaker,www.stanford.edu,5000103,0,0
se99f77lu8el5,Layla,Wilson,Cloud & Infrastructure,Attended,vse99f77lu8el5,Vercel,US,layla.wilson@vercel.com,DevOps Engineer,1,Cloud & Infrastructure,Vercel,US,,Layla,DevOps Engineer,Wilson,United States,,,www.vercel.com,5000104,0,0
vzn4regb1ajo0,Stephanie,Ricci,IT Consulting & SI,Attended,vvzn4regb1ajo0,Cognizant,US,stephanie.ricci@cognizant.com,Cloud Migration Specialist,1,IT Consulting & SI,Cognizant,US,,Stephanie,Cloud Migration Specialist,Ricci,United States,,,www.cognizant.com,5000105,0,0
q55it9bn18gp5,Liam,Adeyemi,IT Consulting & SI,Attended,vq55it9bn18gp5,IBM Consulting,US,liam.adeyemi@ibm.com,Senior Technology Consultant,1,IT Consulting & SI,IBM Consulting,US,,Liam,Senior Technology Consultant,Adeyemi,United States,,,www.ibm.com,5000106,0,0
xzf0dzwdz09wf,Ji-Won,Zhang,Cloud & Infrastructure,Attended,vxzf0dzwdz09wf,Confluent,US,jiwon.zhang@confluent.io,Cloud Architect,1,Cloud & Infrastructure,Confluent,US,,Ji-Won,Cloud Architect,Zhang,United States,,,www.confluent.io,5000107,0,0
rhxqpva5kw3hg,Mark,Wijaya,Staff,No show,vrhxqpva5kw3hg,TechForward Organising Committee,SG,mark.wijaya@techforwardsummit.com,Technical Support Specialist,0,Staff,TechForward Organising Committee,SG,,Mark,Technical Support Specialist,Wijaya,Singapore,,,www.techforwardsummit.com,5000108,0,0
mfbuvldd9fkxz,Nurul,Pham,IT Consulting & SI,Attended,vmfbuvldd9fkxz,NTT Data,JP,nurul.pham@nttdata.com,Senior Technology Consultant,1,IT Consulting & SI,NTT Data,JP,,Nurul,Senior Technology Consultant,Pham,Japan,,,www.nttdata.com,5000109,0,0
hhcu9td0v2zp4,Scott,Watanabe,Cybersecurity,No show,vhhcu9td0v2zp4,CyberArk,IL,scott.watanabe@cyberark.com,CISO,0,Cybersecurity,CyberArk,IL,,Scott,CISO,Watanabe,Israel,,,www.cyberark.com,5000110,0,0
uw7wr0r35ikge,Kenji,Wee,VC & Private Equity,Attended,vuw7wr0r35ikge,GGV Capital,US,kenji.wee@ggvc.com,Partner,1,VC & Private Equity,GGV Capital,US,,Kenji,Partner,Wee,United States,,,www.ggvc.com,5000111,0,0
7rrbefq56q37c,Miku,Mishra,Cloud & Infrastructure,Attended,v7rrbefq56q37c,Vercel,US,miku.mishra@vercel.com,Platform Engineer,1,Cloud & Infrastructure,Vercel,US,,Miku,Platform Engineer,Mishra,United States,,,www.vercel.com,5000112,0,0
d5n3ksgnbhds2,Yuto,Mitchell,Cybersecurity,Attended,vd5n3ksgnbhds2,CrowdStrike,US,yuto.mitchell@crowdstrike.com,Security Consultant,1,Cybersecurity,CrowdStrike,US,,Yuto,Security Consultant,Mitchell,United States,,,www.crowdstrike.com,5000113,0,0
xlul6lgjlpefj,Emma,Seah,VC & Private Equity,Attended,vxlul6lgjlpefj,Insight Partners,US,emma.seah@insightpartners.com,Venture Associate,1,VC & Private Equity,Insight Partners,US,,Emma,Venture Associate,Seah,United States,,,www.insightpartners.com,5000114,0,0
mlh13c71ud2zd,Sunita,Fischer,Cloud & Infrastructure,Attended,vmlh13c71ud2zd,Amazon Web Services,US,sunita.fischer@aws.amazon.com,Staff Infrastructure Engineer,1,Cloud & Infrastructure,Amazon Web Services,US,,Sunita,Staff Infrastructure Engineer,Fischer,United States,,,www.aws.amazon.com,5000115,0,0
zduckqviifrch,Carmen,Ng,IT Consulting & SI,Attended,vzduckqviifrch,Publicis Sapient,FR,carmen.ng@publicissapient.com,Data & AI Practice Lead,1,IT Consulting & SI,Publicis Sapient,FR,,Carmen,Data & AI Practice Lead,Ng,France,,,www.publicissapient.com,5000116,0,0
yv3lxchfu131x,Shan,Nakamura,IT Consulting & SI,Attended,vyv3lxchfu131x,Wipro,IN,shan.nakamura@wipro.com,VP of Digital Transformation,1,IT Consulting & SI,Wipro,IN,,Shan,VP of Digital Transformation,Nakamura,India,,,www.wipro.com,5000117,0,0
u9dkbpvwzophg,Carol,Collins,Enterprise Software,Attended,vu9dkbpvwzophg,Salesforce,US,carol.collins@salesforce.com,Principal Product Manager,1,Enterprise Software,Salesforce,US,,Carol,Principal Product Manager,Collins,United States,,,www.salesforce.com,5000118,0,0
3nipar0zj7ubb,Naomi,Durand,IT Consulting & SI,No show,v3nipar0zj7ubb,IBM Consulting,US,naomi.durand@ibm.com,Data & AI Practice Lead,0,IT Consulting & SI,IBM Consulting,US,,Naomi,Data & AI Practice Lead,Durand,United States,,,www.ibm.com,5000119,0,0
nu8c0s41kssvi,Brigitte,Esposito,Hardware & Semiconductors,Attended,vnu8c0s41kssvi,Arm Holdings,GB,brigitte.esposito@arm.com,System Architecture Engineer,1,Hardware & Semiconductors,Arm Holdings,GB,,Brigitte,System Architecture Engineer,Esposito,United Kingdom,,,www.arm.com,5000120,0,0
uuxk0arec2jwj,Philip,Brown,Media/Press,Attended,vuuxk0arec2jwj,MIT Technology Review,US,philip.brown@technologyreview.com,Contributing Writer,1,Media/Press,MIT Technology Review,US,,Philip,Contributing Writer,Brown,United States,,,www.technologyreview.com,5000121,0,0
x0gu4bj3bqrr8,Kento,Cooper,Cloud & Infrastructure,Attended,vx0gu4bj3bqrr8,Datadog,US,kento.cooper@datadoghq.com,Chief Technology Officer,1,Cloud & Infrastructure,Datadog,US,,Kento,Chief Technology Officer,Cooper,United States,,,www.datadoghq.com,5000122,0,0
o100vhmygty3a,Patricia,Watanabe,IT Consulting & SI,Attended,vo100vhmygty3a,NTT Data,JP,patricia.watanabe@nttdata.com,Managing Consultant,1,IT Consulting & SI,NTT Data,JP,,Patricia,Managing Consultant,Watanabe,Japan,,,www.nttdata.com,5000123,0,0
q7w7jp61lfc1n,Pooja,Martin,Enterprise Software,Attended,vq7w7jp61lfc1n,Salesforce,US,pooja.martin@salesforce.com,Senior Product Manager,1,Enterprise Software,Salesforce,US,,Pooja,Senior Product Manager,Martin,United States,,,www.salesforce.com,5000124,0,0
ofloaz1ro03ci,Ama,Nguyen,IT Consulting & SI,No show,vofloaz1ro03ci,Capgemini,FR,ama.nguyen@capgemini.com,Senior Technology Consultant,0,IT Consulting & SI,Capgemini,FR,,Ama,Senior Technology Consultant,Nguyen,France,,,www.capgemini.com,5000125,0,0
ru7myow8dt8cq,Dylan,Joshi,AI & Data,Attended,vru7myow8dt8cq,Hugging Face,US,dylan.joshi@huggingface.co,Research Scientist,1,AI & Data,Hugging Face,US,,Dylan,Research Scientist,Joshi,United States,,,www.huggingface.co,5000126,0,0
9bc2be3yqy5fu,Andrew,Taylor,IT Consulting & SI,Attended,v9bc2be3yqy5fu,Thoughtworks,US,andrew.taylor@thoughtworks.com,VP of Digital Transformation,1,IT Consulting & SI,Thoughtworks,US,,Andrew,VP of Digital Transformation,Taylor,United States,,,www.thoughtworks.com,5000127,0,0
40oeytl8hbgcj,Ibrahim,Ma,Media/Press,Attended,v40oeytl8hbgcj,VentureBeat,US,ibrahim.ma@venturebeat.com,Contributing Writer,1,Media/Press,VentureBeat,US,,Ibrahim,Contributing Writer,Ma,United States,,,www.venturebeat.com,5000128,0,0
jqigyvzwd3kpu,Deborah,Lopez,Enterprise Software,Attended,vjqigyvzwd3kpu,Adobe,US,deborah.lopez@adobe.com,Senior Product Manager,1,Enterprise Software,Adobe,US,,Deborah,Senior Product Manager,Lopez,United States,,,www.adobe.com,5000129,0,0
6rf7bnhjw6qdb,Soo-Jin,Parker,Enterprise Software,Attended,v6rf7bnhjw6qdb,ServiceNow,US,soojin.parker@servicenow.com,Customer Success Manager,1,Enterprise Software,ServiceNow,US,,Soo-Jin,Customer Success Manager,Parker,United States,,,www.servicenow.com,5000130,0,0
gnqgmjmbukdqp,Sara,Khanna,IT Consulting & SI,Attended,vgnqgmjmbukdqp,LTIMindtree,IN,sara.khanna@ltimindtree.com,Managing Consultant,1,IT Consulting & SI,LTIMindtree,IN,,Sara,Managing Consultant,Khanna,India,,,www.ltimindtree.com,5000131,0,0
66pb90spo3zdr,Amy,Choi,AI & Data,Attended,v66pb90spo3zdr,Cohere,CA,amy.choi@cohere.com,Principal ML Engineer,1,AI & Data,Cohere,CA,,Amy,Principal ML Engineer,Choi,Canada,,,www.cohere.com,5000132,0,0
nytk1zwuhywm7,Riko,Mueller,IT Consulting & SI,Attended,vnytk1zwuhywm7,Thoughtworks,US,riko.mueller@thoughtworks.com,Technology Consultant,1,IT Consulting & SI,Thoughtworks,US,,Riko,Technology Consultant,Mueller,United States,,,www.thoughtworks.com,5000133,0,0
pbnqs3qt36qny,Carmen,Pedersen,VC & Private Equity,No show,vpbnqs3qt36qny,SoftBank Vision Fund,JP,carmen.pedersen@softbank.com,Partner,0,VC & Private Equity,SoftBank Vision Fund,JP,,Carmen,Partner,Pedersen,Japan,,,www.softbank.com,5000134,0,0
95g5dog8cfeff,Nicholas,Sato,VIP,Attended,v95g5dog8cfeff,Google Cloud,US,nicholas.sato@cloud.google.com,Executive Vice President,1,VIP,Google Cloud,US,,Nicholas,Executive Vice President,Sato,United States,,VIP,www.cloud.google.com,5000135,0,0
rxttqu6l2ink4,Michelle,Das,IT Consulting & SI,Attended,vrxttqu6l2ink4,NTT Data,JP,michelle.das@nttdata.com,Managing Consultant,1,IT Consulting & SI,NTT Data,JP,,Michelle,Managing Consultant,Das,Japan,,,www.nttdata.com,5000136,0,0
zx9fq9tea7187,Dorothy,Johnson,Enterprise Software,Attended,vzx9fq9tea7187,Microsoft,US,dorothy.johnson@microsoft.com,Customer Success Manager,1,Enterprise Software,Microsoft,US,,Dorothy,Customer Success Manager,Johnson,United States,,,www.microsoft.com,5000137,0,0
eawhmlvhs21hd,Alejandro,Luo,Cybersecurity,Attended,veawhmlvhs21hd,SentinelOne,US,alejandro.luo@sentinelone.com,Threat Intelligence Analyst,1,Cybersecurity,SentinelOne,US,,Alejandro,Threat Intelligence Analyst,Luo,United States,,,www.sentinelone.com,5000138,0,0
mlquh50opf060,Hao,Baker,AI & Data,Attended,vmlquh50opf060,Palantir Technologies,US,hao.baker@palantir.com,Research Scientist,1,AI & Data,Palantir Technologies,US,,Hao,Research Scientist,Baker,United States,,,www.palantir.com,5000139,0,0
r0i2fkxwexkg6,Greta,Howard,Cybersecurity,Attended,vr0i2fkxwexkg6,CrowdStrike,US,greta.howard@crowdstrike.com,Director of Cybersecurity,1,Cybersecurity,CrowdStrike,US,,Greta,Director of Cybersecurity,Howard,United States,,,www.crowdstrike.com,5000140,0,0
bnw8bkxcgw1vg,Sanjay,Rodrigues,Hardware & Semiconductors,Attended,vbnw8bkxcgw1vg,Marvell Technology,US,sanjay.rodrigues@marvell.com,Chief Technology Officer,1,Hardware & Semiconductors,Marvell Technology,US,,Sanjay,Chief Technology Officer,Rodrigues,United States,,,www.marvell.com,5000141,0,0
z2p6eeamyfp9s,Divya,Campbell,AI & Data,Attended,vz2p6eeamyfp9s,NVIDIA,US,divya.campbell@nvidia.com,Principal ML Engineer,1,AI & Data,NVIDIA,US,,Divya,Principal ML Engineer,Campbell,United States,,,www.nvidia.com,5000142,0,0
127h6gmd478mf,Yuto,Nguyen,Enterprise Software,No show,v127h6gmd478mf,Oracle,US,yuto.nguyen@oracle.com,"Account Executive, Enterprise",0,Enterprise Software,Oracle,US,,Yuto,"Account Executive, Enterprise",Nguyen,United States,,,www.oracle.com,5000143,0,0
0iuduahgk6t9d,Peter,Evans,Staff,Attended,v0iuduahgk6t9d,FieldDrive Events,BE,peter.evans@fielddrive.com,Registration & Badging Lead,1,Staff,FieldDrive Events,BE,,Peter,Registration & Badging Lead,Evans,Belgium,,,www.fielddrive.com,5000144,0,0
kzcrnq0y4io9p,Diego,Garcia,Hardware & Semiconductors,Attended,vkzcrnq0y4io9p,TSMC,TW,diego.garcia@tsmc.com,Principal VLSI Engineer,1,Hardware & Semiconductors,TSMC,TW,,Diego,Principal VLSI Engineer,Garcia,Taiwan,,,www.tsmc.com,5000145,0,0
gnhh4oipr11v1,Ella,Loh,Dev Tools & Platforms,Attended,vgnhh4oipr11v1,Sentry,US,ella.loh@sentry.io,Senior Developer Advocate,1,Dev Tools & Platforms,Sentry,US,,Ella,Senior Developer Advocate,Loh,United States,,,www.sentry.io,5000146,0,0
lkw1xsrqkrst3,Min-Ji,Kato,IT Consulting & SI,Attended,vlkw1xsrqkrst3,IBM Consulting,US,minji.kato@ibm.com,Associate Director,1,IT Consulting & SI,IBM Consulting,US,,Min-Ji,Associate Director,Kato,United States,,,www.ibm.com,5000147,0,0
ttqufcjvny1kc,Dewi,Thomas,Enterprise Software,Attended,vttqufcjvny1kc,Salesforce,US,dewi.thomas@salesforce.com,Customer Success Manager,1,Enterprise Software,Salesforce,US,,Dewi,Customer Success Manager,Thomas,United States,,,www.salesforce.com,5000148,0,0
spaqaluldryhr,Abena,Sanchez,Speaker,Attended,vspaqaluldryhr,ETH Zurich,CH,abena.sanchez@ethz.ch,Professor of Computer Science,1,Speaker,ETH Zurich,CH,,Abena,Professor of Computer Science,Sanchez,Switzerland,,Speaker,www.ethz.ch,5000149,0,0
utpmc3skxlojs,Luca,Sanchez,Dev Tools & Platforms,Attended,vutpmc3skxlojs,Twilio,US,luca.sanchez@twilio.com,Head of Developer Relations,1,Dev Tools & Platforms,Twilio,US,,Luca,Head of Developer Relations,Sanchez,United States,,,www.twilio.com,5000150,0,0
o46w4jkfyiifa,Oliver,Adeyemi,IT Consulting & SI,Attended,vo46w4jkfyiifa,Accenture,IE,oliver.adeyemi@accenture.com,Cloud Migration Specialist,1,IT Consulting & SI,Accenture,IE,,Oliver,Cloud Migration Specialist,Adeyemi,Ireland,,,www.accenture.com,5000151,0,0
86y5o44iusexu,Liam,Watanabe,Cybersecurity,Attended,v86y5o44iusexu,Lacework,US,liam.watanabe@lacework.com,Senior Security Engineer,1,Cybersecurity,Lacework,US,,Liam,Senior Security Engineer,Watanabe,United States,,,www.lacework.com,5000152,0,0
y857nz3a8v4x7,Pablo,Pham,Hardware & Semiconductors,No show,vy857nz3a8v4x7,Arm Holdings,GB,pablo.pham@arm.com,Senior Chip Design Engineer,0,Hardware & Semiconductors,Arm Holdings,GB,,Pablo,Senior Chip Design Engineer,Pham,United Kingdom,,,www.arm.com,5000153,0,0
yjnxz6ytipa87,Philip,Nair,Cybersecurity,Attended,vyjnxz6ytipa87,SentinelOne,US,philip.nair@sentinelone.com,SOC Analyst,1,Cybersecurity,SentinelOne,US,,Philip,SOC Analyst,Nair,United States,,,www.sentinelone.com,5000154,0,0
smv30qabxw2eo,Henrik,Reddy,AI & Data,Attended,vsmv30qabxw2eo,Scale AI,US,henrik.reddy@scale.com,ML Solutions Architect,1,AI & Data,Scale AI,US,,Henrik,ML Solutions Architect,Reddy,United States,,,www.scale.com,5000155,0,0
5i87xw69hzgop,Scott,Carter,Cloud & Infrastructure,Attended,v5i87xw69hzgop,Google Cloud,US,scott.carter@cloud.google.com,Senior Site Reliability Engineer,1,Cloud & Infrastructure,Google Cloud,US,,Scott,Senior Site Reliability Engineer,Carter,United States,,,www.cloud.google.com,5000156,0,0
ypofkjw6nyqae,Sanjay,Becker,AI & Data,Attended,vypofkjw6nyqae,Scale AI,US,sanjay.becker@scale.com,Data Engineer,1,AI & Data,Scale AI,US,,Sanjay,Data Engineer,Becker,United States,,,www.scale.com,5000157,0,0
bggrmqdzpjl9r,Sipho,Gupta,IT Consulting & SI,Attended,vbggrmqdzpjl9r,Accenture,IE,sipho.gupta@accenture.com,"Partner, Technology Practice",1,IT Consulting & SI,Accenture,IE,,Sipho,"Partner, Technology Practice",Gupta,Ireland,,,www.accenture.com,5000158,0,0
p97bmzrr45ed5,Jacob,Asante,Hardware & Semiconductors,Attended,vp97bmzrr45ed5,AMD,US,jacob.asante@amd.com,Principal VLSI Engineer,1,Hardware & Semiconductors,AMD,US,,Jacob,Principal VLSI Engineer,Asante,United States,,,www.amd.com,5000159,0,0
c3xq8va8x8l00,Oliver,Yoon,Cloud & Infrastructure,Attended,vc3xq8va8x8l00,Google Cloud,US,oliver.yoon@cloud.google.com,Developer Advocate,1,Cloud & Infrastructure,Google Cloud,US,,Oliver,Developer Advocate,Yoon,United States,,,www.cloud.google.com,5000160,0,0
vmdnhqnjvdpng,Brigitte,Guo,AI & Data,No show,vvmdnhqnjvdpng,Pinecone,US,brigitte.guo@pinecone.io,Research Scientist,0,AI & Data,Pinecone,US,,Brigitte,Research Scientist,Guo,United States,,,www.pinecone.io,5000161,0,0
ds9yxz7sxdqc2,Anita,Carter,AI & Data,Attended,vds9yxz7sxdqc2,Palantir Technologies,US,anita.carter@palantir.com,AI/ML Platform Lead,1,AI & Data,Palantir Technologies,US,,Anita,AI/ML Platform Lead,Carter,United States,,,www.palantir.com,5000162,0,0
24bozl01q3m73,Peter,Edwards,Dev Tools & Platforms,Attended,v24bozl01q3m73,GitLab,US,peter.edwards@gitlab.com,Community Manager,1,Dev Tools & Platforms,GitLab,US,,Peter,Community Manager,Edwards,United States,,,www.gitlab.com,5000163,0,0
8y2deg3zgarfi,Mateus,Wee,Hardware & Semiconductors,Attended,v8y2deg3zgarfi,Groq,US,mateus.wee@groq.com,System Architecture Engineer,1,Hardware & Semiconductors,Groq,US,,Mateus,System Architecture Engineer,Wee,United States,,,www.groq.com,5000164,0,0
ru09bos0765ic,David,Hu,Hardware & Semiconductors,Attended,vru09bos0765ic,AMD,US,david.hu@amd.com,Senior Chip Design Engineer,1,Hardware & Semiconductors,AMD,US,,David,Senior Chip Design Engineer,Hu,United States,,,www.amd.com,5000165,0,0
op7xmr8fhydrg,Jason,Koh,AI & Data,Attended,vop7xmr8fhydrg,Together AI,US,jason.koh@together.ai,VP of Data & Analytics,1,AI & Data,Together AI,US,,Jason,VP of Data & Analytics,Koh,United States,,,www.together.ai,5000166,0,0
9211u645vdb82,Mateus,Ricci,Enterprise Software,Attended,v9211u645vdb82,SAP,DE,mateus.ricci@sap.com,Solutions Architect,1,Enterprise Software,SAP,DE,,Mateus,Solutions Architect,Ricci,Germany,,,www.sap.com,5000167,0,0
o1i3msdn1mxf1,Tao,Pham,IT Consulting & SI,Attended,vo1i3msdn1mxf1,LTIMindtree,IN,tao.pham@ltimindtree.com,Senior Technology Consultant,1,IT Consulting & SI,LTIMindtree,IN,,Tao,Senior Technology Consultant,Pham,India,,,www.ltimindtree.com,5000168,0,0
zxskoytk06akt,Michelle,Hoffmann,Cybersecurity,Attended,vzxskoytk06akt,Okta,US,michelle.hoffmann@okta.com,CISO,1,Cybersecurity,Okta,US,,Michelle,CISO,Hoffmann,United States,,,www.okta.com,5000169,0,0
lmwa6tj3kps04,Scott,Wee,Cybersecurity,Attended,vlmwa6tj3kps04,CyberArk,IL,scott.wee@cyberark.com,Head of Information Security,1,Cybersecurity,CyberArk,IL,,Scott,Head of Information Security,Wee,Israel,,,www.cyberark.com,5000170,0,0
dsg2qfpodpehc,Marco,Watanabe,Cybersecurity,Attended,vdsg2qfpodpehc,Wiz,US,marco.watanabe@wiz.io,Threat Intelligence Analyst,1,Cybersecurity,Wiz,US,,Marco,Threat Intelligence Analyst,Watanabe,United States,,,www.wiz.io,5000171,0,0
fu7e4dnkseknk,Lisa,Le,Enterprise Software,Attended,vfu7e4dnkseknk,Sprinklr,US,lisa.le@sprinklr.com,Senior Product Manager,1,Enterprise Software,Sprinklr,US,,Lisa,Senior Product Manager,Le,United States,,,www.sprinklr.com,5000172,0,0
yf0dwwn6mbypj,Christopher,Pereira,IT Consulting & SI,Attended,vyf0dwwn6mbypj,Accenture,IE,christopher.pereira@accenture.com,"Solution Architect, Digital",1,IT Consulting & SI,Accenture,IE,,Christopher,"Solution Architect, Digital",Pereira,Ireland,,,www.accenture.com,5000173,0,0
4udtlvr7mgatn,Laura,Wright,Dev Tools & Platforms,Attended,v4udtlvr7mgatn,PagerDuty,US,laura.wright@pagerduty.com,Head of Developer Relations,1,Dev Tools & Platforms,PagerDuty,US,,Laura,Head of Developer Relations,Wright,United States,,,www.pagerduty.com,5000174,0,0
iviss8jltcbw6,David,Patel,Staff,Attended,viviss8jltcbw6,FieldDrive Events,BE,david.patel@fielddrive.com,Technical Support Specialist,1,Staff,FieldDrive Events,BE,,David,Technical Support Specialist,Patel,Belgium,,,www.fielddrive.com,5000175,0,0
b38wxgc7jjy94,Peter,Tan,Enterprise Software,Attended,vb38wxgc7jjy94,Microsoft,US,peter.tan@microsoft.com,Principal Product Manager,1,Enterprise Software,Microsoft,US,,Peter,Principal Product Manager,Tan,United States,,,www.microsoft.com,5000176,0,0
h8l6e7vaaguzr,Jun,Kobayashi,Enterprise Software,Attended,vh8l6e7vaaguzr,SAP,DE,jun.kobayashi@sap.com,Staff Software Engineer,1,Enterprise Software,SAP,DE,,Jun,Staff Software Engineer,Kobayashi,Germany,,,www.sap.com,5000177,0,0
g3w3h98brzva9,Hans,Huang,Hardware & Semiconductors,Attended,vg3w3h98brzva9,Qualcomm,US,hans.huang@qualcomm.com,Principal VLSI Engineer,1,Hardware & Semiconductors,Qualcomm,US,,Hans,Principal VLSI Engineer,Huang,United States,,,www.qualcomm.com,5000178,0,0
5apyx4l4oesrs,Maria,Simon,Cloud & Infrastructure,Attended,v5apyx4l4oesrs,Google Cloud,US,maria.simon@cloud.google.com,Chief Technology Officer,1,Cloud & Infrastructure,Google Cloud,US,,Maria,Chief Technology Officer,Simon,United States,,,www.cloud.google.com,5000179,0,0
dimbm271w1wud,Catherine,Moore,IT Consulting & SI,Attended,vdimbm271w1wud,Deloitte Technology,US,catherine.moore@deloitte.com,Technology Consultant,1,IT Consulting & SI,Deloitte Technology,US,,Catherine,Technology Consultant,Moore,United States,,,www.deloitte.com,5000180,0,0
dxyasvdazv46e,Sota,Peterson,IT Consulting & SI,Attended,vdxyasvdazv46e,BCG X,US,sota.peterson@bcg.com,Managing Consultant,1,IT Consulting & SI,BCG X,US,,Sota,Managing Consultant,Peterson,United States,,,www.bcg.com,5000181,0,0
ubm9xhcgryqy4,Jae-Won,Pandey,Cybersecurity,Attended,vubm9xhcgryqy4,Snyk,GB,jaewon.pandey@snyk.io,Senior Security Engineer,1,Cybersecurity,Snyk,GB,,Jae-Won,Senior Security Engineer,Pandey,United Kingdom,,,www.snyk.io,5000182,0,0
gv1bbhg5zmtga,Mateus,Sharma,Hardware & Semiconductors,Attended,vgv1bbhg5zmtga,Qualcomm,US,mateus.sharma@qualcomm.com,"VP of Product, Silicon",1,Hardware & Semiconductors,Qualcomm,US,,Mateus,"VP of Product, Silicon",Sharma,United States,,,www.qualcomm.com,5000183,0,0
2gnnv9ibwgt2l,Helen,Lai,Cloud & Infrastructure,No show,v2gnnv9ibwgt2l,Google Cloud,US,helen.lai@cloud.google.com,VP of Engineering,0,Cloud & Infrastructure,Google Cloud,US,,Helen,VP of Engineering,Lai,United States,,,www.cloud.google.com,5000184,0,0
25485hcqxcs1x,Sota,Chen,AI & Data,Attended,v25485hcqxcs1x,Palantir Technologies,US,sota.chen@palantir.com,Principal ML Engineer,1,AI & Data,Palantir Technologies,US,,Sota,Principal ML Engineer,Chen,United States,,,www.palantir.com,5000185,0,0
qmvqwpqo2lngi,Greta,Robinson,Hardware & Semiconductors,Attended,vqmvqwpqo2lngi,Arm Holdings,GB,greta.robinson@arm.com,AI Hardware Architect,1,Hardware & Semiconductors,Arm Holdings,GB,,Greta,AI Hardware Architect,Robinson,United Kingdom,,,www.arm.com,5000186,0,0
ak32oouxqs1fo,George,Laurent,Board Member,Attended,vak32oouxqs1fo,NVIDIA,US,george.laurent@nvidia.com,Independent Director,1,Board Member,NVIDIA,US,,George,Independent Director,Laurent,United States,,Board Member,www.nvidia.com,5000187,0,0
7a34mpyo2tla2,Carol,Mitchell,Hardware & Semiconductors,No show,v7a34mpyo2tla2,MediaTek,TW,carol.mitchell@mediatek.com,AI Hardware Architect,0,Hardware & Semiconductors,MediaTek,TW,,Carol,AI Hardware Architect,Mitchell,Taiwan,,,www.mediatek.com,5000188,0,0
99u26uon8cnrl,Shan,Ho,VC & Private Equity,Attended,v99u26uon8cnrl,Sequoia Capital,US,shan.ho@sequoiacap.com,Principal,1,VC & Private Equity,Sequoia Capital,US,,Shan,Principal,Ho,United States,,,www.sequoiacap.com,5000189,0,0
dtrc85ehpzrv7,Budi,Rogers,IT Consulting & SI,No show,vdtrc85ehpzrv7,KPMG Advisory,NL,budi.rogers@kpmg.com,Senior Technology Consultant,0,IT Consulting & SI,KPMG Advisory,NL,,Budi,Senior Technology Consultant,Rogers,Netherlands,,,www.kpmg.com,5000190,0,0
syjafco3s65qu,Yasmin,Lee,Media/Press,Attended,vsyjafco3s65qu,Protocol,US,yasmin.lee@protocol.com,Tech Reporter,1,Media/Press,Protocol,US,,Yasmin,Tech Reporter,Lee,United States,,,www.protocol.com,5000191,0,0
z0hr9t9cd1lqj,Hana,Thomas,Cybersecurity,Attended,vz0hr9t9cd1lqj,Snyk,GB,hana.thomas@snyk.io,Security Sales Engineer,1,Cybersecurity,Snyk,GB,,Hana,Security Sales Engineer,Thomas,United Kingdom,,,www.snyk.io,5000192,0,0
gadktoc1yfmhb,Sofia,Nakamura,Dev Tools & Platforms,Attended,vgadktoc1yfmhb,Postman,US,sofia.nakamura@postman.com,Developer Success Manager,1,Dev Tools & Platforms,Postman,US,,Sofia,Developer Success Manager,Nakamura,United States,,,www.postman.com,5000193,0,0
523ggodlught7,Steven,Cooper,Enterprise Software,No show,v523ggodlught7,Freshworks,IN,steven.cooper@freshworks.com,Engineering Manager,0,Enterprise Software,Freshworks,IN,,Steven,Engineering Manager,Cooper,India,,,www.freshworks.com,5000194,0,0
hmgoloqc3xnch,Vikram,Ramirez,Enterprise Software,No show,vhmgoloqc3xnch,Adobe,US,vikram.ramirez@adobe.com,Solutions Architect,0,Enterprise Software,Adobe,US,,Vikram,Solutions Architect,Ramirez,United States,,,www.adobe.com,5000195,0,0
v9dt94g8v9zy9,Carmen,Adams,AI & Data,Attended,vv9dt94g8v9zy9,Mistral AI,FR,carmen.adams@mistral.ai,Research Scientist,1,AI & Data,Mistral AI,FR,,Carmen,Research Scientist,Adams,France,,,www.mistral.ai,5000196,0,0
cnkfhb7v80lkx,Sara,Anderson,AI & Data,Attended,vcnkfhb7v80lkx,Pinecone,US,sara.anderson@pinecone.io,Data Engineer,1,AI & Data,Pinecone,US,,Sara,Data Engineer,Anderson,United States,,,www.pinecone.io,5000197,0,0
a5cgwfhdv37ic,Omar,Cao,Dev Tools & Platforms,Attended,va5cgwfhdv37ic,Stripe,US,omar.cao@stripe.com,Developer Success Manager,1,Dev Tools & Platforms,Stripe,US,,Omar,Developer Success Manager,Cao,United States,,,www.stripe.com,5000198,0,0
vf0jqqnvceqfg,Emma,Ferreira,IT Consulting & SI,Attended,vvf0jqqnvceqfg,HCL Technologies,IN,emma.ferreira@hcltech.com,Data & AI Practice Lead,1,IT Consulting & SI,HCL Technologies,IN,,Emma,Data & AI Practice Lead,Ferreira,India,,,www.hcltech.com,5000199,0,0
zx70ib3wyzxjq,Elena,Nelson,Dev Tools & Platforms,Attended,vzx70ib3wyzxjq,MuleSoft,US,elena.nelson@mulesoft.com,Staff Software Engineer,1,Dev Tools & Platforms,MuleSoft,US,,Elena,Staff Software Engineer,Nelson,United States,,,www.mulesoft.com,5000200,0,0
xnlo50dw1mf07,Yan,Schulz,IT Consulting & SI,Attended,vxnlo50dw1mf07,KPMG Advisory,NL,yan.schulz@kpmg.com,Director of Technology,1,IT Consulting & SI,KPMG Advisory,NL,,Yan,Director of Technology,Schulz,Netherlands,,,www.kpmg.com,5000201,0,0
gcg1j6oww5fkn,Raymond,Thompson,IT Consulting & SI,Attended,vgcg1j6oww5fkn,Cognizant,US,raymond.thompson@cognizant.com,Technology Consultant,1,IT Consulting & SI,Cognizant,US,,Raymond,Technology Consultant,Thompson,United States,,,www.cognizant.com,5000202,0,0
37xncmldqz05e,Khairul,Hill,Cloud & Infrastructure,Attended,v37xncmldqz05e,Elastic,NL,khairul.hill@elastic.co,Platform Engineer,1,Cloud & Infrastructure,Elastic,NL,,Khairul,Platform Engineer,Hill,Netherlands,,,www.elastic.co,5000203,0,0
cp779460khfsu,Diego,Petit,Dev Tools & Platforms,Attended,vcp779460khfsu,GitLab,US,diego.petit@gitlab.com,Developer Success Manager,1,Dev Tools & Platforms,GitLab,US,,Diego,Developer Success Manager,Petit,United States,,,www.gitlab.com,5000204,0,0
r6eet0dy571vx,Ming,Petit,Enterprise Software,Attended,vr6eet0dy571vx,Freshworks,IN,ming.petit@freshworks.com,Engineering Manager,1,Enterprise Software,Freshworks,IN,,Ming,Engineering Manager,Petit,India,,,www.freshworks.com,5000205,0,0
127exvda4l3kh,Elena,Xie,IT Consulting & SI,Attended,v127exvda4l3kh,Infosys,IN,elena.xie@infosys.com,Technology Consultant,1,IT Consulting & SI,Infosys,IN,,Elena,Technology Consultant,Xie,India,,,www.infosys.com,5000206,0,0
i07140k36faop,Akiko,Bose,IT Consulting & SI,No show,vi07140k36faop,IBM Consulting,US,akiko.bose@ibm.com,Technology Consultant,0,IT Consulting & SI,IBM Consulting,US,,Akiko,Technology Consultant,Bose,United States,,,www.ibm.com,5000207,0,0
1otkzh4oe1u24,Lucia,Nair,Enterprise Software,Attended,v1otkzh4oe1u24,ServiceNow,US,lucia.nair@servicenow.com,Engineering Manager,1,Enterprise Software,ServiceNow,US,,Lucia,Engineering Manager,Nair,United States,,,www.servicenow.com,5000208,0,0
xv8wobiry8xny,Charlotte,Abdullah,Media/Press,Attended,vxv8wobiry8xny,Wired,US,charlotte.abdullah@wired.com,Tech Reporter,1,Media/Press,Wired,US,,Charlotte,Tech Reporter,Abdullah,United States,,,www.wired.com,5000209,0,0
c62g3aut3rsvz,Ethan,Santoso,Cloud & Infrastructure,Attended,vc62g3aut3rsvz,Akamai Technologies,US,ethan.santoso@akamai.com,Platform Engineer,1,Cloud & Infrastructure,Akamai Technologies,US,,Ethan,Platform Engineer,Santoso,United States,,,www.akamai.com,5000210,0,0
tp8ak8s2xquzs,Kunal,Koh,IT Consulting & SI,Attended,vtp8ak8s2xquzs,Deloitte Technology,US,kunal.koh@deloitte.com,Associate Director,1,IT Consulting & SI,Deloitte Technology,US,,Kunal,Associate Director,Koh,United States,,,www.deloitte.com,5000211,0,0
ztc09zgnx3vpf,Sophie,Gao,Cybersecurity,Attended,vztc09zgnx3vpf,Fortinet,US,sophie.gao@fortinet.com,Threat Intelligence Analyst,1,Cybersecurity,Fortinet,US,,Sophie,Threat Intelligence Analyst,Gao,United States,,,www.fortinet.com,5000212,0,0
82es5v3dmukjd,Thomas,Phillips,VC & Private Equity,Attended,v82es5v3dmukjd,Lightspeed Venture Partners,US,thomas.phillips@lsvp.com,Principal,1,VC & Private Equity,Lightspeed Venture Partners,US,,Thomas,Principal,Phillips,United States,,,www.lsvp.com,5000213,0,0
qpmqk8sz7iwdl,Chloe,Kapoor,Cybersecurity,Attended,vqpmqk8sz7iwdl,Lacework,US,chloe.kapoor@lacework.com,Senior Security Engineer,1,Cybersecurity,Lacework,US,,Chloe,Senior Security Engineer,Kapoor,United States,,,www.lacework.com,5000214,0,0
aptm9x798ybqg,Yusuf,Watanabe,Enterprise Software,Attended,vaptm9x798ybqg,Oracle,US,yusuf.watanabe@oracle.com,Staff Software Engineer,1,Enterprise Software,Oracle,US,,Yusuf,Staff Software Engineer,Watanabe,United States,,,www.oracle.com,5000215,0,0
778s6764caqkd,Neha,Simon,AI & Data,No show,v778s6764caqkd,Weights & Biases,US,neha.simon@wandb.ai,Principal ML Engineer,0,AI & Data,Weights & Biases,US,,Neha,Principal ML Engineer,Simon,United States,,,www.wandb.ai,5000216,0,0
gmdrdsferfxio,Anita,Chatterjee,Board Member,Attended,vgmdrdsferfxio,Amazon Web Services,US,anita.chatterjee@aws.amazon.com,Board Director,1,Board Member,Amazon Web Services,US,,Anita,Board Director,Chatterjee,United States,,Board Member,www.aws.amazon.com,5000217,0,0
rxjpt2zl15s74,Hui,Green,AI & Data,Attended,vrxjpt2zl15s74,Databricks,US,hui.green@databricks.com,Data Engineer,1,AI & Data,Databricks,US,,Hui,Data Engineer,Green,United States,,,www.databricks.com,5000218,0,0
hz3zsg9vwieb9,Michelle,Guo,Cloud & Infrastructure,Attended,vhz3zsg9vwieb9,Snowflake,US,michelle.guo@snowflake.com,Staff Infrastructure Engineer,1,Cloud & Infrastructure,Snowflake,US,,Michelle,Staff Infrastructure Engineer,Guo,United States,,,www.snowflake.com,5000219,0,0
kvpjrmeyy1em3,Nadia,Nguyen,Enterprise Software,Attended,vkvpjrmeyy1em3,Freshworks,IN,nadia.nguyen@freshworks.com,Chief Technology Officer,1,Enterprise Software,Freshworks,IN,,Nadia,Chief Technology Officer,Nguyen,India,,,www.freshworks.com,5000220,0,0
epz614umnwepr,Ryo,Hughes,Hardware & Semiconductors,Attended,vepz614umnwepr,Intel,US,ryo.hughes@intel.com,AI Hardware Architect,1,Hardware & Semiconductors,Intel,US,,Ryo,AI Hardware Architect,Hughes,United States,,,www.intel.com,5000221,0,0
a7sszj4kjeitk,Hans,Nelson,Board Member,No show,va7sszj4kjeitk,Google Cloud,US,hans.nelson@cloud.google.com,Non-Executive Director,0,Board Member,Google Cloud,US,,Hans,Non-Executive Director,Nelson,United States,,Board Member,www.cloud.google.com,5000222,0,0
7je5b99hexw8l,Miguel,Park,AI & Data,Attended,v7je5b99hexw8l,DataRobot,US,miguel.park@datarobot.com,Senior Data Scientist,1,AI & Data,DataRobot,US,,Miguel,Senior Data Scientist,Park,United States,,,www.datarobot.com,5000223,0,0
vhplhw4oq0pfr,Ren,Evans,Hardware & Semiconductors,Attended,vvhplhw4oq0pfr,Groq,US,ren.evans@groq.com,Principal VLSI Engineer,1,Hardware & Semiconductors,Groq,US,,Ren,Principal VLSI Engineer,Evans,United States,,,www.groq.com,5000224,0,0
da37e1j7v2a2t,Ama,Srivastava,Cybersecurity,Attended,vda37e1j7v2a2t,Lacework,US,ama.srivastava@lacework.com,Senior Security Engineer,1,Cybersecurity,Lacework,US,,Ama,Senior Security Engineer,Srivastava,United States,,,www.lacework.com,5000225,0,0
k7yyz6r9i8kcm,Swati,Rodriguez,VC & Private Equity,Attended,vk7yyz6r9i8kcm,GGV Capital,US,swati.rodriguez@ggvc.com,General Partner,1,VC & Private Equity,GGV Capital,US,,Swati,General Partner,Rodriguez,United States,,,www.ggvc.com,5000226,0,0
fxloz2rcu8kd9,Jacob,Ramirez,Enterprise Software,Attended,vfxloz2rcu8kd9,HubSpot,US,jacob.ramirez@hubspot.com,Head of Growth,1,Enterprise Software,HubSpot,US,,Jacob,Head of Growth,Ramirez,United States,,,www.hubspot.com,5000227,0,0
a9au87cm453kf,Camila,Kim,VC & Private Equity,Attended,va9au87cm453kf,Bessemer Venture Partners,US,camila.kim@bvp.com,Partner,1,VC & Private Equity,Bessemer Venture Partners,US,,Camila,Partner,Kim,United States,,,www.bvp.com,5000228,0,0
ccu3fg00zkom2,Carmen,Brown,Cybersecurity,Attended,vccu3fg00zkom2,Fortinet,US,carmen.brown@fortinet.com,Security Sales Engineer,1,Cybersecurity,Fortinet,US,,Carmen,Security Sales Engineer,Brown,United States,,,www.fortinet.com,5000229,0,0
ehwhg0u43qlx3,Jeffrey,White,Dev Tools & Platforms,Attended,vehwhg0u43qlx3,Temporal,US,jeffrey.white@temporal.io,Community Manager,1,Dev Tools & Platforms,Temporal,US,,Jeffrey,Community Manager,White,United States,,,www.temporal.io,5000230,0,0
7amkoh109zdo0,Patricia,Hughes,Cloud & Infrastructure,Attended,v7amkoh109zdo0,MongoDB,US,patricia.hughes@mongodb.com,Principal Solutions Architect,1,Cloud & Infrastructure,MongoDB,US,,Patricia,Principal Solutions Architect,Hughes,United States,,,www.mongodb.com,5000231,0,0
2mm4p61nhvcfw,Aoi,Walker,Enterprise Software,Attended,v2mm4p61nhvcfw,Adobe,US,aoi.walker@adobe.com,Customer Success Manager,1,Enterprise Software,Adobe,US,,Aoi,Customer Success Manager,Walker,United States,,,www.adobe.com,5000232,0,0
ub4o47en48nys,Alexander,Weber,Enterprise Software,Attended,vub4o47en48nys,Sprinklr,US,alexander.weber@sprinklr.com,VP of Sales,1,Enterprise Software,Sprinklr,US,,Alexander,VP of Sales,Weber,United States,,,www.sprinklr.com,5000233,0,0
t3dgd8opocmvh,Hassan,Deng,Cloud & Infrastructure,Attended,vt3dgd8opocmvh,DigitalOcean,US,hassan.deng@digitalocean.com,DevOps Engineer,1,Cloud & Infrastructure,DigitalOcean,US,,Hassan,DevOps Engineer,Deng,United States,,,www.digitalocean.com,5000234,0,0
c5qph6gb6p8kh,Tao,Zeng,Dev Tools & Platforms,Attended,vc5qph6gb6p8kh,Kong,US,tao.zeng@konghq.com,Senior Developer Advocate,1,Dev Tools & Platforms,Kong,US,,Tao,Senior Developer Advocate,Zeng,United States,,,www.konghq.com,5000235,0,0
8osaq3eq8dh9p,Hyun,Torres,AI & Data,Attended,v8osaq3eq8dh9p,Palantir Technologies,US,hyun.torres@palantir.com,Data Engineer,1,AI & Data,Palantir Technologies,US,,Hyun,Data Engineer,Torres,United States,,,www.palantir.com,5000236,0,0
gvtn4ypkw7493,Anthony,Lewis,Enterprise Software,Attended,vgvtn4ypkw7493,Salesforce,US,anthony.lewis@salesforce.com,Solutions Architect,1,Enterprise Software,Salesforce,US,,Anthony,Solutions Architect,Lewis,United States,,,www.salesforce.com,5000237,0,0
0anik5j42oi6o,Emma,Miller,AI & Data,Attended,v0anik5j42oi6o,Databricks,US,emma.miller@databricks.com,Senior Data Scientist,1,AI & Data,Databricks,US,,Emma,Senior Data Scientist,Miller,United States,,,www.databricks.com,5000238,0,0
2sw24wjt8hdpw,Dewi,Mitchell,IT Consulting & SI,Attended,v2sw24wjt8hdpw,Capgemini,FR,dewi.mitchell@capgemini.com,Director of Technology,1,IT Consulting & SI,Capgemini,FR,,Dewi,Director of Technology,Mitchell,France,,,www.capgemini.com,5000239,0,0
7wwudqvdk6drn,Nomsa,Cook,Cloud & Infrastructure,No show,v7wwudqvdk6drn,Amazon Web Services,US,nomsa.cook@aws.amazon.com,Platform Engineer,0,Cloud & Infrastructure,Amazon Web Services,US,,Nomsa,Platform Engineer,Cook,United States,,,www.aws.amazon.com,5000240,0,0
orac8cynl63ga,Melissa,Hidayat,IT Consulting & SI,Attended,vorac8cynl63ga,Cognizant,US,melissa.hidayat@cognizant.com,Cloud Migration Specialist,1,IT Consulting & SI,Cognizant,US,,Melissa,Cloud Migration Specialist,Hidayat,United States,,,www.cognizant.com,5000241,0,0
jr8mtk0rsoggy,Ahmed,Gupta,Cybersecurity,Attended,vjr8mtk0rsoggy,Rapid7,US,ahmed.gupta@rapid7.com,Security Consultant,1,Cybersecurity,Rapid7,US,,Ahmed,Security Consultant,Gupta,United States,,,www.rapid7.com,5000242,0,0
8jov58toe3pgi,Cynthia,Hidayat,IT Consulting & SI,Attended,v8jov58toe3pgi,Deloitte Technology,US,cynthia.hidayat@deloitte.com,Cloud Migration Specialist,1,IT Consulting & SI,Deloitte Technology,US,,Cynthia,Cloud Migration Specialist,Hidayat,United States,,,www.deloitte.com,5000243,0,0
hbrbjeqvviaa2,Fazilah,Johnson,Cloud & Infrastructure,No show,vhbrbjeqvviaa2,Confluent,US,fazilah.johnson@confluent.io,Cloud Architect,0,Cloud & Infrastructure,Confluent,US,,Fazilah,Cloud Architect,Johnson,United States,,,www.confluent.io,5000244,0,0
6k4o67bxcd20j,Rania,Arora,Enterprise Software,Attended,v6k4o67bxcd20j,Oracle,US,rania.arora@oracle.com,Senior Product Manager,1,Enterprise Software,Oracle,US,,Rania,Senior Product Manager,Arora,United States,,,www.oracle.com,5000245,0,0
6975j2d8clw3j,Jessica,Baker,Cybersecurity,Attended,v6975j2d8clw3j,Wiz,US,jessica.baker@wiz.io,Security Consultant,1,Cybersecurity,Wiz,US,,Jessica,Security Consultant,Baker,United States,,,www.wiz.io,5000246,0,0
4zcrhyqnrm31s,Arjun,Colombo,Enterprise Software,Attended,v4zcrhyqnrm31s,Microsoft,US,arjun.colombo@microsoft.com,"Account Executive, Enterprise",1,Enterprise Software,Microsoft,US,,Arjun,"Account Executive, Enterprise",Colombo,United States,,,www.microsoft.com,5000247,0,0
dqddaqjrtmetm,Peter,Carter,Cloud & Infrastructure,No show,vdqddaqjrtmetm,Amazon Web Services,US,peter.carter@aws.amazon.com,Head of Developer Relations,0,Cloud & Infrastructure,Amazon Web Services,US,,Peter,Head of Developer Relations,Carter,United States,,,www.aws.amazon.com,5000248,0,0
opmpnbn7gggjv,Daiki,He,Cybersecurity,Attended,vopmpnbn7gggjv,Tenable,US,daiki.he@tenable.com,Security Consultant,1,Cybersecurity,Tenable,US,,Daiki,Security Consultant,He,United States,,,www.tenable.com,5000249,0,0
ag6w04ygyflq8,Philippe,Deng,VC & Private Equity,Attended,vag6w04ygyflq8,GGV Capital,US,philippe.deng@ggvc.com,Investment Director,1,VC & Private Equity,GGV Capital,US,,Philippe,Investment Director,Deng,United States,,,www.ggvc.com,5000250,0,0
d2mrmtxjq3kms,Isabelle,Santos,Cybersecurity,No show,vd2mrmtxjq3kms,Palo Alto Networks,US,isabelle.santos@paloaltonetworks.com,Security Architect,0,Cybersecurity,Palo Alto Networks,US,,Isabelle,Security Architect,Santos,United States,,,www.paloaltonetworks.com,5000251,0,0
54rjsxfoh9mbu,Juan,He,Enterprise Software,Attended,v54rjsxfoh9mbu,Atlassian,AU,juan.he@atlassian.com,Senior Solutions Engineer,1,Enterprise Software,Atlassian,AU,,Juan,Senior Solutions Engineer,He,Australia,,,www.atlassian.com,5000252,0,0
mwpq82k8ryqf8,Astrid,Choi,Hardware & Semiconductors,Attended,vmwpq82k8ryqf8,Arm Holdings,GB,astrid.choi@arm.com,"Research Scientist, Silicon",1,Hardware & Semiconductors,Arm Holdings,GB,,Astrid,"Research Scientist, Silicon",Choi,United Kingdom,,,www.arm.com,5000253,0,0
hvchrm3wp8djk,Sunita,Campbell,IT Consulting & SI,Attended,vhvchrm3wp8djk,Wipro,IN,sunita.campbell@wipro.com,Managing Consultant,1,IT Consulting & SI,Wipro,IN,,Sunita,Managing Consultant,Campbell,India,,,www.wipro.com,5000254,0,0
oau8p1wkisetu,Raj,White,Cybersecurity,Attended,voau8p1wkisetu,SentinelOne,US,raj.white@sentinelone.com,Senior Security Engineer,1,Cybersecurity,SentinelOne,US,,Raj,Senior Security Engineer,White,United States,,,www.sentinelone.com,5000255,0,0
0riy4kl9aryea,Khairul,Lopez,IT Consulting & SI,Attended,v0riy4kl9aryea,Infosys,IN,khairul.lopez@infosys.com,Associate Director,1,IT Consulting & SI,Infosys,IN,,Khairul,Associate Director,Lopez,India,,,www.infosys.com,5000256,0,0
zhrkdvnjn2q3f,Arthur,Tang,IT Consulting & SI,No show,vzhrkdvnjn2q3f,PwC Advisory,GB,arthur.tang@pwc.com,Cloud Migration Specialist,0,IT Consulting & SI,PwC Advisory,GB,,Arthur,Cloud Migration Specialist,Tang,United Kingdom,,,www.pwc.com,5000257,0,0
eoubxxq6mf5qa,Jason,Dey,Cloud & Infrastructure,Attended,veoubxxq6mf5qa,Amazon Web Services,US,jason.dey@aws.amazon.com,Developer Advocate,1,Cloud & Infrastructure,Amazon Web Services,US,,Jason,Developer Advocate,Dey,United States,,,www.aws.amazon.com,5000258,0,0
sxjzvuv3cb0ix,Aoi,Schmidt,VIP,Attended,vsxjzvuv3cb0ix,Oracle,US,aoi.schmidt@oracle.com,Chief Technology Officer,1,VIP,Oracle,US,,Aoi,Chief Technology Officer,Schmidt,United States,,VIP,www.oracle.com,5000259,0,0
47lzn9uhjpkhf,Kofi,Yamamoto,IT Consulting & SI,Attended,v47lzn9uhjpkhf,Deloitte Technology,US,kofi.yamamoto@deloitte.com,Technology Consultant,1,IT Consulting & SI,Deloitte Technology,US,,Kofi,Technology Consultant,Yamamoto,United States,,,www.deloitte.com,5000260,0,0
cpncc2keivli7,Tendai,Torres,Hardware & Semiconductors,Attended,vcpncc2keivli7,AMD,US,tendai.torres@amd.com,AI Hardware Architect,1,Hardware & Semiconductors,AMD,US,,Tendai,AI Hardware Architect,Torres,United States,,,www.amd.com,5000261,0,0
l16cr3uv43mco,Hassan,Goh,Hardware & Semiconductors,Attended,vl16cr3uv43mco,SambaNova Systems,US,hassan.goh@sambanova.ai,Chief Technology Officer,1,Hardware & Semiconductors,SambaNova Systems,US,,Hassan,Chief Technology Officer,Goh,United States,,,www.sambanova.ai,5000262,0,0
yarnnezteew6m,Divya,Gao,Dev Tools & Platforms,Attended,vyarnnezteew6m,GitLab,US,divya.gao@gitlab.com,Senior Developer Advocate,1,Dev Tools & Platforms,GitLab,US,,Divya,Senior Developer Advocate,Gao,United States,,,www.gitlab.com,5000263,0,0
9eoxxc7hz364p,Vikram,Chatterjee,Enterprise Software,Attended,v9eoxxc7hz364p,Microsoft,US,vikram.chatterjee@microsoft.com,Customer Success Manager,1,Enterprise Software,Microsoft,US,,Vikram,Customer Success Manager,Chatterjee,United States,,,www.microsoft.com,5000264,0,0
xqerbkn3dkvr5,Xiao,Lin,Hardware & Semiconductors,Attended,vxqerbkn3dkvr5,Intel,US,xiao.lin@intel.com,"VP of Product, Silicon",1,Hardware & Semiconductors,Intel,US,,Xiao,"VP of Product, Silicon",Lin,United States,,,www.intel.com,5000265,0,0
nzy47quusfn07,Sandra,Brown,Enterprise Software,Attended,vnzy47quusfn07,ServiceNow,US,sandra.brown@servicenow.com,Staff Software Engineer,1,Enterprise Software,ServiceNow,US,,Sandra,Staff Software Engineer,Brown,United States,,,www.servicenow.com,5000266,0,0
mwuouc6t8pj2j,Ren,Scott,Enterprise Software,No show,vmwuouc6t8pj2j,Oracle,US,ren.scott@oracle.com,Staff Software Engineer,0,Enterprise Software,Oracle,US,,Ren,Staff Software Engineer,Scott,United States,,,www.oracle.com,5000267,0,0
ig5xixgsplti8,Scott,Peterson,VIP,Attended,vig5xixgsplti8,NVIDIA,US,scott.peterson@nvidia.com,Chief Product Officer,1,VIP,NVIDIA,US,,Scott,Chief Product Officer,Peterson,United States,,VIP,www.nvidia.com,5000268,0,0
vm96n7kbnkfvd,Peter,Hansen,Cloud & Infrastructure,Attended,vvm96n7kbnkfvd,Confluent,US,peter.hansen@confluent.io,Cloud Architect,1,Cloud & Infrastructure,Confluent,US,,Peter,Cloud Architect,Hansen,United States,,,www.confluent.io,5000269,0,0
xslhu6l29il9y,Mei,Rossi,Cybersecurity,Attended,vxslhu6l29il9y,Orca Security,US,mei.rossi@orca.security,Security Architect,1,Cybersecurity,Orca Security,US,,Mei,Security Architect,Rossi,United States,,,www.orca.security,5000270,0,0
meosfr5hgqgp1,Mohammed,Xu,Cybersecurity,Attended,vmeosfr5hgqgp1,Qualys,US,mohammed.xu@qualys.com,VP of Security,1,Cybersecurity,Qualys,US,,Mohammed,VP of Security,Xu,United States,,,www.qualys.com,5000271,0,0
qoq4kreg167d6,Dewi,Ng,AI & Data,Attended,vqoq4kreg167d6,Cohere,CA,dewi.ng@cohere.com,Applied Research Scientist,1,AI & Data,Cohere,CA,,Dewi,Applied Research Scientist,Ng,Canada,,,www.cohere.com,5000272,0,0
suwdkejp5k791,Kathleen,Hassan,AI & Data,No show,vsuwdkejp5k791,Pinecone,US,kathleen.hassan@pinecone.io,VP of Data & Analytics,0,AI & Data,Pinecone,US,,Kathleen,VP of Data & Analytics,Hassan,United States,,,www.pinecone.io,5000273,0,0
kdtsgvb6thr3n,Arthur,Oh,AI & Data,Attended,vkdtsgvb6thr3n,Hugging Face,US,arthur.oh@huggingface.co,Chief AI Officer,1,AI & Data,Hugging Face,US,,Arthur,Chief AI Officer,Oh,United States,,,www.huggingface.co,5000274,0,0
ycy6bdzsgu4w8,Henrik,Williams,Enterprise Software,Attended,vycy6bdzsgu4w8,ServiceNow,US,henrik.williams@servicenow.com,Customer Success Manager,1,Enterprise Software,ServiceNow,US,,Henrik,Customer Success Manager,Williams,United States,,,www.servicenow.com,5000275,0,0
imt8545yrwvtk,Patrick,King,IT Consulting & SI,Attended,vimt8545yrwvtk,Deloitte Technology,US,patrick.king@deloitte.com,"Solution Architect, Digital",1,IT Consulting & SI,Deloitte Technology,US,,Patrick,"Solution Architect, Digital",King,United States,,,www.deloitte.com,5000276,0,0
jh4oulyo3pjbr,Patrick,Srivastava,Enterprise Software,Attended,vjh4oulyo3pjbr,Atlassian,AU,patrick.srivastava@atlassian.com,Director of Engineering,1,Enterprise Software,Atlassian,AU,,Patrick,Director of Engineering,Srivastava,Australia,,,www.atlassian.com,5000277,0,0
94ozkfnotia41,Ryo,Allen,IT Consulting & SI,Attended,v94ozkfnotia41,Capgemini,FR,ryo.allen@capgemini.com,Director of Technology,1,IT Consulting & SI,Capgemini,FR,,Ryo,Director of Technology,Allen,France,,,www.capgemini.com,5000278,0,0
dvo342p0kqd8u,Ming,Joshi,Enterprise Software,Attended,vdvo342p0kqd8u,Zendesk,US,ming.joshi@zendesk.com,Staff Software Engineer,1,Enterprise Software,Zendesk,US,,Ming,Staff Software Engineer,Joshi,United States,,,www.zendesk.com,5000279,0,0
uh7vdo4s41cro,Hassan,Srivastava,Dev Tools & Platforms,Attended,vuh7vdo4s41cro,MuleSoft,US,hassan.srivastava@mulesoft.com,VP of Developer Experience,1,Dev Tools & Platforms,MuleSoft,US,,Hassan,VP of Developer Experience,Srivastava,United States,,,www.mulesoft.com,5000280,0,0
eh5e5rwsf5pae,Raj,Simon,VC & Private Equity,Attended,veh5e5rwsf5pae,Bessemer Venture Partners,US,raj.simon@bvp.com,Investment Director,1,VC & Private Equity,Bessemer Venture Partners,US,,Raj,Investment Director,Simon,United States,,,www.bvp.com,5000281,0,0
3aofc9lgytlcq,Jason,Garcia,AI & Data,Attended,v3aofc9lgytlcq,Weaviate,NL,jason.garcia@weaviate.io,Research Scientist,1,AI & Data,Weaviate,NL,,Jason,Research Scientist,Garcia,Netherlands,,,www.weaviate.io,5000282,0,0
1l1vj35yrg29d,Ella,Yap,VC & Private Equity,Attended,v1l1vj35yrg29d,Sequoia Capital,US,ella.yap@sequoiacap.com,Partner,1,VC & Private Equity,Sequoia Capital,US,,Ella,Partner,Yap,United States,,,www.sequoiacap.com,5000283,0,0
4z4ur2yupmanq,Luca,Arora,AI & Data,Attended,v4z4ur2yupmanq,Weights & Biases,US,luca.arora@wandb.ai,Senior Data Scientist,1,AI & Data,Weights & Biases,US,,Luca,Senior Data Scientist,Arora,United States,,,www.wandb.ai,5000284,0,0
jw83579wrr513,Anna,Malhotra,Cloud & Infrastructure,Attended,vjw83579wrr513,Fastly,US,anna.malhotra@fastly.com,Staff Infrastructure Engineer,1,Cloud & Infrastructure,Fastly,US,,Anna,Staff Infrastructure Engineer,Malhotra,United States,,,www.fastly.com,5000285,0,0
7s7o4yc3s0dpj,Benjamin,Wagner,Board Member,Attended,v7s7o4yc3s0dpj,Microsoft,US,benjamin.wagner@microsoft.com,Board Director,1,Board Member,Microsoft,US,,Benjamin,Board Director,Wagner,United States,,Board Member,www.microsoft.com,5000286,0,0
12hnc0i4x6g1e,Helen,Zhang,Hardware & Semiconductors,No show,v12hnc0i4x6g1e,Graphcore,GB,helen.zhang@graphcore.ai,System Architecture Engineer,0,Hardware & Semiconductors,Graphcore,GB,,Helen,System Architecture Engineer,Zhang,United Kingdom,,,www.graphcore.ai,5000287,0,0
zgflig5gkzjru,Neha,Flores,Cybersecurity,Attended,vzgflig5gkzjru,Palo Alto Networks,US,neha.flores@paloaltonetworks.com,SOC Analyst,1,Cybersecurity,Palo Alto Networks,US,,Neha,SOC Analyst,Flores,United States,,,www.paloaltonetworks.com,5000288,0,0
exgfvnnvbzw5a,Tao,Deng,Cloud & Infrastructure,No show,vexgfvnnvbzw5a,MongoDB,US,tao.deng@mongodb.com,Senior Site Reliability Engineer,0,Cloud & Infrastructure,MongoDB,US,,Tao,Senior Site Reliability Engineer,Deng,United States,,,www.mongodb.com,5000289,0,0
mxd6lqga3qupo,Sipho,Howard,Enterprise Software,Attended,vmxd6lqga3qupo,ServiceNow,US,sipho.howard@servicenow.com,Engineering Manager,1,Enterprise Software,ServiceNow,US,,Sipho,Engineering Manager,Howard,United States,,,www.servicenow.com,5000290,0,0
el88l12qfaf5k,Daniel,Edwards,Enterprise Software,Attended,vel88l12qfaf5k,SAP,DE,daniel.edwards@sap.com,Senior Product Manager,1,Enterprise Software,SAP,DE,,Daniel,Senior Product Manager,Edwards,Germany,,,www.sap.com,5000291,0,0
0pocr0vhv1nm3,Klaus,Teo,Cloud & Infrastructure,No show,v0pocr0vhv1nm3,MongoDB,US,klaus.teo@mongodb.com,Platform Engineer,0,Cloud & Infrastructure,MongoDB,US,,Klaus,Platform Engineer,Teo,United States,,,www.mongodb.com,5000292,0,0
16xeghpmxpkn3,William,Gray,Enterprise Software,Attended,v16xeghpmxpkn3,Microsoft,US,william.gray@microsoft.com,Director of Engineering,1,Enterprise Software,Microsoft,US,,William,Director of Engineering,Gray,United States,,,www.microsoft.com,5000293,0,0
jwv2qnrmtn29t,Xiao,Oliveira,AI & Data,Attended,vjwv2qnrmtn29t,Weights & Biases,US,xiao.oliveira@wandb.ai,Research Scientist,1,AI & Data,Weights & Biases,US,,Xiao,Research Scientist,Oliveira,United States,,,www.wandb.ai,5000294,0,0
malwvmb0idd0w,Feng,Kumar,Cybersecurity,Attended,vmalwvmb0idd0w,Tenable,US,feng.kumar@tenable.com,Senior Security Engineer,1,Cybersecurity,Tenable,US,,Feng,Senior Security Engineer,Kumar,United States,,,www.tenable.com,5000295,0,0
g0z0c682u9wt2,Carmen,Larsen,Cloud & Infrastructure,Attended,vg0z0c682u9wt2,Datadog,US,carmen.larsen@datadoghq.com,DevOps Engineer,1,Cloud & Infrastructure,Datadog,US,,Carmen,DevOps Engineer,Larsen,United States,,,www.datadoghq.com,5000296,0,0
w0vqpvtruml3f,Camila,Bianchi,AI & Data,Attended,vw0vqpvtruml3f,LangChain,US,camila.bianchi@langchain.com,Applied Research Scientist,1,AI & Data,LangChain,US,,Camila,Applied Research Scientist,Bianchi,United States,,,www.langchain.com,5000297,0,0
k09ntn8eohdk5,Dylan,Nguyen,Hardware & Semiconductors,Attended,vk09ntn8eohdk5,Qualcomm,US,dylan.nguyen@qualcomm.com,Senior Chip Design Engineer,1,Hardware & Semiconductors,Qualcomm,US,,Dylan,Senior Chip Design Engineer,Nguyen,United States,,,www.qualcomm.com,5000298,0,0
tio1k7f5oa31x,Elena,Hall,AI & Data,No show,vtio1k7f5oa31x,Mistral AI,FR,elena.hall@mistral.ai,AI/ML Platform Lead,0,AI & Data,Mistral AI,FR,,Elena,AI/ML Platform Lead,Hall,France,,,www.mistral.ai,5000299,0,0
nx9owwew9v08l,Judith,Turner,IT Consulting & SI,Attended,vnx9owwew9v08l,KPMG Advisory,NL,judith.turner@kpmg.com,Technology Consultant,1,IT Consulting & SI,KPMG Advisory,NL,,Judith,Technology Consultant,Turner,Netherlands,,,www.kpmg.com,5000300,0,0
929sevl7fq8ab,Marco,Zhou,AI & Data,No show,v929sevl7fq8ab,LangChain,US,marco.zhou@langchain.com,Senior Data Scientist,0,AI & Data,LangChain,US,,Marco,Senior Data Scientist,Zhou,United States,,,www.langchain.com,5000301,0,0
595cpjze1xtar,Omar,Martin,IT Consulting & SI,No show,v595cpjze1xtar,Thoughtworks,US,omar.martin@thoughtworks.com,Associate Director,0,IT Consulting & SI,Thoughtworks,US,,Omar,Associate Director,Martin,United States,,,www.thoughtworks.com,5000302,0,0
ko31nzsxpefj3,Rania,Le,Enterprise Software,Attended,vko31nzsxpefj3,Microsoft,US,rania.le@microsoft.com,Customer Success Manager,1,Enterprise Software,Microsoft,US,,Rania,Customer Success Manager,Le,United States,,,www.microsoft.com,5000303,0,0
hnnk8fwrpk0zf,Priya,Santos,IT Consulting & SI,Attended,vhnnk8fwrpk0zf,NTT Data,JP,priya.santos@nttdata.com,Director of Technology,1,IT Consulting & SI,NTT Data,JP,,Priya,Director of Technology,Santos,Japan,,,www.nttdata.com,5000304,0,0
6a8mlik22xmq6,Emma,Nkosi,Cloud & Infrastructure,Attended,v6a8mlik22xmq6,DigitalOcean,US,emma.nkosi@digitalocean.com,Developer Advocate,1,Cloud & Infrastructure,DigitalOcean,US,,Emma,Developer Advocate,Nkosi,United States,,,www.digitalocean.com,5000305,0,0
izg9jj0076ekh,Jonathan,Tan,Enterprise Software,Attended,vizg9jj0076ekh,ServiceNow,US,jonathan.tan@servicenow.com,Head of Growth,1,Enterprise Software,ServiceNow,US,,Jonathan,Head of Growth,Tan,United States,,,www.servicenow.com,5000306,0,0
9jojwlrkxjtmy,Yuto,Iyer,IT Consulting & SI,Attended,v9jojwlrkxjtmy,BCG X,US,yuto.iyer@bcg.com,"Solution Architect, Digital",1,IT Consulting & SI,BCG X,US,,Yuto,"Solution Architect, Digital",Iyer,United States,,,www.bcg.com,5000307,0,0
7hylgogfxlsrv,Hao,Nguyen,Staff,Attended,v7hylgogfxlsrv,TechForward Organising Committee,SG,hao.nguyen@techforwardsummit.com,Registration & Badging Lead,1,Staff,TechForward Organising Committee,SG,,Hao,Registration & Badging Lead,Nguyen,Singapore,,,www.techforwardsummit.com,5000308,0,0
xfqj3hxj3apnu,Hassan,Rogers,AI & Data,Attended,vxfqj3hxj3apnu,Weights & Biases,US,hassan.rogers@wandb.ai,Applied Research Scientist,1,AI & Data,Weights & Biases,US,,Hassan,Applied Research Scientist,Rogers,United States,,,www.wandb.ai,5000309,0,0
q5c9035vuuplt,Isabelle,Gray,Cybersecurity,Attended,vq5c9035vuuplt,Palo Alto Networks,US,isabelle.gray@paloaltonetworks.com,Senior Security Engineer,1,Cybersecurity,Palo Alto Networks,US,,Isabelle,Senior Security Engineer,Gray,United States,,,www.paloaltonetworks.com,5000310,0,0
xp323c9nu985l,Soo-Jin,Clarke,Dev Tools & Platforms,Attended,vxp323c9nu985l,GitHub,US,soojin.clarke@github.com,Platform Product Manager,1,Dev Tools & Platforms,GitHub,US,,Soo-Jin,Platform Product Manager,Clarke,United States,,,www.github.com,5000311,0,0
uq2086okwoalf,Diego,Bailey,AI & Data,Attended,vuq2086okwoalf,Databricks,US,diego.bailey@databricks.com,Senior Data Scientist,1,AI & Data,Databricks,US,,Diego,Senior Data Scientist,Bailey,United States,,,www.databricks.com,5000312,0,0
f9i71a57e8a54,Sharon,Zhang,IT Consulting & SI,Attended,vf9i71a57e8a54,Infosys,IN,sharon.zhang@infosys.com,Technology Consultant,1,IT Consulting & SI,Infosys,IN,,Sharon,Technology Consultant,Zhang,India,,,www.infosys.com,5000313,0,0
8anp8dmlc8xiz,Pierre,Loh,Enterprise Software,Attended,v8anp8dmlc8xiz,Adobe,US,pierre.loh@adobe.com,Chief Product Officer,1,Enterprise Software,Adobe,US,,Pierre,Chief Product Officer,Loh,United States,,,www.adobe.com,5000314,0,0
f3yn72bhon4wb,Robert,Trivedi,Enterprise Software,Attended,vf3yn72bhon4wb,Intuit,US,robert.trivedi@intuit.com,Chief Technology Officer,1,Enterprise Software,Intuit,US,,Robert,Chief Technology Officer,Trivedi,United States,,,www.intuit.com,5000315,0,0
r6jlt8ydr3ues,Kwame,Gonzalez,Enterprise Software,Attended,vr6jlt8ydr3ues,Salesforce,US,kwame.gonzalez@salesforce.com,Staff Software Engineer,1,Enterprise Software,Salesforce,US,,Kwame,Staff Software Engineer,Gonzalez,United States,,,www.salesforce.com,5000316,0,0
hgfb2flurmw3u,Shan,Morgan,IT Consulting & SI,Attended,vhgfb2flurmw3u,TCS,IN,shan.morgan@tcs.com,Managing Consultant,1,IT Consulting & SI,TCS,IN,,Shan,Managing Consultant,Morgan,India,,,www.tcs.com,5000317,0,0
3ezemqt788g35,Sota,Stewart,Cloud & Infrastructure,Attended,v3ezemqt788g35,Confluent,US,sota.stewart@confluent.io,Platform Engineer,1,Cloud & Infrastructure,Confluent,US,,Sota,Platform Engineer,Stewart,United States,,,www.confluent.io,5000318,0,0
phb8oosprlzkc,Lucia,Choi,VC & Private Equity,Attended,vphb8oosprlzkc,Andreessen Horowitz,US,lucia.choi@a16z.com,General Partner,1,VC & Private Equity,Andreessen Horowitz,US,,Lucia,General Partner,Choi,United States,,,www.a16z.com,5000319,0,0
yhfjlwss1vip3,Min-Ji,Bianchi,Dev Tools & Platforms,Attended,vyhfjlwss1vip3,Sentry,US,minji.bianchi@sentry.io,Head of Developer Relations,1,Dev Tools & Platforms,Sentry,US,,Min-Ji,Head of Developer Relations,Bianchi,United States,,,www.sentry.io,5000320,0,0
085i4rzpcd140,Adam,Ho,IT Consulting & SI,Attended,v085i4rzpcd140,Deloitte Technology,US,adam.ho@deloitte.com,Associate Director,1,IT Consulting & SI,Deloitte Technology,US,,Adam,Associate Director,Ho,United States,,,www.deloitte.com,5000321,0,0
28ue1my6po0m2,Camila,Tang,Dev Tools & Platforms,Attended,v28ue1my6po0m2,PagerDuty,US,camila.tang@pagerduty.com,Staff Software Engineer,1,Dev Tools & Platforms,PagerDuty,US,,Camila,Staff Software Engineer,Tang,United States,,,www.pagerduty.com,5000322,0,0
iqbq9j2h1tlom,Kofi,Campbell,Enterprise Software,No show,viqbq9j2h1tlom,Microsoft,US,kofi.campbell@microsoft.com,Engineering Manager,0,Enterprise Software,Microsoft,US,,Kofi,Engineering Manager,Campbell,United States,,,www.microsoft.com,5000323,0,0
44mw04i3dzxlr,Christine,Ricci,Media/Press,Attended,v44mw04i3dzxlr,TechCrunch,US,christine.ricci@techcrunch.com,Tech Reporter,1,Media/Press,TechCrunch,US,,Christine,Tech Reporter,Ricci,United States,,,www.techcrunch.com,5000324,0,0
5ojzto7d835ku,Amy,Chaudhary,Enterprise Software,Attended,v5ojzto7d835ku,Workday,US,amy.chaudhary@workday.com,Chief Product Officer,1,Enterprise Software,Workday,US,,Amy,Chief Product Officer,Chaudhary,United States,,,www.workday.com,5000325,0,0
tuo4uw590z92j,Wei,Chatterjee,Enterprise Software,Attended,vtuo4uw590z92j,Intuit,US,wei.chatterjee@intuit.com,Staff Software Engineer,1,Enterprise Software,Intuit,US,,Wei,Staff Software Engineer,Chatterjee,United States,,,www.intuit.com,5000326,0,0
2srl3vzzxt9qu,Helen,Tang,AI & Data,Attended,v2srl3vzzxt9qu,Databricks,US,helen.tang@databricks.com,AI/ML Platform Lead,1,AI & Data,Databricks,US,,Helen,AI/ML Platform Lead,Tang,United States,,,www.databricks.com,5000327,0,0
qtylu58ftylav,Mohammed,Ricci,VC & Private Equity,Attended,vqtylu58ftylav,Accel,US,mohammed.ricci@accel.com,Principal,1,VC & Private Equity,Accel,US,,Mohammed,Principal,Ricci,United States,,,www.accel.com,5000328,0,0
zemdmz5rgoi9w,Rohit,Song,Hardware & Semiconductors,Attended,vzemdmz5rgoi9w,Arm Holdings,GB,rohit.song@arm.com,System Architecture Engineer,1,Hardware & Semiconductors,Arm Holdings,GB,,Rohit,System Architecture Engineer,Song,United Kingdom,,,www.arm.com,5000329,0,0
6vu6z5gf3bbt8,Steven,Hansen,Hardware & Semiconductors,Attended,v6vu6z5gf3bbt8,Qualcomm,US,steven.hansen@qualcomm.com,Principal VLSI Engineer,1,Hardware & Semiconductors,Qualcomm,US,,Steven,Principal VLSI Engineer,Hansen,United States,,,www.qualcomm.com,5000330,0,0
27ycif8r2bc9r,Mateus,Hidayat,Cybersecurity,Attended,v27ycif8r2bc9r,Okta,US,mateus.hidayat@okta.com,Security Architect,1,Cybersecurity,Okta,US,,Mateus,Security Architect,Hidayat,United States,,,www.okta.com,5000331,0,0
vl911zsb8lv6t,Wolfgang,Kapoor,VIP,Attended,vvl911zsb8lv6t,Salesforce,US,wolfgang.kapoor@salesforce.com,Chief Product Officer,1,VIP,Salesforce,US,,Wolfgang,Chief Product Officer,Kapoor,United States,,VIP,www.salesforce.com,5000332,0,0
zchhxa7hy7ai3,Tendai,Trivedi,Hardware & Semiconductors,Attended,vzchhxa7hy7ai3,TSMC,TW,tendai.trivedi@tsmc.com,Senior Chip Design Engineer,1,Hardware & Semiconductors,TSMC,TW,,Tendai,Senior Chip Design Engineer,Trivedi,Taiwan,,,www.tsmc.com,5000333,0,0
wh50jyook63rv,Henrik,Becker,Enterprise Software,Attended,vwh50jyook63rv,Freshworks,IN,henrik.becker@freshworks.com,Senior Product Manager,1,Enterprise Software,Freshworks,IN,,Henrik,Senior Product Manager,Becker,India,,,www.freshworks.com,5000334,0,0
8tre9qdi3g13i,Ingrid,Malhotra,Staff,Attended,v8tre9qdi3g13i,TechForward Organising Committee,SG,ingrid.malhotra@techforwardsummit.com,Event Operations Manager,1,Staff,TechForward Organising Committee,SG,,Ingrid,Event Operations Manager,Malhotra,Singapore,,,www.techforwardsummit.com,5000335,0,0
kcggxp5cituf8,Mark,King,IT Consulting & SI,Attended,vkcggxp5cituf8,Thoughtworks,US,mark.king@thoughtworks.com,Technology Consultant,1,IT Consulting & SI,Thoughtworks,US,,Mark,Technology Consultant,King,United States,,,www.thoughtworks.com,5000336,0,0
wq0ywm9q7ftmf,Hans,Rossi,Enterprise Software,Attended,vwq0ywm9q7ftmf,Freshworks,IN,hans.rossi@freshworks.com,Chief Technology Officer,1,Enterprise Software,Freshworks,IN,,Hans,Chief Technology Officer,Rossi,India,,,www.freshworks.com,5000337,0,0
4m7pp0pnnlo0h,Cynthia,Moreau,IT Consulting & SI,Attended,v4m7pp0pnnlo0h,TCS,IN,cynthia.moreau@tcs.com,Director of Technology,1,IT Consulting & SI,TCS,IN,,Cynthia,Director of Technology,Moreau,India,,,www.tcs.com,5000338,0,0
sgpynyj0ufo2h,Shu,Agarwal,Cybersecurity,Attended,vsgpynyj0ufo2h,Zscaler,US,shu.agarwal@zscaler.com,SOC Analyst,1,Cybersecurity,Zscaler,US,,Shu,SOC Analyst,Agarwal,United States,,,www.zscaler.com,5000339,0,0
4n6v3rzkdu6fo,Kento,Toh,AI & Data,No show,v4n6v3rzkdu6fo,Scale AI,US,kento.toh@scale.com,Senior Data Scientist,0,AI & Data,Scale AI,US,,Kento,Senior Data Scientist,Toh,United States,,,www.scale.com,5000340,0,0
ouwzk4ie86db5,Akiko,Zhang,Enterprise Software,Attended,vouwzk4ie86db5,Oracle,US,akiko.zhang@oracle.com,"Account Executive, Enterprise",1,Enterprise Software,Oracle,US,,Akiko,"Account Executive, Enterprise",Zhang,United States,,,www.oracle.com,5000341,0,0
wk22m9rwv9njs,Miku,Miller,Cloud & Infrastructure,Attended,vwk22m9rwv9njs,Cloudflare,US,miku.miller@cloudflare.com,DevOps Engineer,1,Cloud & Infrastructure,Cloudflare,US,,Miku,DevOps Engineer,Miller,United States,,,www.cloudflare.com,5000342,0,0
zm242om7ztrj6,Luca,Rodriguez,IT Consulting & SI,Attended,vzm242om7ztrj6,EY Technology,GB,luca.rodriguez@ey.com,Senior Technology Consultant,1,IT Consulting & SI,EY Technology,GB,,Luca,Senior Technology Consultant,Rodriguez,United Kingdom,,,www.ey.com,5000343,0,0
lxwce77gzdpyh,Ahmed,Clark,Cybersecurity,No show,vlxwce77gzdpyh,Palo Alto Networks,US,ahmed.clark@paloaltonetworks.com,SOC Analyst,0,Cybersecurity,Palo Alto Networks,US,,Ahmed,SOC Analyst,Clark,United States,,,www.paloaltonetworks.com,5000344,0,0
nwg3zrzq0v4ps,Daniel,Parker,IT Consulting & SI,Attended,vnwg3zrzq0v4ps,McKinsey Digital,US,daniel.parker@mckinsey.com,Managing Consultant,1,IT Consulting & SI,McKinsey Digital,US,,Daniel,Managing Consultant,Parker,United States,,,www.mckinsey.com,5000345,0,0
ia6ykfcr6c1py,Ahmed,Luo,IT Consulting & SI,Attended,via6ykfcr6c1py,Accenture,IE,ahmed.luo@accenture.com,Associate Director,1,IT Consulting & SI,Accenture,IE,,Ahmed,Associate Director,Luo,Ireland,,,www.accenture.com,5000346,0,0
749q6qf1pafl9,Brigitte,Carter,IT Consulting & SI,Attended,v749q6qf1pafl9,Infosys,IN,brigitte.carter@infosys.com,Director of Technology,1,IT Consulting & SI,Infosys,IN,,Brigitte,Director of Technology,Carter,India,,,www.infosys.com,5000347,0,0
c8clrki72oalf,Brigitte,Iyer,IT Consulting & SI,Attended,vc8clrki72oalf,McKinsey Digital,US,brigitte.iyer@mckinsey.com,Technology Consultant,1,IT Consulting & SI,McKinsey Digital,US,,Brigitte,Technology Consultant,Iyer,United States,,,www.mckinsey.com,5000348,0,0
gelw8ivi3rqas,Matthew,Liu,Dev Tools & Platforms,Attended,vgelw8ivi3rqas,GitLab,US,matthew.liu@gitlab.com,Platform Product Manager,1,Dev Tools & Platforms,GitLab,US,,Matthew,Platform Product Manager,Liu,United States,,,www.gitlab.com,5000349,0,0
9vt3x8ve00h2k,Ethan,Wang,AI & Data,Attended,v9vt3x8ve00h2k,NVIDIA,US,ethan.wang@nvidia.com,AI/ML Platform Lead,1,AI & Data,NVIDIA,US,,Ethan,AI/ML Platform Lead,Wang,United States,,,www.nvidia.com,5000350,0,0
e5tnlztwxol4b,Arthur,Chaudhary,IT Consulting & SI,Attended,ve5tnlztwxol4b,IBM Consulting,US,arthur.chaudhary@ibm.com,"Solution Architect, Digital",1,IT Consulting & SI,IBM Consulting,US,,Arthur,"Solution Architect, Digital",Chaudhary,United States,,,www.ibm.com,5000351,0,0
of33qe6jixub4,Amanda,Feng,Dev Tools & Platforms,Attended,vof33qe6jixub4,JFrog,US,amanda.feng@jfrog.com,VP of Developer Experience,1,Dev Tools & Platforms,JFrog,US,,Amanda,VP of Developer Experience,Feng,United States,,,www.jfrog.com,5000352,0,0
6fht60kusfhvm,Meera,Gray,Cloud & Infrastructure,No show,v6fht60kusfhvm,Render,US,meera.gray@render.com,Developer Advocate,0,Cloud & Infrastructure,Render,US,,Meera,Developer Advocate,Gray,United States,,,www.render.com,5000353,0,0
oxqq8y1hend7h,Sara,Yoon,IT Consulting & SI,Attended,voxqq8y1hend7h,IBM Consulting,US,sara.yoon@ibm.com,Technology Consultant,1,IT Consulting & SI,IBM Consulting,US,,Sara,Technology Consultant,Yoon,United States,,,www.ibm.com,5000354,0,0
uk94iw54w487k,Jing,Lefebvre,AI & Data,Attended,vuk94iw54w487k,Databricks,US,jing.lefebvre@databricks.com,Senior Data Scientist,1,AI & Data,Databricks,US,,Jing,Senior Data Scientist,Lefebvre,United States,,,www.databricks.com,5000355,0,0
adi5uujzr0fcy,Lisa,Taylor,Enterprise Software,Attended,vadi5uujzr0fcy,Salesforce,US,lisa.taylor@salesforce.com,Engineering Manager,1,Enterprise Software,Salesforce,US,,Lisa,Engineering Manager,Taylor,United States,,,www.salesforce.com,5000356,0,0
i4bnvqrfxntf0,Amit,Zhou,Dev Tools & Platforms,Attended,vi4bnvqrfxntf0,Sentry,US,amit.zhou@sentry.io,Senior Developer Advocate,1,Dev Tools & Platforms,Sentry,US,,Amit,Senior Developer Advocate,Zhou,United States,,,www.sentry.io,5000357,0,0
t3f2f3hycpesb,Anthony,Lim,IT Consulting & SI,Attended,vt3f2f3hycpesb,Infosys,IN,anthony.lim@infosys.com,Associate Director,1,IT Consulting & SI,Infosys,IN,,Anthony,Associate Director,Lim,India,,,www.infosys.com,5000358,0,0
9ixfy1z682r6z,Deepak,Cox,AI & Data,Attended,v9ixfy1z682r6z,H2O.ai,US,deepak.cox@h2o.ai,ML Solutions Architect,1,AI & Data,H2O.ai,US,,Deepak,ML Solutions Architect,Cox,United States,,,www.h2o.ai,5000359,0,0
vy9rmjr211pv5,Andrea,Clarke,Enterprise Software,Attended,vvy9rmjr211pv5,Salesforce,US,andrea.clarke@salesforce.com,VP of Sales,1,Enterprise Software,Salesforce,US,,Andrea,VP of Sales,Clarke,United States,,,www.salesforce.com,5000360,0,0
ltzqwdyvybscg,Raymond,Schulz,Cloud & Infrastructure,Attended,vltzqwdyvybscg,HashiCorp,US,raymond.schulz@hashicorp.com,Cloud Architect,1,Cloud & Infrastructure,HashiCorp,US,,Raymond,Cloud Architect,Schulz,United States,,,www.hashicorp.com,5000361,0,0
i5vrz38efe9va,Aoi,Chatterjee,VC & Private Equity,Attended,vi5vrz38efe9va,Sequoia Capital,US,aoi.chatterjee@sequoiacap.com,Principal,1,VC & Private Equity,Sequoia Capital,US,,Aoi,Principal,Chatterjee,United States,,,www.sequoiacap.com,5000362,0,0
xtur8xuebhk0o,Ying,Martin,Hardware & Semiconductors,Attended,vxtur8xuebhk0o,Graphcore,GB,ying.martin@graphcore.ai,System Architecture Engineer,1,Hardware & Semiconductors,Graphcore,GB,,Ying,System Architecture Engineer,Martin,United Kingdom,,,www.graphcore.ai,5000363,0,0
r9cfwow73o1bl,Yan,Wilson,Cloud & Infrastructure,Attended,vr9cfwow73o1bl,Supabase,US,yan.wilson@supabase.com,DevOps Engineer,1,Cloud & Infrastructure,Supabase,US,,Yan,DevOps Engineer,Wilson,United States,,,www.supabase.com,5000364,0,0
bjkx9m4v74qr1,Nomsa,Wagner,Media/Press,Attended,vbjkx9m4v74qr1,The Verge,US,nomsa.wagner@theverge.com,Analyst & Commentator,1,Media/Press,The Verge,US,,Nomsa,Analyst & Commentator,Wagner,United States,,,www.theverge.com,5000365,0,0
mykvygw22ygyz,Sung,Chaudhary,Cloud & Infrastructure,Attended,vmykvygw22ygyz,Amazon Web Services,US,sung.chaudhary@aws.amazon.com,Cloud Architect,1,Cloud & Infrastructure,Amazon Web Services,US,,Sung,Cloud Architect,Chaudhary,United States,,,www.aws.amazon.com,5000366,0,0
c3jr7t3spj9wr,Barbara,Deng,IT Consulting & SI,Attended,vc3jr7t3spj9wr,McKinsey Digital,US,barbara.deng@mckinsey.com,Agile Delivery Lead,1,IT Consulting & SI,McKinsey Digital,US,,Barbara,Agile Delivery Lead,Deng,United States,,,www.mckinsey.com,5000367,0,0
17miav1g8ntaf,Nurul,Esposito,VC & Private Equity,Attended,v17miav1g8ntaf,Lightspeed Venture Partners,US,nurul.esposito@lsvp.com,Investment Director,1,VC & Private Equity,Lightspeed Venture Partners,US,,Nurul,Investment Director,Esposito,United States,,,www.lsvp.com,5000368,0,0
i4opf541a1hyp,Ryo,Khanna,Enterprise Software,Attended,vi4opf541a1hyp,Intuit,US,ryo.khanna@intuit.com,Principal Product Manager,1,Enterprise Software,Intuit,US,,Ryo,Principal Product Manager,Khanna,United States,,,www.intuit.com,5000369,0,0
izq2nmnr06dji,Pranav,Gray,Dev Tools & Platforms,Attended,vizq2nmnr06dji,GitHub,US,pranav.gray@github.com,Senior Developer Advocate,1,Dev Tools & Platforms,GitHub,US,,Pranav,Senior Developer Advocate,Gray,United States,,,www.github.com,5000370,0,0
ilsidbx287gt7,Jeffrey,Richardson,IT Consulting & SI,Attended,vilsidbx287gt7,KPMG Advisory,NL,jeffrey.richardson@kpmg.com,Technology Consultant,1,IT Consulting & SI,KPMG Advisory,NL,,Jeffrey,Technology Consultant,Richardson,Netherlands,,,www.kpmg.com,5000371,0,0
j3s6ogq4ivn2q,Liang,Campbell,VC & Private Equity,Attended,vj3s6ogq4ivn2q,Tiger Global,US,liang.campbell@tigerglobal.com,General Partner,1,VC & Private Equity,Tiger Global,US,,Liang,General Partner,Campbell,United States,,,www.tigerglobal.com,5000372,0,0
4ebc94e6nkar1,Cynthia,Gao,IT Consulting & SI,Attended,v4ebc94e6nkar1,Capgemini,FR,cynthia.gao@capgemini.com,Technology Consultant,1,IT Consulting & SI,Capgemini,FR,,Cynthia,Technology Consultant,Gao,France,,,www.capgemini.com,5000373,0,0
655ck3tb94cll,Hana,Turner,Media/Press,Attended,v655ck3tb94cll,VentureBeat,US,hana.turner@venturebeat.com,Senior Correspondent,1,Media/Press,VentureBeat,US,,Hana,Senior Correspondent,Turner,United States,,,www.venturebeat.com,5000374,0,0
9f3lz0wf1hwjh,Maria,Nair,IT Consulting & SI,No show,v9f3lz0wf1hwjh,IBM Consulting,US,maria.nair@ibm.com,Technology Consultant,0,IT Consulting & SI,IBM Consulting,US,,Maria,Technology Consultant,Nair,United States,,,www.ibm.com,5000375,0,0
aepg25pu9h9fb,Layla,Zeng,IT Consulting & SI,No show,vaepg25pu9h9fb,Cognizant,US,layla.zeng@cognizant.com,Managing Consultant,0,IT Consulting & SI,Cognizant,US,,Layla,Managing Consultant,Zeng,United States,,,www.cognizant.com,5000376,0,0
2h6fyey3m0nq8,Fazilah,Choi,Enterprise Software,Attended,v2h6fyey3m0nq8,Oracle,US,fazilah.choi@oracle.com,Chief Technology Officer,1,Enterprise Software,Oracle,US,,Fazilah,Chief Technology Officer,Choi,United States,,,www.oracle.com,5000377,0,0
5dfi25i67zsoo,Seo-Yeon,Trivedi,AI & Data,Attended,v5dfi25i67zsoo,DataRobot,US,seoyeon.trivedi@datarobot.com,Senior Data Scientist,1,AI & Data,DataRobot,US,,Seo-Yeon,Senior Data Scientist,Trivedi,United States,,,www.datarobot.com,5000378,0,0
2mvv4dc0fp672,Juan,Foo,Enterprise Software,Attended,v2mvv4dc0fp672,Box,US,juan.foo@box.com,Director of Engineering,1,Enterprise Software,Box,US,,Juan,Director of Engineering,Foo,United States,,,www.box.com,5000379,0,0
jk4cweq4f1sri,Arthur,Moore,IT Consulting & SI,No show,vjk4cweq4f1sri,Infosys,IN,arthur.moore@infosys.com,Senior Technology Consultant,0,IT Consulting & SI,Infosys,IN,,Arthur,Senior Technology Consultant,Moore,India,,,www.infosys.com,5000380,0,0
omfrq8lx3p724,Philippe,Bhatt,Cloud & Infrastructure,No show,vomfrq8lx3p724,Supabase,US,philippe.bhatt@supabase.com,Platform Engineer,0,Cloud & Infrastructure,Supabase,US,,Philippe,Platform Engineer,Bhatt,United States,,,www.supabase.com,5000381,0,0
hqzbc5f9e0kll,Rebecca,Petit,VC & Private Equity,Attended,vhqzbc5f9e0kll,SoftBank Vision Fund,JP,rebecca.petit@softbank.com,Venture Associate,1,VC & Private Equity,SoftBank Vision Fund,JP,,Rebecca,Venture Associate,Petit,Japan,,,www.softbank.com,5000382,0,0
25q30zx815g5f,Adam,Ma,Hardware & Semiconductors,Attended,v25q30zx815g5f,Intel,US,adam.ma@intel.com,AI Hardware Architect,1,Hardware & Semiconductors,Intel,US,,Adam,AI Hardware Architect,Ma,United States,,,www.intel.com,5000383,0,0
jotv7h10b8vk9,Liang,Thomas,Cloud & Infrastructure,Attended,vjotv7h10b8vk9,Google Cloud,US,liang.thomas@cloud.google.com,VP of Engineering,1,Cloud & Infrastructure,Google Cloud,US,,Liang,VP of Engineering,Thomas,United States,,,www.cloud.google.com,5000384,0,0
h3iabc2t67a50,Dylan,Ho,Cloud & Infrastructure,Attended,vh3iabc2t67a50,Vercel,US,dylan.ho@vercel.com,Developer Advocate,1,Cloud & Infrastructure,Vercel,US,,Dylan,Developer Advocate,Ho,United States,,,www.vercel.com,5000385,0,0
jfp0n1k9yxcfe,James,Cox,Enterprise Software,Attended,vjfp0n1k9yxcfe,monday.com,IL,james.cox@monday.com,Director of Engineering,1,Enterprise Software,monday.com,IL,,James,Director of Engineering,Cox,Israel,,,www.monday.com,5000386,0,0
dcff3tr7wb42p,Kwame,Tanaka,Enterprise Software,Attended,vdcff3tr7wb42p,Box,US,kwame.tanaka@box.com,Solutions Architect,1,Enterprise Software,Box,US,,Kwame,Solutions Architect,Tanaka,United States,,,www.box.com,5000387,0,0
nm0alqeds1vrt,Sung,Laurent,Enterprise Software,No show,vnm0alqeds1vrt,Workday,US,sung.laurent@workday.com,Principal Product Manager,0,Enterprise Software,Workday,US,,Sung,Principal Product Manager,Laurent,United States,,,www.workday.com,5000388,0,0
1e32witpbd7x9,Juan,Gray,Speaker,Attended,v1e32witpbd7x9,NUS School of Computing,SG,juan.gray@nus.edu.sg,Chief Technology Officer,1,Speaker,NUS School of Computing,SG,,Juan,Chief Technology Officer,Gray,Singapore,,Speaker,www.nus.edu.sg,5000389,0,0
91leuucbl116c,Mohammed,Park,Enterprise Software,Attended,v91leuucbl116c,ServiceNow,US,mohammed.park@servicenow.com,Director of Engineering,1,Enterprise Software,ServiceNow,US,,Mohammed,Director of Engineering,Park,United States,,,www.servicenow.com,5000390,0,0
3odf76img7zd3,Hiroshi,Bell,Enterprise Software,Attended,v3odf76img7zd3,ServiceNow,US,hiroshi.bell@servicenow.com,Head of Growth,1,Enterprise Software,ServiceNow,US,,Hiroshi,Head of Growth,Bell,United States,,,www.servicenow.com,5000391,0,0
ujw6zjvaev0yu,Kofi,Loh,Enterprise Software,No show,vujw6zjvaev0yu,monday.com,IL,kofi.loh@monday.com,Senior Solutions Engineer,0,Enterprise Software,monday.com,IL,,Kofi,Senior Solutions Engineer,Loh,Israel,,,www.monday.com,5000392,0,0
u8iziibco8jea,Sharon,Petit,Enterprise Software,Attended,vu8iziibco8jea,Microsoft,US,sharon.petit@microsoft.com,Senior Solutions Engineer,1,Enterprise Software,Microsoft,US,,Sharon,Senior Solutions Engineer,Petit,United States,,,www.microsoft.com,5000393,0,0
baqc6cqko5fkp,Emma,Deng,AI & Data,Attended,vbaqc6cqko5fkp,Together AI,US,emma.deng@together.ai,Applied Research Scientist,1,AI & Data,Together AI,US,,Emma,Applied Research Scientist,Deng,United States,,,www.together.ai,5000394,0,0
jx20au5ik31yu,Ingrid,Lim,Dev Tools & Platforms,Attended,vjx20au5ik31yu,GitHub,US,ingrid.lim@github.com,Head of Developer Relations,1,Dev Tools & Platforms,GitHub,US,,Ingrid,Head of Developer Relations,Lim,United States,,,www.github.com,5000395,0,0
hibmqimi8acue,Shu,Pereira,IT Consulting & SI,Attended,vhibmqimi8acue,Infosys,IN,shu.pereira@infosys.com,Cloud Migration Specialist,1,IT Consulting & SI,Infosys,IN,,Shu,Cloud Migration Specialist,Pereira,India,,,www.infosys.com,5000396,0,0
2tw1bytxza43h,Shu,Trivedi,Enterprise Software,Attended,v2tw1bytxza43h,monday.com,IL,shu.trivedi@monday.com,Chief Technology Officer,1,Enterprise Software,monday.com,IL,,Shu,Chief Technology Officer,Trivedi,Israel,,,www.monday.com,5000397,0,0
cqwb00n114py4,Jason,Deng,IT Consulting & SI,Attended,vcqwb00n114py4,McKinsey Digital,US,jason.deng@mckinsey.com,Managing Consultant,1,IT Consulting & SI,McKinsey Digital,US,,Jason,Managing Consultant,Deng,United States,,,www.mckinsey.com,5000398,0,0
vxhqg4qlv724h,Raj,Wang,Cloud & Infrastructure,Attended,vvxhqg4qlv724h,MongoDB,US,raj.wang@mongodb.com,Principal Solutions Architect,1,Cloud & Infrastructure,MongoDB,US,,Raj,Principal Solutions Architect,Wang,United States,,,www.mongodb.com,5000399,0,0
ctdsdjt3br4f2,Juan,Sim,Cloud & Infrastructure,Attended,vctdsdjt3br4f2,Cloudflare,US,juan.sim@cloudflare.com,Principal Solutions Architect,1,Cloud & Infrastructure,Cloudflare,US,,Juan,Principal Solutions Architect,Sim,United States,,,www.cloudflare.com,5000400,0,0
cg8d2tn20vz9l,Sofia,Wright,AI & Data,Attended,vcg8d2tn20vz9l,Palantir Technologies,US,sofia.wright@palantir.com,Senior Data Scientist,1,AI & Data,Palantir Technologies,US,,Sofia,Senior Data Scientist,Wright,United States,,,www.palantir.com,5000401,0,0
immnstouifjil,Isabelle,Jackson,Cloud & Infrastructure,Attended,vimmnstouifjil,Google Cloud,US,isabelle.jackson@cloud.google.com,Chief Technology Officer,1,Cloud & Infrastructure,Google Cloud,US,,Isabelle,Chief Technology Officer,Jackson,United States,,,www.cloud.google.com,5000402,0,0
o4eutawj4g8r7,Daiki,Stewart,Dev Tools & Platforms,Attended,vo4eutawj4g8r7,GitHub,US,daiki.stewart@github.com,Solutions Engineer,1,Dev Tools & Platforms,GitHub,US,,Daiki,Solutions Engineer,Stewart,United States,,,www.github.com,5000403,0,0
l2c53k9om115b,Ping,Pham,Hardware & Semiconductors,No show,vl2c53k9om115b,Intel,US,ping.pham@intel.com,"Research Scientist, Silicon",0,Hardware & Semiconductors,Intel,US,,Ping,"Research Scientist, Silicon",Pham,United States,,,www.intel.com,5000404,0,0
iymyk86adnokk,Fazilah,Andersen,VC & Private Equity,Attended,viymyk86adnokk,Lightspeed Venture Partners,US,fazilah.andersen@lsvp.com,Partner,1,VC & Private Equity,Lightspeed Venture Partners,US,,Fazilah,Partner,Andersen,United States,,,www.lsvp.com,5000405,0,0
gsv5e033dzqq5,Margaret,Kato,Enterprise Software,Attended,vgsv5e033dzqq5,HubSpot,US,margaret.kato@hubspot.com,VP of Engineering,1,Enterprise Software,HubSpot,US,,Margaret,VP of Engineering,Kato,United States,,,www.hubspot.com,5000406,0,0
89d842zsa6ha3,Budi,Young,AI & Data,Attended,v89d842zsa6ha3,NVIDIA,US,budi.young@nvidia.com,Research Scientist,1,AI & Data,NVIDIA,US,,Budi,Research Scientist,Young,United States,,,www.nvidia.com,5000407,0,0
v35xudkitmaf9,Deborah,Phillips,IT Consulting & SI,Attended,vv35xudkitmaf9,IBM Consulting,US,deborah.phillips@ibm.com,Technology Consultant,1,IT Consulting & SI,IBM Consulting,US,,Deborah,Technology Consultant,Phillips,United States,,,www.ibm.com,5000408,0,0
0sd0p4775b5no,Nora,Lewis,Enterprise Software,No show,v0sd0p4775b5no,Adobe,US,nora.lewis@adobe.com,VP of Engineering,0,Enterprise Software,Adobe,US,,Nora,VP of Engineering,Lewis,United States,,,www.adobe.com,5000409,0,0
31nyc7h81jmbp,Ji-Won,Evans,AI & Data,Attended,v31nyc7h81jmbp,DataRobot,US,jiwon.evans@datarobot.com,Senior Data Scientist,1,AI & Data,DataRobot,US,,Ji-Won,Senior Data Scientist,Evans,United States,,,www.datarobot.com,5000410,0,0
bin0byqyvbnuz,Ella,Joshi,IT Consulting & SI,Attended,vbin0byqyvbnuz,Accenture,IE,ella.joshi@accenture.com,Managing Consultant,1,IT Consulting & SI,Accenture,IE,,Ella,Managing Consultant,Joshi,Ireland,,,www.accenture.com,5000411,0,0
q6ktnn8ildasl,Lars,Le,Hardware & Semiconductors,Attended,vq6ktnn8ildasl,Marvell Technology,US,lars.le@marvell.com,Chief Technology Officer,1,Hardware & Semiconductors,Marvell Technology,US,,Lars,Chief Technology Officer,Le,United States,,,www.marvell.com,5000412,0,0
19bp0l70shyvn,Jonathan,Sato,IT Consulting & SI,No show,v19bp0l70shyvn,Accenture,IE,jonathan.sato@accenture.com,Cloud Migration Specialist,0,IT Consulting & SI,Accenture,IE,,Jonathan,Cloud Migration Specialist,Sato,Ireland,,,www.accenture.com,5000413,0,0
e61493685efzv,Divya,Wilson,IT Consulting & SI,Attended,ve61493685efzv,Slalom,US,divya.wilson@slalom.com,Associate Director,1,IT Consulting & SI,Slalom,US,,Divya,Associate Director,Wilson,United States,,,www.slalom.com,5000414,0,0
91jgjti2lswbb,Jeffrey,Feng,AI & Data,Attended,v91jgjti2lswbb,Databricks,US,jeffrey.feng@databricks.com,AI/ML Platform Lead,1,AI & Data,Databricks,US,,Jeffrey,AI/ML Platform Lead,Feng,United States,,,www.databricks.com,5000415,0,0
c0bogwhupof0h,Gregory,Singh,Speaker,Attended,vc0bogwhupof0h,Carnegie Mellon University,US,gregory.singh@cmu.edu,Distinguished Engineer,1,Speaker,Carnegie Mellon University,US,,Gregory,Distinguished Engineer,Singh,United States,,Speaker,www.cmu.edu,5000416,0,0
9u7c1a7yj8hqd,Sandra,Kapoor,Cloud & Infrastructure,No show,v9u7c1a7yj8hqd,Snowflake,US,sandra.kapoor@snowflake.com,Senior Site Reliability Engineer,0,Cloud & Infrastructure,Snowflake,US,,Sandra,Senior Site Reliability Engineer,Kapoor,United States,,,www.snowflake.com,5000417,0,0
m7h6oq7qh96yc,Angela,Smith,IT Consulting & SI,Attended,vm7h6oq7qh96yc,Accenture,IE,angela.smith@accenture.com,Managing Consultant,1,IT Consulting & SI,Accenture,IE,,Angela,Managing Consultant,Smith,Ireland,,,www.accenture.com,5000418,0,0
b3pkbqy3ot760,Aoi,Hassan,Enterprise Software,Attended,vb3pkbqy3ot760,Oracle,US,aoi.hassan@oracle.com,Engineering Manager,1,Enterprise Software,Oracle,US,,Aoi,Engineering Manager,Hassan,United States,,,www.oracle.com,5000419,0,0
5t54gylbi18a2,Budi,Kato,Hardware & Semiconductors,No show,v5t54gylbi18a2,Arm Holdings,GB,budi.kato@arm.com,Director of Engineering,0,Hardware & Semiconductors,Arm Holdings,GB,,Budi,Director of Engineering,Kato,United Kingdom,,,www.arm.com,5000420,0,0
zpy9qzo7io2f2,Pranav,Sanchez,Media/Press,Attended,vzpy9qzo7io2f2,The Verge,US,pranav.sanchez@theverge.com,Contributing Writer,1,Media/Press,The Verge,US,,Pranav,Contributing Writer,Sanchez,United States,,,www.theverge.com,5000421,0,0
uloqvbv1jpvkt,David,Perez,Dev Tools & Platforms,Attended,vuloqvbv1jpvkt,Postman,US,david.perez@postman.com,Staff Software Engineer,1,Dev Tools & Platforms,Postman,US,,David,Staff Software Engineer,Perez,United States,,,www.postman.com,5000422,0,0
81bxd7itqrt8g,Ingrid,Song,Staff,Attended,v81bxd7itqrt8g,FieldDrive Events,BE,ingrid.song@fielddrive.com,Event Operations Manager,1,Staff,FieldDrive Events,BE,,Ingrid,Event Operations Manager,Song,Belgium,,,www.fielddrive.com,5000423,0,0
02tyaxy2nz5x5,Ibrahim,Li,Cybersecurity,No show,v02tyaxy2nz5x5,Orca Security,US,ibrahim.li@orca.security,SOC Analyst,0,Cybersecurity,Orca Security,US,,Ibrahim,SOC Analyst,Li,United States,,,www.orca.security,5000424,0,0
nwyubekt2mnj7,Jun,Tang,Hardware & Semiconductors,Attended,vnwyubekt2mnj7,AMD,US,jun.tang@amd.com,Senior Chip Design Engineer,1,Hardware & Semiconductors,AMD,US,,Jun,Senior Chip Design Engineer,Tang,United States,,,www.amd.com,5000425,0,0
ltm9r6mguov5i,Miho,Koh,Enterprise Software,Attended,vltm9r6mguov5i,Oracle,US,miho.koh@oracle.com,Customer Success Manager,1,Enterprise Software,Oracle,US,,Miho,Customer Success Manager,Koh,United States,,,www.oracle.com,5000426,0,0
563c36vfh3mi2,Christopher,Dlamini,Enterprise Software,Attended,v563c36vfh3mi2,Freshworks,IN,christopher.dlamini@freshworks.com,"Account Executive, Enterprise",1,Enterprise Software,Freshworks,IN,,Christopher,"Account Executive, Enterprise",Dlamini,India,,,www.freshworks.com,5000427,0,0
k1d1gnt9zsuv4,Ibrahim,Feng,AI & Data,Attended,vk1d1gnt9zsuv4,Weaviate,NL,ibrahim.feng@weaviate.io,VP of Data & Analytics,1,AI & Data,Weaviate,NL,,Ibrahim,VP of Data & Analytics,Feng,Netherlands,,,www.weaviate.io,5000428,0,0
s96kw0pn524ks,Vikram,Yap,Cloud & Infrastructure,Attended,vs96kw0pn524ks,Akamai Technologies,US,vikram.yap@akamai.com,Cloud Architect,1,Cloud & Infrastructure,Akamai Technologies,US,,Vikram,Cloud Architect,Yap,United States,,,www.akamai.com,5000429,0,0
xi8e55325camb,Nicholas,Sim,Hardware & Semiconductors,Attended,vxi8e55325camb,Groq,US,nicholas.sim@groq.com,Senior Chip Design Engineer,1,Hardware & Semiconductors,Groq,US,,Nicholas,Senior Chip Design Engineer,Sim,United States,,,www.groq.com,5000430,0,0
0gnh8s2gt30gc,Stephanie,Koh,Hardware & Semiconductors,Attended,v0gnh8s2gt30gc,AMD,US,stephanie.koh@amd.com,Senior Chip Design Engineer,1,Hardware & Semiconductors,AMD,US,,Stephanie,Senior Chip Design Engineer,Koh,United States,,,www.amd.com,5000431,0,0
nwrn57lws1yq6,Sung,Cox,Enterprise Software,Attended,vnwrn57lws1yq6,Microsoft,US,sung.cox@microsoft.com,Staff Software Engineer,1,Enterprise Software,Microsoft,US,,Sung,Staff Software Engineer,Cox,United States,,,www.microsoft.com,5000432,0,0
802xvxitifxzi,Fazilah,Santos,IT Consulting & SI,Attended,v802xvxitifxzi,EY Technology,GB,fazilah.santos@ey.com,Associate Director,1,IT Consulting & SI,EY Technology,GB,,Fazilah,Associate Director,Santos,United Kingdom,,,www.ey.com,5000433,0,0
0gq34pggcbi6q,Ryo,Davies,Cybersecurity,Attended,v0gq34pggcbi6q,Lacework,US,ryo.davies@lacework.com,Senior Security Engineer,1,Cybersecurity,Lacework,US,,Ryo,Senior Security Engineer,Davies,United States,,,www.lacework.com,5000434,0,0
r3yqs5pyyz5ym,Eric,Ho,Cybersecurity,Attended,vr3yqs5pyyz5ym,Tenable,US,eric.ho@tenable.com,CISO,1,Cybersecurity,Tenable,US,,Eric,CISO,Ho,United States,,,www.tenable.com,5000435,0,0
d2xg770xdhj5s,Mark,Goh,Enterprise Software,Attended,vd2xg770xdhj5s,Oracle,US,mark.goh@oracle.com,Staff Software Engineer,1,Enterprise Software,Oracle,US,,Mark,Staff Software Engineer,Goh,United States,,,www.oracle.com,5000436,0,0
end6bwbem0tpi,Astrid,Romano,AI & Data,Attended,vend6bwbem0tpi,NVIDIA,US,astrid.romano@nvidia.com,Senior Data Scientist,1,AI & Data,NVIDIA,US,,Astrid,Senior Data Scientist,Romano,United States,,,www.nvidia.com,5000437,0,0
9fke4vzn8z4c0,Marie,Smith,AI & Data,No show,v9fke4vzn8z4c0,DataRobot,US,marie.smith@datarobot.com,Applied Research Scientist,0,AI & Data,DataRobot,US,,Marie,Applied Research Scientist,Smith,United States,,,www.datarobot.com,5000438,0,0
2hyvezrad8ejp,Rahul,Park,Cybersecurity,Attended,v2hyvezrad8ejp,Tenable,US,rahul.park@tenable.com,Threat Intelligence Analyst,1,Cybersecurity,Tenable,US,,Rahul,Threat Intelligence Analyst,Park,United States,,,www.tenable.com,5000439,0,0
8p5aiekx6mj53,Andrea,Lai,Hardware & Semiconductors,Attended,v8p5aiekx6mj53,Marvell Technology,US,andrea.lai@marvell.com,Senior Chip Design Engineer,1,Hardware & Semiconductors,Marvell Technology,US,,Andrea,Senior Chip Design Engineer,Lai,United States,,,www.marvell.com,5000440,0,0
ird4jpdt12sba,Yasmin,Le,Cloud & Infrastructure,Attended,vird4jpdt12sba,Confluent,US,yasmin.le@confluent.io,Platform Engineer,1,Cloud & Infrastructure,Confluent,US,,Yasmin,Platform Engineer,Le,United States,,,www.confluent.io,5000441,0,0
83k88rhoehapm,Sofia,Yamamoto,IT Consulting & SI,No show,v83k88rhoehapm,Deloitte Technology,US,sofia.yamamoto@deloitte.com,Agile Delivery Lead,0,IT Consulting & SI,Deloitte Technology,US,,Sofia,Agile Delivery Lead,Yamamoto,United States,,,www.deloitte.com,5000442,0,0
yqzvrhum921vf,Abena,Zheng,AI & Data,Attended,vyqzvrhum921vf,Scale AI,US,abena.zheng@scale.com,Research Scientist,1,AI & Data,Scale AI,US,,Abena,Research Scientist,Zheng,United States,,,www.scale.com,5000443,0,0
aceqrq6b0ji1t,Ngozi,Petit,Enterprise Software,Attended,vaceqrq6b0ji1t,monday.com,IL,ngozi.petit@monday.com,Senior Solutions Engineer,1,Enterprise Software,monday.com,IL,,Ngozi,Senior Solutions Engineer,Petit,Israel,,,www.monday.com,5000444,0,0
cqpeov0d68fr8,Haruto,Feng,VC & Private Equity,No show,vcqpeov0d68fr8,Tiger Global,US,haruto.feng@tigerglobal.com,Venture Associate,0,VC & Private Equity,Tiger Global,US,,Haruto,Venture Associate,Feng,United States,,,www.tigerglobal.com,5000445,0,0
ui31physvkuev,Kwame,Brown,Cybersecurity,Attended,vui31physvkuev,Fortinet,US,kwame.brown@fortinet.com,Security Consultant,1,Cybersecurity,Fortinet,US,,Kwame,Security Consultant,Brown,United States,,,www.fortinet.com,5000446,0,0
9dnzwss9v66dq,Jennifer,Rossi,IT Consulting & SI,Attended,v9dnzwss9v66dq,HCL Technologies,IN,jennifer.rossi@hcltech.com,Agile Delivery Lead,1,IT Consulting & SI,HCL Technologies,IN,,Jennifer,Agile Delivery Lead,Rossi,India,,,www.hcltech.com,5000447,0,0
tcatplx3gguko,Yusuf,Foo,VC & Private Equity,Attended,vtcatplx3gguko,Andreessen Horowitz,US,yusuf.foo@a16z.com,Venture Associate,1,VC & Private Equity,Andreessen Horowitz,US,,Yusuf,Venture Associate,Foo,United States,,,www.a16z.com,5000448,0,0
jvie6dueprtir,Sofia,Hansen,Cybersecurity,Attended,vjvie6dueprtir,CrowdStrike,US,sofia.hansen@crowdstrike.com,Security Architect,1,Cybersecurity,CrowdStrike,US,,Sofia,Security Architect,Hansen,United States,,,www.crowdstrike.com,5000449,0,0
qlcaudf9m13ot,Timothy,Smith,IT Consulting & SI,Attended,vqlcaudf9m13ot,Accenture,IE,timothy.smith@accenture.com,Technology Consultant,1,IT Consulting & SI,Accenture,IE,,Timothy,Technology Consultant,Smith,Ireland,,,www.accenture.com,5000450,0,0
10m1v395zdhz6,Divya,Edwards,Dev Tools & Platforms,Attended,v10m1v395zdhz6,Postman,US,divya.edwards@postman.com,Staff Software Engineer,1,Dev Tools & Platforms,Postman,US,,Divya,Staff Software Engineer,Edwards,United States,,,www.postman.com,5000451,0,0
uoc1r601ejt1w,Hyun,Ito,IT Consulting & SI,Attended,vuoc1r601ejt1w,Wipro,IN,hyun.ito@wipro.com,Associate Director,1,IT Consulting & SI,Wipro,IN,,Hyun,Associate Director,Ito,India,,,www.wipro.com,5000452,0,0
2i9owp7nl6dmj,Arjun,Nielsen,Enterprise Software,Attended,v2i9owp7nl6dmj,Atlassian,AU,arjun.nielsen@atlassian.com,"Account Executive, Enterprise",1,Enterprise Software,Atlassian,AU,,Arjun,"Account Executive, Enterprise",Nielsen,Australia,,,www.atlassian.com,5000453,0,0
hlozesjncrbvx,Vikram,Hansen,IT Consulting & SI,Attended,vhlozesjncrbvx,McKinsey Digital,US,vikram.hansen@mckinsey.com,Cloud Migration Specialist,1,IT Consulting & SI,McKinsey Digital,US,,Vikram,Cloud Migration Specialist,Hansen,United States,,,www.mckinsey.com,5000454,0,0
6u2llh22be4n2,Jing,Tran,Cloud & Infrastructure,Attended,v6u2llh22be4n2,Datadog,US,jing.tran@datadoghq.com,Platform Engineer,1,Cloud & Infrastructure,Datadog,US,,Jing,Platform Engineer,Tran,United States,,,www.datadoghq.com,5000455,0,0
lcack9d643j2x,Catherine,Johnson,IT Consulting & SI,Attended,vlcack9d643j2x,Cognizant,US,catherine.johnson@cognizant.com,"Solution Architect, Digital",1,IT Consulting & SI,Cognizant,US,,Catherine,"Solution Architect, Digital",Johnson,United States,,,www.cognizant.com,5000456,0,0
9ojf3c07bti1r,George,He,Staff,Attended,v9ojf3c07bti1r,FieldDrive Events,BE,george.he@fielddrive.com,Event Operations Manager,1,Staff,FieldDrive Events,BE,,George,Event Operations Manager,He,Belgium,,,www.fielddrive.com,5000457,0,0
n18bypknxmfh5,Charles,Baker,VC & Private Equity,Attended,vn18bypknxmfh5,Andreessen Horowitz,US,charles.baker@a16z.com,Partner,1,VC & Private Equity,Andreessen Horowitz,US,,Charles,Partner,Baker,United States,,,www.a16z.com,5000458,0,0
0rb5tngcrzxc4,Nora,Tran,Enterprise Software,No show,v0rb5tngcrzxc4,Adobe,US,nora.tran@adobe.com,Senior Product Manager,0,Enterprise Software,Adobe,US,,Nora,Senior Product Manager,Tran,United States,,,www.adobe.com,5000459,0,0
niblwbv2izsfw,George,Trivedi,AI & Data,Attended,vniblwbv2izsfw,NVIDIA,US,george.trivedi@nvidia.com,Senior Data Scientist,1,AI & Data,NVIDIA,US,,George,Senior Data Scientist,Trivedi,United States,,,www.nvidia.com,5000460,0,0
tncvhztay12yi,Ahmad,Hill,IT Consulting & SI,Attended,vtncvhztay12yi,Wipro,IN,ahmad.hill@wipro.com,Technology Consultant,1,IT Consulting & SI,Wipro,IN,,Ahmad,Technology Consultant,Hill,India,,,www.wipro.com,5000461,0,0
bd0v0njj63xvf,Eric,Richardson,Cybersecurity,Attended,vbd0v0njj63xvf,Snyk,GB,eric.richardson@snyk.io,Head of Information Security,1,Cybersecurity,Snyk,GB,,Eric,Head of Information Security,Richardson,United Kingdom,,,www.snyk.io,5000462,0,0
ai6aynpe6swyu,Ella,Schmidt,Dev Tools & Platforms,Attended,vai6aynpe6swyu,Postman,US,ella.schmidt@postman.com,Staff Software Engineer,1,Dev Tools & Platforms,Postman,US,,Ella,Staff Software Engineer,Schmidt,United States,,,www.postman.com,5000463,0,0
5v32bh1a4ogn3,Arun,Bianchi,Enterprise Software,Attended,v5v32bh1a4ogn3,Sprinklr,US,arun.bianchi@sprinklr.com,VP of Sales,1,Enterprise Software,Sprinklr,US,,Arun,VP of Sales,Bianchi,United States,,,www.sprinklr.com,5000464,0,0
dw7v1qsa11ptk,Richard,Wang,Dev Tools & Platforms,Attended,vdw7v1qsa11ptk,Twilio,US,richard.wang@twilio.com,Chief Revenue Officer,1,Dev Tools & Platforms,Twilio,US,,Richard,Chief Revenue Officer,Wang,United States,,,www.twilio.com,5000465,0,0
6ave7e51m4wu3,Christine,Zhang,VC & Private Equity,No show,v6ave7e51m4wu3,Insight Partners,US,christine.zhang@insightpartners.com,Partner,0,VC & Private Equity,Insight Partners,US,,Christine,Partner,Zhang,United States,,,www.insightpartners.com,5000466,0,0
a9ta76nfcqml8,Hong,Cheng,Enterprise Software,Attended,va9ta76nfcqml8,Workday,US,hong.cheng@workday.com,Solutions Architect,1,Enterprise Software,Workday,US,,Hong,Solutions Architect,Cheng,United States,,,www.workday.com,5000467,0,0
56j0je3mkr4l2,Valentina,Lim,Cybersecurity,Attended,v56j0je3mkr4l2,CyberArk,IL,valentina.lim@cyberark.com,Security Sales Engineer,1,Cybersecurity,CyberArk,IL,,Valentina,Security Sales Engineer,Lim,Israel,,,www.cyberark.com,5000468,0,0
z2ads83gyziep,Hui,Ito,IT Consulting & SI,Attended,vz2ads83gyziep,Deloitte Technology,US,hui.ito@deloitte.com,Senior Technology Consultant,1,IT Consulting & SI,Deloitte Technology,US,,Hui,Senior Technology Consultant,Ito,United States,,,www.deloitte.com,5000469,0,0
c50i32buhbcpl,Emma,Johnson,Dev Tools & Platforms,Attended,vc50i32buhbcpl,LaunchDarkly,US,emma.johnson@launchdarkly.com,Chief Revenue Officer,1,Dev Tools & Platforms,LaunchDarkly,US,,Emma,Chief Revenue Officer,Johnson,United States,,,www.launchdarkly.com,5000470,0,0
oej81o082sfr2,Abena,Kobayashi,Dev Tools & Platforms,Attended,voej81o082sfr2,Postman,US,abena.kobayashi@postman.com,Senior Developer Advocate,1,Dev Tools & Platforms,Postman,US,,Abena,Senior Developer Advocate,Kobayashi,United States,,,www.postman.com,5000471,0,0
jtbpgt9967st8,Kavita,Larsen,VC & Private Equity,Attended,vjtbpgt9967st8,Insight Partners,US,kavita.larsen@insightpartners.com,Investment Director,1,VC & Private Equity,Insight Partners,US,,Kavita,Investment Director,Larsen,United States,,,www.insightpartners.com,5000472,0,0
l1drz0xv6ddd2,Hui,Walker,VC & Private Equity,Attended,vl1drz0xv6ddd2,Andreessen Horowitz,US,hui.walker@a16z.com,General Partner,1,VC & Private Equity,Andreessen Horowitz,US,,Hui,General Partner,Walker,United States,,,www.a16z.com,5000473,0,0
26m8a41zblm57,Amit,Larsen,Cloud & Infrastructure,Attended,v26m8a41zblm57,Render,US,amit.larsen@render.com,Chief Technology Officer,1,Cloud & Infrastructure,Render,US,,Amit,Chief Technology Officer,Larsen,United States,,,www.render.com,5000474,0,0
o8w81ayuam75p,Hana,Goh,Cybersecurity,Attended,vo8w81ayuam75p,Okta,US,hana.goh@okta.com,SOC Analyst,1,Cybersecurity,Okta,US,,Hana,SOC Analyst,Goh,United States,,,www.okta.com,5000475,0,0
uuxop63ctzrbz,Rebecca,Feng,Cybersecurity,Attended,vuuxop63ctzrbz,Fortinet,US,rebecca.feng@fortinet.com,Director of Cybersecurity,1,Cybersecurity,Fortinet,US,,Rebecca,Director of Cybersecurity,Feng,United States,,,www.fortinet.com,5000476,0,0
9leokqjuwxu2h,Patrick,Reddy,Cybersecurity,Attended,v9leokqjuwxu2h,Palo Alto Networks,US,patrick.reddy@paloaltonetworks.com,CISO,1,Cybersecurity,Palo Alto Networks,US,,Patrick,CISO,Reddy,United States,,,www.paloaltonetworks.com,5000477,0,0
wa6m96m5u2tlu,Christine,Lewis,IT Consulting & SI,Attended,vwa6m96m5u2tlu,NTT Data,JP,christine.lewis@nttdata.com,Associate Director,1,IT Consulting & SI,NTT Data,JP,,Christine,Associate Director,Lewis,Japan,,,www.nttdata.com,5000478,0,0
4i1agzgxvxc6s,Margaret,Sato,Hardware & Semiconductors,Attended,v4i1agzgxvxc6s,MediaTek,TW,margaret.sato@mediatek.com,Chief Technology Officer,1,Hardware & Semiconductors,MediaTek,TW,,Margaret,Chief Technology Officer,Sato,Taiwan,,,www.mediatek.com,5000479,0,0
7r1z4c9vf6rgs,Arun,Iyer,VC & Private Equity,Attended,v7r1z4c9vf6rgs,Tiger Global,US,arun.iyer@tigerglobal.com,Principal,1,VC & Private Equity,Tiger Global,US,,Arun,Principal,Iyer,United States,,,www.tigerglobal.com,5000480,0,0
740c98uzzy00e,Franz,Cook,Enterprise Software,Attended,v740c98uzzy00e,Oracle,US,franz.cook@oracle.com,Engineering Manager,1,Enterprise Software,Oracle,US,,Franz,Engineering Manager,Cook,United States,,,www.oracle.com,5000481,0,0
a9czv7pqovvi1,Andrea,Davis,Cybersecurity,Attended,va9czv7pqovvi1,Wiz,US,andrea.davis@wiz.io,Threat Intelligence Analyst,1,Cybersecurity,Wiz,US,,Andrea,Threat Intelligence Analyst,Davis,United States,,,www.wiz.io,5000482,0,0
8tjwofc57paco,Wei,Nkosi,Hardware & Semiconductors,Attended,v8tjwofc57paco,Graphcore,GB,wei.nkosi@graphcore.ai,System Architecture Engineer,1,Hardware & Semiconductors,Graphcore,GB,,Wei,System Architecture Engineer,Nkosi,United Kingdom,,,www.graphcore.ai,5000483,0,0
b8ohl1zumkvgg,Valentina,Phillips,Enterprise Software,Attended,vb8ohl1zumkvgg,ServiceNow,US,valentina.phillips@servicenow.com,Engineering Manager,1,Enterprise Software,ServiceNow,US,,Valentina,Engineering Manager,Phillips,United States,,,www.servicenow.com,5000484,0,0
wox06zxunhu25,Aisha,Mehta,Enterprise Software,No show,vwox06zxunhu25,Workday,US,aisha.mehta@workday.com,VP of Sales,0,Enterprise Software,Workday,US,,Aisha,VP of Sales,Mehta,United States,,,www.workday.com,5000485,0,0
89gnctijh33ic,Sipho,Chatterjee,Cybersecurity,No show,v89gnctijh33ic,Okta,US,sipho.chatterjee@okta.com,Security Sales Engineer,0,Cybersecurity,Okta,US,,Sipho,Security Sales Engineer,Chatterjee,United States,,,www.okta.com,5000486,0,0
4tonznq06ujlq,Budi,Moreau,Cloud & Infrastructure,Attended,v4tonznq06ujlq,MongoDB,US,budi.moreau@mongodb.com,Platform Engineer,1,Cloud & Infrastructure,MongoDB,US,,Budi,Platform Engineer,Moreau,United States,,,www.mongodb.com,5000487,0,0
kcmnt6u777ldm,Sara,Zhao,Enterprise Software,Attended,vkcmnt6u777ldm,Oracle,US,sara.zhao@oracle.com,Solutions Architect,1,Enterprise Software,Oracle,US,,Sara,Solutions Architect,Zhao,United States,,,www.oracle.com,5000488,0,0
xvi673kllzcuh,Chloe,Tang,Cybersecurity,No show,vxvi673kllzcuh,Orca Security,US,chloe.tang@orca.security,Security Consultant,0,Cybersecurity,Orca Security,US,,Chloe,Security Consultant,Tang,United States,,,www.orca.security,5000489,0,0
i8yatye737fen,Ji-Won,Luo,Enterprise Software,Attended,vi8yatye737fen,Zendesk,US,jiwon.luo@zendesk.com,VP of Engineering,1,Enterprise Software,Zendesk,US,,Ji-Won,VP of Engineering,Luo,United States,,,www.zendesk.com,5000490,0,0
xfx3at253iqqu,Fang,Weber,VC & Private Equity,No show,vxfx3at253iqqu,Sequoia Capital,US,fang.weber@sequoiacap.com,Partner,0,VC & Private Equity,Sequoia Capital,US,,Fang,Partner,Weber,United States,,,www.sequoiacap.com,5000491,0,0
lgqe6xb1z337c,Wei,Bhatt,AI & Data,Attended,vlgqe6xb1z337c,H2O.ai,US,wei.bhatt@h2o.ai,AI/ML Platform Lead,1,AI & Data,H2O.ai,US,,Wei,AI/ML Platform Lead,Bhatt,United States,,,www.h2o.ai,5000492,0,0
6hhwmf1gzvg04,Noah,Ward,Cloud & Infrastructure,Attended,v6hhwmf1gzvg04,Fastly,US,noah.ward@fastly.com,Senior Site Reliability Engineer,1,Cloud & Infrastructure,Fastly,US,,Noah,Senior Site Reliability Engineer,Ward,United States,,,www.fastly.com,5000493,0,0
2iips8qdb9bgv,Sophie,Lopez,AI & Data,No show,v2iips8qdb9bgv,Palantir Technologies,US,sophie.lopez@palantir.com,Principal ML Engineer,0,AI & Data,Palantir Technologies,US,,Sophie,Principal ML Engineer,Lopez,United States,,,www.palantir.com,5000494,0,0
133hbaeom43t6,Min-Soo,Schmidt,Enterprise Software,No show,v133hbaeom43t6,Atlassian,AU,minsoo.schmidt@atlassian.com,"Account Executive, Enterprise",0,Enterprise Software,Atlassian,AU,,Min-Soo,"Account Executive, Enterprise",Schmidt,Australia,,,www.atlassian.com,5000495,0,0
u8z8r2w71tjoh,Mei,Conti,Cybersecurity,No show,vu8z8r2w71tjoh,SentinelOne,US,mei.conti@sentinelone.com,Security Architect,0,Cybersecurity,SentinelOne,US,,Mei,Security Architect,Conti,United States,,,www.sentinelone.com,5000496,0,0
jf9899ffzadvj,Dorothy,Arora,Enterprise Software,Attended,vjf9899ffzadvj,Zendesk,US,dorothy.arora@zendesk.com,VP of Sales,1,Enterprise Software,Zendesk,US,,Dorothy,VP of Sales,Arora,United States,,,www.zendesk.com,5000497,0,0
4ebo2j3ayiuke,Hye-Jin,Chaudhary,IT Consulting & SI,Attended,v4ebo2j3ayiuke,Slalom,US,hyejin.chaudhary@slalom.com,Technology Consultant,1,IT Consulting & SI,Slalom,US,,Hye-Jin,Technology Consultant,Chaudhary,United States,,,www.slalom.com,5000498,0,0
9jc1yljuyun9v,Shan,Park,IT Consulting & SI,Attended,v9jc1yljuyun9v,Accenture,IE,shan.park@accenture.com,Agile Delivery Lead,1,IT Consulting & SI,Accenture,IE,,Shan,Agile Delivery Lead,Park,Ireland,,,www.accenture.com,5000499,0,0
uqb8rcp6i29gp,Hui,Mueller,Dev Tools & Platforms,Attended,vuqb8rcp6i29gp,GitHub,US,hui.mueller@github.com,Chief Revenue Officer,1,Dev Tools & Platforms,GitHub,US,,Hui,Chief Revenue Officer,Mueller,United States,,,www.github.com,5000500,0,0
miffvmam3jkx2,Arthur,Feng,Enterprise Software,Attended,vmiffvmam3jkx2,Microsoft,US,arthur.feng@microsoft.com,Staff Software Engineer,1,Enterprise Software,Microsoft,US,,Arthur,Staff Software Engineer,Feng,United States,,,www.microsoft.com,5000501,0,0
hhvnjpgqc5umu,Jing,Bailey,Enterprise Software,No show,vhhvnjpgqc5umu,Freshworks,IN,jing.bailey@freshworks.com,Customer Success Manager,0,Enterprise Software,Freshworks,IN,,Jing,Customer Success Manager,Bailey,India,,,www.freshworks.com,5000502,0,0
lbnqandtqypic,Arjun,Yap,Dev Tools & Platforms,Attended,vlbnqandtqypic,Twilio,US,arjun.yap@twilio.com,Head of Developer Relations,1,Dev Tools & Platforms,Twilio,US,,Arjun,Head of Developer Relations,Yap,United States,,,www.twilio.com,5000503,0,0
v48jukujoa14z,Jessica,Nelson,Staff,Attended,vv48jukujoa14z,FieldDrive Events,BE,jessica.nelson@fielddrive.com,Conference Coordinator,1,Staff,FieldDrive Events,BE,,Jessica,Conference Coordinator,Nelson,Belgium,,,www.fielddrive.com,5000504,0,0
cg41rk4mkzom2,Sandra,Santos,Speaker,Attended,vcg41rk4mkzom2,MIT Technology Review,US,sandra.santos@technologyreview.com,Chief Technology Officer,1,Speaker,MIT Technology Review,US,,Sandra,Chief Technology Officer,Santos,United States,,Speaker,www.technologyreview.com,5000505,0,0
omzolmyqa78cu,Cynthia,Garcia,Cloud & Infrastructure,Attended,vomzolmyqa78cu,Google Cloud,US,cynthia.garcia@cloud.google.com,Platform Engineer,1,Cloud & Infrastructure,Google Cloud,US,,Cynthia,Platform Engineer,Garcia,United States,,,www.cloud.google.com,5000506,0,0
iqusy2o33b29x,Lucia,Leroy,IT Consulting & SI,Attended,viqusy2o33b29x,PwC Advisory,GB,lucia.leroy@pwc.com,Cloud Migration Specialist,1,IT Consulting & SI,PwC Advisory,GB,,Lucia,Cloud Migration Specialist,Leroy,United Kingdom,,,www.pwc.com,5000507,0,0
248f3vkog1011,Benjamin,Rogers,VC & Private Equity,Attended,v248f3vkog1011,Andreessen Horowitz,US,benjamin.rogers@a16z.com,Venture Associate,1,VC & Private Equity,Andreessen Horowitz,US,,Benjamin,Venture Associate,Rogers,United States,,,www.a16z.com,5000508,0,0
q7a4frv1l6ckn,Mark,Clark,Cloud & Infrastructure,No show,vq7a4frv1l6ckn,Datadog,US,mark.clark@datadoghq.com,Head of Developer Relations,0,Cloud & Infrastructure,Datadog,US,,Mark,Head of Developer Relations,Clark,United States,,,www.datadoghq.com,5000509,0,0
7giu13gbj72bt,Hong,Garcia,IT Consulting & SI,Attended,v7giu13gbj72bt,TCS,IN,hong.garcia@tcs.com,"Partner, Technology Practice",1,IT Consulting & SI,TCS,IN,,Hong,"Partner, Technology Practice",Garcia,India,,,www.tcs.com,5000510,0,0
1d7xyljd2v57b,Swati,Ho,Cloud & Infrastructure,Attended,v1d7xyljd2v57b,Snowflake,US,swati.ho@snowflake.com,Staff Infrastructure Engineer,1,Cloud & Infrastructure,Snowflake,US,,Swati,Staff Infrastructure Engineer,Ho,United States,,,www.snowflake.com,5000511,0,0
wq1cgedbt8bz9,Sung,Ma,IT Consulting & SI,Attended,vwq1cgedbt8bz9,McKinsey Digital,US,sung.ma@mckinsey.com,Managing Consultant,1,IT Consulting & SI,McKinsey Digital,US,,Sung,Managing Consultant,Ma,United States,,,www.mckinsey.com,5000512,0,0
dg680iuga4feg,Marco,Chaudhary,IT Consulting & SI,Attended,vdg680iuga4feg,Cognizant,US,marco.chaudhary@cognizant.com,Cloud Migration Specialist,1,IT Consulting & SI,Cognizant,US,,Marco,Cloud Migration Specialist,Chaudhary,United States,,,www.cognizant.com,5000513,0,0
4wnsmw5gyrw6o,Franz,Hidayat,IT Consulting & SI,Attended,v4wnsmw5gyrw6o,NTT Data,JP,franz.hidayat@nttdata.com,Data & AI Practice Lead,1,IT Consulting & SI,NTT Data,JP,,Franz,Data & AI Practice Lead,Hidayat,Japan,,,www.nttdata.com,5000514,0,0
xu7fkc781hfl1,Ana,Jung,Enterprise Software,Attended,vxu7fkc781hfl1,Oracle,US,ana.jung@oracle.com,Senior Product Manager,1,Enterprise Software,Oracle,US,,Ana,Senior Product Manager,Jung,United States,,,www.oracle.com,5000515,0,0
1bjt4zf3d4d32,Ying,Romano,Enterprise Software,Attended,v1bjt4zf3d4d32,monday.com,IL,ying.romano@monday.com,Senior Product Manager,1,Enterprise Software,monday.com,IL,,Ying,Senior Product Manager,Romano,Israel,,,www.monday.com,5000516,0,0
a2g76rwr3s18w,Arthur,Oliveira,Dev Tools & Platforms,Attended,va2g76rwr3s18w,Sentry,US,arthur.oliveira@sentry.io,Platform Product Manager,1,Dev Tools & Platforms,Sentry,US,,Arthur,Platform Product Manager,Oliveira,United States,,,www.sentry.io,5000517,0,0
51zeqwf1vvwus,Pierre,Roberts,AI & Data,No show,v51zeqwf1vvwus,Scale AI,US,pierre.roberts@scale.com,Applied Research Scientist,0,AI & Data,Scale AI,US,,Pierre,Applied Research Scientist,Roberts,United States,,,www.scale.com,5000518,0,0
sh0ahpo00zcmh,Angela,Ito,AI & Data,Attended,vsh0ahpo00zcmh,Pinecone,US,angela.ito@pinecone.io,ML Solutions Architect,1,AI & Data,Pinecone,US,,Angela,ML Solutions Architect,Ito,United States,,,www.pinecone.io,5000519,0,0
fqpii49h5vn28,Peter,Andersen,IT Consulting & SI,Attended,vfqpii49h5vn28,Infosys,IN,peter.andersen@infosys.com,Technology Consultant,1,IT Consulting & SI,Infosys,IN,,Peter,Technology Consultant,Andersen,India,,,www.infosys.com,5000520,0,0
y40i6qv4tl70z,Ping,Zeng,Enterprise Software,Attended,vy40i6qv4tl70z,ServiceNow,US,ping.zeng@servicenow.com,Engineering Manager,1,Enterprise Software,ServiceNow,US,,Ping,Engineering Manager,Zeng,United States,,,www.servicenow.com,5000521,0,0
utiymr0az0znz,Ngozi,Zhao,Cybersecurity,Attended,vutiymr0az0znz,Qualys,US,ngozi.zhao@qualys.com,Security Architect,1,Cybersecurity,Qualys,US,,Ngozi,Security Architect,Zhao,United States,,,www.qualys.com,5000522,0,0
fwp9k1uoaa2qy,Aoi,Peterson,Staff,Attended,vfwp9k1uoaa2qy,TechForward Organising Committee,SG,aoi.peterson@techforwardsummit.com,Venue Operations Staff,1,Staff,TechForward Organising Committee,SG,,Aoi,Venue Operations Staff,Peterson,Singapore,,,www.techforwardsummit.com,5000523,0,0
tt9kvbkavxsoa,Jessica,Lopez,Dev Tools & Platforms,Attended,vtt9kvbkavxsoa,Postman,US,jessica.lopez@postman.com,VP of Developer Experience,1,Dev Tools & Platforms,Postman,US,,Jessica,VP of Developer Experience,Lopez,United States,,,www.postman.com,5000524,0,0
gxbrytivr40dm,Lucas,Richardson,VC & Private Equity,Attended,vgxbrytivr40dm,Bessemer Venture Partners,US,lucas.richardson@bvp.com,Venture Associate,1,VC & Private Equity,Bessemer Venture Partners,US,,Lucas,Venture Associate,Richardson,United States,,,www.bvp.com,5000525,0,0
6kqb166xtf52b,Brigitte,Conti,IT Consulting & SI,Attended,v6kqb166xtf52b,Slalom,US,brigitte.conti@slalom.com,"Solution Architect, Digital",1,IT Consulting & SI,Slalom,US,,Brigitte,"Solution Architect, Digital",Conti,United States,,,www.slalom.com,5000526,0,0
mv5e71g4eai7x,Raj,Zheng,Cloud & Infrastructure,Attended,vmv5e71g4eai7x,Render,US,raj.zheng@render.com,Cloud Architect,1,Cloud & Infrastructure,Render,US,,Raj,Cloud Architect,Zheng,United States,,,www.render.com,5000527,0,0
vaiegd572i2f8,Ren,Perez,Enterprise Software,Attended,vvaiegd572i2f8,Atlassian,AU,ren.perez@atlassian.com,Solutions Architect,1,Enterprise Software,Atlassian,AU,,Ren,Solutions Architect,Perez,Australia,,,www.atlassian.com,5000528,0,0
b6twnvjqjinh1,Anita,Zheng,IT Consulting & SI,Attended,vb6twnvjqjinh1,HCL Technologies,IN,anita.zheng@hcltech.com,Technology Consultant,1,IT Consulting & SI,HCL Technologies,IN,,Anita,Technology Consultant,Zheng,India,,,www.hcltech.com,5000529,0,0
tp5ch3svg7ss6,Abena,Choi,Media/Press,Attended,vtp5ch3svg7ss6,TechCrunch,US,abena.choi@techcrunch.com,Contributing Writer,1,Media/Press,TechCrunch,US,,Abena,Contributing Writer,Choi,United States,,,www.techcrunch.com,5000530,0,0
k5r0pnf3vclho,Budi,Chua,Cloud & Infrastructure,Attended,vk5r0pnf3vclho,HashiCorp,US,budi.chua@hashicorp.com,Principal Solutions Architect,1,Cloud & Infrastructure,HashiCorp,US,,Budi,Principal Solutions Architect,Chua,United States,,,www.hashicorp.com,5000531,0,0
os6gkj71k16y0,Siti,Malhotra,Cybersecurity,Attended,vos6gkj71k16y0,Okta,US,siti.malhotra@okta.com,Director of Cybersecurity,1,Cybersecurity,Okta,US,,Siti,Director of Cybersecurity,Malhotra,United States,,,www.okta.com,5000532,0,0
ktx6qcaluk873,Ethan,Patel,Enterprise Software,No show,vktx6qcaluk873,Adobe,US,ethan.patel@adobe.com,Head of Growth,0,Enterprise Software,Adobe,US,,Ethan,Head of Growth,Patel,United States,,,www.adobe.com,5000533,0,0
2hr5sosc0whs1,Alejandro,Kobayashi,Cloud & Infrastructure,No show,v2hr5sosc0whs1,Cloudflare,US,alejandro.kobayashi@cloudflare.com,DevOps Engineer,0,Cloud & Infrastructure,Cloudflare,US,,Alejandro,DevOps Engineer,Kobayashi,United States,,,www.cloudflare.com,5000534,0,0
eci9rtj6u5a2x,Lucas,Nkosi,Hardware & Semiconductors,Attended,veci9rtj6u5a2x,MediaTek,TW,lucas.nkosi@mediatek.com,Director of Engineering,1,Hardware & Semiconductors,MediaTek,TW,,Lucas,Director of Engineering,Nkosi,Taiwan,,,www.mediatek.com,5000535,0,0
eo0eu2ci4eure,Lucas,Kapoor,IT Consulting & SI,Attended,veo0eu2ci4eure,TCS,IN,lucas.kapoor@tcs.com,Cloud Migration Specialist,1,IT Consulting & SI,TCS,IN,,Lucas,Cloud Migration Specialist,Kapoor,India,,,www.tcs.com,5000536,0,0
phmzoim2caml5,Rania,Nkosi,Hardware & Semiconductors,Attended,vphmzoim2caml5,SambaNova Systems,US,rania.nkosi@sambanova.ai,"Research Scientist, Silicon",1,Hardware & Semiconductors,SambaNova Systems,US,,Rania,"Research Scientist, Silicon",Nkosi,United States,,,www.sambanova.ai,5000537,0,0
6qgbfv9xomigc,Kwame,Peterson,Cybersecurity,Attended,v6qgbfv9xomigc,SentinelOne,US,kwame.peterson@sentinelone.com,Senior Security Engineer,1,Cybersecurity,SentinelOne,US,,Kwame,Senior Security Engineer,Peterson,United States,,,www.sentinelone.com,5000538,0,0
hjrhe45jjje1i,Kavita,Vo,AI & Data,Attended,vhjrhe45jjje1i,Weights & Biases,US,kavita.vo@wandb.ai,Head of Data Science,1,AI & Data,Weights & Biases,US,,Kavita,Head of Data Science,Vo,United States,,,www.wandb.ai,5000539,0,0
i3l0q4ejhxptu,Steven,Pham,VIP,Attended,vi3l0q4ejhxptu,SAP,DE,steven.pham@sap.com,Chief Executive Officer,1,VIP,SAP,DE,,Steven,Chief Executive Officer,Pham,Germany,,VIP,www.sap.com,5000540,0,0
krajiaa67mswp,Jennifer,Edwards,Enterprise Software,No show,vkrajiaa67mswp,Freshworks,IN,jennifer.edwards@freshworks.com,Chief Product Officer,0,Enterprise Software,Freshworks,IN,,Jennifer,Chief Product Officer,Edwards,India,,,www.freshworks.com,5000541,0,0
tom287c45idbx,Shan,Han,Cybersecurity,No show,vtom287c45idbx,Okta,US,shan.han@okta.com,Head of Information Security,0,Cybersecurity,Okta,US,,Shan,Head of Information Security,Han,United States,,,www.okta.com,5000542,0,0
ejkazrvzdhj9i,Sung,Loh,Enterprise Software,No show,vejkazrvzdhj9i,SAP,DE,sung.loh@sap.com,VP of Product,0,Enterprise Software,SAP,DE,,Sung,VP of Product,Loh,Germany,,,www.sap.com,5000543,0,0
cwzl87fj8b0uf,Hui,Peterson,IT Consulting & SI,Attended,vcwzl87fj8b0uf,Capgemini,FR,hui.peterson@capgemini.com,Director of Technology,1,IT Consulting & SI,Capgemini,FR,,Hui,Director of Technology,Peterson,France,,,www.capgemini.com,5000544,0,0
ozg7fbv2i6oeu,Benjamin,Zhou,Enterprise Software,Attended,vozg7fbv2i6oeu,Workday,US,benjamin.zhou@workday.com,Engineering Manager,1,Enterprise Software,Workday,US,,Benjamin,Engineering Manager,Zhou,United States,,,www.workday.com,5000545,0,0
nbs5xrga3l710,Ethan,King,Hardware & Semiconductors,Attended,vnbs5xrga3l710,AMD,US,ethan.king@amd.com,Principal VLSI Engineer,1,Hardware & Semiconductors,AMD,US,,Ethan,Principal VLSI Engineer,King,United States,,,www.amd.com,5000546,0,0
amhv1f070vk32,Akiko,Evans,Enterprise Software,Attended,vamhv1f070vk32,Atlassian,AU,akiko.evans@atlassian.com,Senior Product Manager,1,Enterprise Software,Atlassian,AU,,Akiko,Senior Product Manager,Evans,Australia,,,www.atlassian.com,5000547,0,0
l7u4gp59z025j,Min-Soo,Guo,AI & Data,Attended,vl7u4gp59z025j,Hugging Face,US,minsoo.guo@huggingface.co,Data Engineer,1,AI & Data,Hugging Face,US,,Min-Soo,Data Engineer,Guo,United States,,,www.huggingface.co,5000548,0,0
u0t369o8w429k,Dennis,Wilson,Hardware & Semiconductors,Attended,vu0t369o8w429k,Marvell Technology,US,dennis.wilson@marvell.com,System Architecture Engineer,1,Hardware & Semiconductors,Marvell Technology,US,,Dennis,System Architecture Engineer,Wilson,United States,,,www.marvell.com,5000549,0,0
1aatn209qvwas,Seo-Yeon,Lee,Dev Tools & Platforms,Attended,v1aatn209qvwas,Kong,US,seoyeon.lee@konghq.com,Staff Software Engineer,1,Dev Tools & Platforms,Kong,US,,Seo-Yeon,Staff Software Engineer,Lee,United States,,,www.konghq.com,5000550,0,0
875trjib739sy,Judith,Gao,Enterprise Software,Attended,v875trjib739sy,Atlassian,AU,judith.gao@atlassian.com,Customer Success Manager,1,Enterprise Software,Atlassian,AU,,Judith,Customer Success Manager,Gao,Australia,,,www.atlassian.com,5000551,0,0
nliobl7vjuz5p,Michelle,Petit,IT Consulting & SI,Attended,vnliobl7vjuz5p,Thoughtworks,US,michelle.petit@thoughtworks.com,Data & AI Practice Lead,1,IT Consulting & SI,Thoughtworks,US,,Michelle,Data & AI Practice Lead,Petit,United States,,,www.thoughtworks.com,5000552,0,0
lei6wgl8i9akf,Matthew,Flores,IT Consulting & SI,Attended,vlei6wgl8i9akf,Wipro,IN,matthew.flores@wipro.com,Associate Director,1,IT Consulting & SI,Wipro,IN,,Matthew,Associate Director,Flores,India,,,www.wipro.com,5000553,0,0
fdd56h6u9wcdb,Alexander,Nakamura,VIP,No show,vfdd56h6u9wcdb,Amazon Web Services,US,alexander.nakamura@aws.amazon.com,Chief Technology Officer,0,VIP,Amazon Web Services,US,,Alexander,Chief Technology Officer,Nakamura,United States,,VIP,www.aws.amazon.com,5000554,0,0
za0pl8109jnb5,Marie,Parker,Cybersecurity,No show,vza0pl8109jnb5,Zscaler,US,marie.parker@zscaler.com,Security Sales Engineer,0,Cybersecurity,Zscaler,US,,Marie,Security Sales Engineer,Parker,United States,,,www.zscaler.com,5000555,0,0
69phwn8ddinz2,Nicholas,Rossi,VC & Private Equity,Attended,v69phwn8ddinz2,Accel,US,nicholas.rossi@accel.com,Partner,1,VC & Private Equity,Accel,US,,Nicholas,Partner,Rossi,United States,,,www.accel.com,5000556,0,0
84jc755ots42k,Kenji,Mensah,IT Consulting & SI,No show,v84jc755ots42k,KPMG Advisory,NL,kenji.mensah@kpmg.com,Technology Consultant,0,IT Consulting & SI,KPMG Advisory,NL,,Kenji,Technology Consultant,Mensah,Netherlands,,,www.kpmg.com,5000557,0,0
cfchao73ku99e,Arjun,Pereira,IT Consulting & SI,Attended,vcfchao73ku99e,KPMG Advisory,NL,arjun.pereira@kpmg.com,Technology Consultant,1,IT Consulting & SI,KPMG Advisory,NL,,Arjun,Technology Consultant,Pereira,Netherlands,,,www.kpmg.com,5000558,0,0
eyw1tcfi4plmv,Walter,Hughes,Dev Tools & Platforms,Attended,veyw1tcfi4plmv,GitLab,US,walter.hughes@gitlab.com,Staff Software Engineer,1,Dev Tools & Platforms,GitLab,US,,Walter,Staff Software Engineer,Hughes,United States,,,www.gitlab.com,5000559,0,0
0ibzbw8p3ifzx,Hana,Liu,AI & Data,Attended,v0ibzbw8p3ifzx,Cohere,CA,hana.liu@cohere.com,AI/ML Platform Lead,1,AI & Data,Cohere,CA,,Hana,AI/ML Platform Lead,Liu,Canada,,,www.cohere.com,5000560,0,0
tb0515f9mz99z,Scott,Hall,Cloud & Infrastructure,Attended,vtb0515f9mz99z,Supabase,US,scott.hall@supabase.com,Developer Advocate,1,Cloud & Infrastructure,Supabase,US,,Scott,Developer Advocate,Hall,United States,,,www.supabase.com,5000561,0,0
q2vcieopts2q4,Sandra,Rogers,Dev Tools & Platforms,Attended,vq2vcieopts2q4,LaunchDarkly,US,sandra.rogers@launchdarkly.com,Head of Developer Relations,1,Dev Tools & Platforms,LaunchDarkly,US,,Sandra,Head of Developer Relations,Rogers,United States,,,www.launchdarkly.com,5000562,0,0
axyk2e58f3ob9,Khairul,Abdullah,IT Consulting & SI,Attended,vaxyk2e58f3ob9,HCL Technologies,IN,khairul.abdullah@hcltech.com,Technology Consultant,1,IT Consulting & SI,HCL Technologies,IN,,Khairul,Technology Consultant,Abdullah,India,,,www.hcltech.com,5000563,0,0
a7hn98x16f4zz,Lars,Kobayashi,VC & Private Equity,Attended,va7hn98x16f4zz,SoftBank Vision Fund,JP,lars.kobayashi@softbank.com,General Partner,1,VC & Private Equity,SoftBank Vision Fund,JP,,Lars,General Partner,Kobayashi,Japan,,,www.softbank.com,5000564,0,0
ziy75itdl35jr,Scott,Ramirez,Enterprise Software,No show,vziy75itdl35jr,Salesforce,US,scott.ramirez@salesforce.com,Senior Solutions Engineer,0,Enterprise Software,Salesforce,US,,Scott,Senior Solutions Engineer,Ramirez,United States,,,www.salesforce.com,5000565,0,0
9r3vp8lim06et,Rachel,Luo,Cloud & Infrastructure,Attended,v9r3vp8lim06et,Cloudflare,US,rachel.luo@cloudflare.com,Staff Infrastructure Engineer,1,Cloud & Infrastructure,Cloudflare,US,,Rachel,Staff Infrastructure Engineer,Luo,United States,,,www.cloudflare.com,5000566,0,0
nk1qbcdqcsenj,Pierre,Zeng,AI & Data,Attended,vnk1qbcdqcsenj,DataRobot,US,pierre.zeng@datarobot.com,Research Scientist,1,AI & Data,DataRobot,US,,Pierre,Research Scientist,Zeng,United States,,,www.datarobot.com,5000567,0,0
fqt49qpeq6yf8,Sofia,Asante,Enterprise Software,Attended,vfqt49qpeq6yf8,Zendesk,US,sofia.asante@zendesk.com,"Account Executive, Enterprise",1,Enterprise Software,Zendesk,US,,Sofia,"Account Executive, Enterprise",Asante,United States,,,www.zendesk.com,5000568,0,0
2s79vicmnia2y,Sipho,Chua,Enterprise Software,No show,v2s79vicmnia2y,Atlassian,AU,sipho.chua@atlassian.com,VP of Engineering,0,Enterprise Software,Atlassian,AU,,Sipho,VP of Engineering,Chua,Australia,,,www.atlassian.com,5000569,0,0
1ru08l4pjagxl,Shan,Harris,Enterprise Software,Attended,v1ru08l4pjagxl,Zendesk,US,shan.harris@zendesk.com,Senior Solutions Engineer,1,Enterprise Software,Zendesk,US,,Shan,Senior Solutions Engineer,Harris,United States,,,www.zendesk.com,5000570,0,0
g7fd143xrv8df,Isabella,Verma,Cloud & Infrastructure,Attended,vg7fd143xrv8df,Amazon Web Services,US,isabella.verma@aws.amazon.com,DevOps Engineer,1,Cloud & Infrastructure,Amazon Web Services,US,,Isabella,DevOps Engineer,Verma,United States,,,www.aws.amazon.com,5000571,0,0
yj3ct5q5173c7,Na,Nguyen,Cybersecurity,Attended,vyj3ct5q5173c7,Zscaler,US,na.nguyen@zscaler.com,VP of Security,1,Cybersecurity,Zscaler,US,,Na,VP of Security,Nguyen,United States,,,www.zscaler.com,5000572,0,0
jfm03tdv0iqf1,Jacob,Ito,IT Consulting & SI,Attended,vjfm03tdv0iqf1,Deloitte Technology,US,jacob.ito@deloitte.com,Managing Consultant,1,IT Consulting & SI,Deloitte Technology,US,,Jacob,Managing Consultant,Ito,United States,,,www.deloitte.com,5000573,0,0
wnqa4p3prno5g,Hyun,Williams,Cybersecurity,No show,vwnqa4p3prno5g,CyberArk,IL,hyun.williams@cyberark.com,Head of Information Security,0,Cybersecurity,CyberArk,IL,,Hyun,Head of Information Security,Williams,Israel,,,www.cyberark.com,5000574,0,0
x7u4gbgcn3k3w,Gregory,Gray,VC & Private Equity,Attended,vx7u4gbgcn3k3w,Insight Partners,US,gregory.gray@insightpartners.com,Investment Director,1,VC & Private Equity,Insight Partners,US,,Gregory,Investment Director,Gray,United States,,,www.insightpartners.com,5000575,0,0
b4u33k2w1i5ki,Angela,Ng,Dev Tools & Platforms,Attended,vb4u33k2w1i5ki,Twilio,US,angela.ng@twilio.com,Developer Success Manager,1,Dev Tools & Platforms,Twilio,US,,Angela,Developer Success Manager,Ng,United States,,,www.twilio.com,5000576,0,0
rhrlnf6nv5xu6,Divya,Seah,Hardware & Semiconductors,Attended,vrhrlnf6nv5xu6,TSMC,TW,divya.seah@tsmc.com,Senior Chip Design Engineer,1,Hardware & Semiconductors,TSMC,TW,,Divya,Senior Chip Design Engineer,Seah,Taiwan,,,www.tsmc.com,5000577,0,0
6pq1auf0tj5jg,Miguel,Young,IT Consulting & SI,Attended,v6pq1auf0tj5jg,TCS,IN,miguel.young@tcs.com,Cloud Migration Specialist,1,IT Consulting & SI,TCS,IN,,Miguel,Cloud Migration Specialist,Young,India,,,www.tcs.com,5000578,0,0
dtzj2l72v08kt,Ren,Anderson,Dev Tools & Platforms,Attended,vdtzj2l72v08kt,Kong,US,ren.anderson@konghq.com,Solutions Engineer,1,Dev Tools & Platforms,Kong,US,,Ren,Solutions Engineer,Anderson,United States,,,www.konghq.com,5000579,0,0
t3t9lp2e2asoe,Siti,Nguyen,Enterprise Software,Attended,vt3t9lp2e2asoe,Box,US,siti.nguyen@box.com,Solutions Architect,1,Enterprise Software,Box,US,,Siti,Solutions Architect,Nguyen,United States,,,www.box.com,5000580,0,0
15xd82ijkuv2v,Marie,Ma,Cybersecurity,Attended,v15xd82ijkuv2v,Orca Security,US,marie.ma@orca.security,SOC Analyst,1,Cybersecurity,Orca Security,US,,Marie,SOC Analyst,Ma,United States,,,www.orca.security,5000581,0,0
wekqdvnab87fr,Anna,Chaudhary,Cloud & Infrastructure,Attended,vwekqdvnab87fr,Amazon Web Services,US,anna.chaudhary@aws.amazon.com,Head of Developer Relations,1,Cloud & Infrastructure,Amazon Web Services,US,,Anna,Head of Developer Relations,Chaudhary,United States,,,www.aws.amazon.com,5000582,0,0
3x4yh5hoa7wkd,Zhen,Mishra,AI & Data,Attended,v3x4yh5hoa7wkd,NVIDIA,US,zhen.mishra@nvidia.com,Head of Data Science,1,AI & Data,NVIDIA,US,,Zhen,Head of Data Science,Mishra,United States,,,www.nvidia.com,5000583,0,0
clmsp94rwgkg5,Walter,Jeong,IT Consulting & SI,No show,vclmsp94rwgkg5,McKinsey Digital,US,walter.jeong@mckinsey.com,Managing Consultant,0,IT Consulting & SI,McKinsey Digital,US,,Walter,Managing Consultant,Jeong,United States,,,www.mckinsey.com,5000584,0,0
hl1crhm22snju,Michael,Turner,Cybersecurity,No show,vhl1crhm22snju,Zscaler,US,michael.turner@zscaler.com,Head of Information Security,0,Cybersecurity,Zscaler,US,,Michael,Head of Information Security,Turner,United States,,,www.zscaler.com,5000585,0,0
mkt0n1pukqhpz,Paul,Wijaya,Dev Tools & Platforms,No show,vmkt0n1pukqhpz,Retool,US,paul.wijaya@retool.com,Head of Developer Relations,0,Dev Tools & Platforms,Retool,US,,Paul,Head of Developer Relations,Wijaya,United States,,,www.retool.com,5000586,0,0
a8vi5wl0jd0i2,Khairul,Jones,Staff,No show,va8vi5wl0jd0i2,TechForward Organising Committee,SG,khairul.jones@techforwardsummit.com,Event Operations Manager,0,Staff,TechForward Organising Committee,SG,,Khairul,Event Operations Manager,Jones,Singapore,,,www.techforwardsummit.com,5000587,0,0
4b2rcybrxodhs,Miku,Sharma,Cloud & Infrastructure,Attended,v4b2rcybrxodhs,Amazon Web Services,US,miku.sharma@aws.amazon.com,Platform Engineer,1,Cloud & Infrastructure,Amazon Web Services,US,,Miku,Platform Engineer,Sharma,United States,,,www.aws.amazon.com,5000588,0,0
svbcq7g4asmzx,Nomsa,Jeong,Media/Press,Attended,vsvbcq7g4asmzx,MIT Technology Review,US,nomsa.jeong@technologyreview.com,Tech Reporter,1,Media/Press,MIT Technology Review,US,,Nomsa,Tech Reporter,Jeong,United States,,,www.technologyreview.com,5000589,0,0
go46x1w1qxph1,Marco,Teo,Enterprise Software,Attended,vgo46x1w1qxph1,Box,US,marco.teo@box.com,Principal Product Manager,1,Enterprise Software,Box,US,,Marco,Principal Product Manager,Teo,United States,,,www.box.com,5000590,0,0
zcxu11to0bogc,Elizabeth,Zhao,Dev Tools & Platforms,Attended,vzcxu11to0bogc,GitLab,US,elizabeth.zhao@gitlab.com,Senior Developer Advocate,1,Dev Tools & Platforms,GitLab,US,,Elizabeth,Senior Developer Advocate,Zhao,United States,,,www.gitlab.com,5000591,0,0
1id07t3ljokbz,Dewi,Kobayashi,AI & Data,Attended,v1id07t3ljokbz,Hugging Face,US,dewi.kobayashi@huggingface.co,AI/ML Platform Lead,1,AI & Data,Hugging Face,US,,Dewi,AI/ML Platform Lead,Kobayashi,United States,,,www.huggingface.co,5000592,0,0
jvf9i60k23z2y,Ngozi,Esposito,VC & Private Equity,Attended,vjvf9i60k23z2y,GGV Capital,US,ngozi.esposito@ggvc.com,General Partner,1,VC & Private Equity,GGV Capital,US,,Ngozi,General Partner,Esposito,United States,,,www.ggvc.com,5000593,0,0
6xda71ebvfwb5,Nicholas,Wilson,Enterprise Software,Attended,v6xda71ebvfwb5,Salesforce,US,nicholas.wilson@salesforce.com,Senior Solutions Engineer,1,Enterprise Software,Salesforce,US,,Nicholas,Senior Solutions Engineer,Wilson,United States,,,www.salesforce.com,5000594,0,0
uxqjctpvev64g,Hiroshi,Wu,Enterprise Software,Attended,vuxqjctpvev64g,SAP,DE,hiroshi.wu@sap.com,VP of Engineering,1,Enterprise Software,SAP,DE,,Hiroshi,VP of Engineering,Wu,Germany,,,www.sap.com,5000595,0,0
ag0kxxkxnoad7,Amanda,Tang,VC & Private Equity,No show,vag0kxxkxnoad7,Lightspeed Venture Partners,US,amanda.tang@lsvp.com,Principal,0,VC & Private Equity,Lightspeed Venture Partners,US,,Amanda,Principal,Tang,United States,,,www.lsvp.com,5000596,0,0
natjq37cvxqe1,Jonathan,Wang,Cloud & Infrastructure,Attended,vnatjq37cvxqe1,Google Cloud,US,jonathan.wang@cloud.google.com,Developer Advocate,1,Cloud & Infrastructure,Google Cloud,US,,Jonathan,Developer Advocate,Wang,United States,,,www.cloud.google.com,5000597,0,0
e5u9in7ofhepn,Kwame,Han,Enterprise Software,Attended,ve5u9in7ofhepn,Sprinklr,US,kwame.han@sprinklr.com,Principal Product Manager,1,Enterprise Software,Sprinklr,US,,Kwame,Principal Product Manager,Han,United States,,,www.sprinklr.com,5000598,0,0
8uogmvv6v3v02,Ali,Park,Dev Tools & Platforms,Attended,v8uogmvv6v3v02,JFrog,US,ali.park@jfrog.com,Senior Developer Advocate,1,Dev Tools & Platforms,JFrog,US,,Ali,Senior Developer Advocate,Park,United States,,,www.jfrog.com,5000599,0,0
vfeaackxxqo40,Elizabeth,Le,IT Consulting & SI,Attended,vvfeaackxxqo40,Wipro,IN,elizabeth.le@wipro.com,Technology Consultant,1,IT Consulting & SI,Wipro,IN,,Elizabeth,Technology Consultant,Le,India,,,www.wipro.com,5000600,0,0
kawzfsi3b79p7,Anthony,Seah,IT Consulting & SI,Attended,vkawzfsi3b79p7,Deloitte Technology,US,anthony.seah@deloitte.com,Technology Consultant,1,IT Consulting & SI,Deloitte Technology,US,,Anthony,Technology Consultant,Seah,United States,,,www.deloitte.com,5000601,0,0
wo7plr1x08k4l,Charlotte,Reddy,IT Consulting & SI,Attended,vwo7plr1x08k4l,Deloitte Technology,US,charlotte.reddy@deloitte.com,Senior Technology Consultant,1,IT Consulting & SI,Deloitte Technology,US,,Charlotte,Senior Technology Consultant,Reddy,United States,,,www.deloitte.com,5000602,0,0
4vchrhbkgk9jq,Ji-Won,Koh,Media/Press,Attended,v4vchrhbkgk9jq,TechCrunch,US,jiwon.koh@techcrunch.com,Tech Reporter,1,Media/Press,TechCrunch,US,,Ji-Won,Tech Reporter,Koh,United States,,,www.techcrunch.com,5000603,0,0
z8ftmjn8b3uma,Amit,Kato,Enterprise Software,Attended,vz8ftmjn8b3uma,Workday,US,amit.kato@workday.com,Senior Product Manager,1,Enterprise Software,Workday,US,,Amit,Senior Product Manager,Kato,United States,,,www.workday.com,5000604,0,0
eja1v2tg2ahn1,Dylan,Esposito,IT Consulting & SI,Attended,veja1v2tg2ahn1,PwC Advisory,GB,dylan.esposito@pwc.com,Technology Consultant,1,IT Consulting & SI,PwC Advisory,GB,,Dylan,Technology Consultant,Esposito,United Kingdom,,,www.pwc.com,5000605,0,0
mph7vqja6614r,Hana,Simon,AI & Data,Attended,vmph7vqja6614r,Mistral AI,FR,hana.simon@mistral.ai,Head of Data Science,1,AI & Data,Mistral AI,FR,,Hana,Head of Data Science,Simon,France,,,www.mistral.ai,5000606,0,0
63ndttum2ixex,William,Verma,Cloud & Infrastructure,Attended,v63ndttum2ixex,Google Cloud,US,william.verma@cloud.google.com,Senior Site Reliability Engineer,1,Cloud & Infrastructure,Google Cloud,US,,William,Senior Site Reliability Engineer,Verma,United States,,,www.cloud.google.com,5000607,0,0
hpcocwmij5rno,Lin,Evans,Dev Tools & Platforms,Attended,vhpcocwmij5rno,Stripe,US,lin.evans@stripe.com,Platform Product Manager,1,Dev Tools & Platforms,Stripe,US,,Lin,Platform Product Manager,Evans,United States,,,www.stripe.com,5000608,0,0
pab05dwjate4v,Dewi,Lopez,AI & Data,Attended,vpab05dwjate4v,Pinecone,US,dewi.lopez@pinecone.io,Head of Data Science,1,AI & Data,Pinecone,US,,Dewi,Head of Data Science,Lopez,United States,,,www.pinecone.io,5000609,0,0
zpe8m3rkl39ve,Kavita,Shah,Staff,No show,vzpe8m3rkl39ve,TechForward Organising Committee,SG,kavita.shah@techforwardsummit.com,Technical Support Specialist,0,Staff,TechForward Organising Committee,SG,,Kavita,Technical Support Specialist,Shah,Singapore,,,www.techforwardsummit.com,5000610,0,0
08kklseauzvmm,Peter,Mehta,Cloud & Infrastructure,Attended,v08kklseauzvmm,Datadog,US,peter.mehta@datadoghq.com,Platform Engineer,1,Cloud & Infrastructure,Datadog,US,,Peter,Platform Engineer,Mehta,United States,,,www.datadoghq.com,5000611,0,0
qk5fp7ah2csan,Benjamin,Weber,Staff,Attended,vqk5fp7ah2csan,TechForward Organising Committee,SG,benjamin.weber@techforwardsummit.com,Conference Coordinator,1,Staff,TechForward Organising Committee,SG,,Benjamin,Conference Coordinator,Weber,Singapore,,,www.techforwardsummit.com,5000612,0,0
z80nd3y9qb0e7,Daniel,Colombo,Enterprise Software,Attended,vz80nd3y9qb0e7,SAP,DE,daniel.colombo@sap.com,Engineering Manager,1,Enterprise Software,SAP,DE,,Daniel,Engineering Manager,Colombo,Germany,,,www.sap.com,5000613,0,0
0rr0tiaxufvpi,Edward,Silva,IT Consulting & SI,Attended,v0rr0tiaxufvpi,Slalom,US,edward.silva@slalom.com,Technology Consultant,1,IT Consulting & SI,Slalom,US,,Edward,Technology Consultant,Silva,United States,,,www.slalom.com,5000614,0,0
7fz5xbiguj9cw,George,Colombo,Enterprise Software,Attended,v7fz5xbiguj9cw,Oracle,US,george.colombo@oracle.com,VP of Engineering,1,Enterprise Software,Oracle,US,,George,VP of Engineering,Colombo,United States,,,www.oracle.com,5000615,0,0
h8ea329hf1pw2,Timothy,Webb,IT Consulting & SI,Attended,vh8ea329hf1pw2,Infosys,IN,timothy.webb@infosys.com,Cloud Migration Specialist,1,IT Consulting & SI,Infosys,IN,,Timothy,Cloud Migration Specialist,Webb,India,,,www.infosys.com,5000616,0,0
brz0eraxp2ngq,Carol,Chen,AI & Data,Attended,vbrz0eraxp2ngq,LangChain,US,carol.chen@langchain.com,Senior Data Scientist,1,AI & Data,LangChain,US,,Carol,Senior Data Scientist,Chen,United States,,,www.langchain.com,5000617,0,0
rvd79zurutk92,Philip,Teo,IT Consulting & SI,Attended,vrvd79zurutk92,BCG X,US,philip.teo@bcg.com,Senior Technology Consultant,1,IT Consulting & SI,BCG X,US,,Philip,Senior Technology Consultant,Teo,United States,,,www.bcg.com,5000618,0,0
neftz53c5dwum,Adam,Jones,IT Consulting & SI,Attended,vneftz53c5dwum,Cognizant,US,adam.jones@cognizant.com,VP of Digital Transformation,1,IT Consulting & SI,Cognizant,US,,Adam,VP of Digital Transformation,Jones,United States,,,www.cognizant.com,5000619,0,0
f8hstrlt4csnc,Ali,Rogers,Enterprise Software,No show,vf8hstrlt4csnc,Intuit,US,ali.rogers@intuit.com,Staff Software Engineer,0,Enterprise Software,Intuit,US,,Ali,Staff Software Engineer,Rogers,United States,,,www.intuit.com,5000620,0,0
zjxoq9v98o1lp,Mei,Seah,IT Consulting & SI,Attended,vzjxoq9v98o1lp,IBM Consulting,US,mei.seah@ibm.com,Senior Technology Consultant,1,IT Consulting & SI,IBM Consulting,US,,Mei,Senior Technology Consultant,Seah,United States,,,www.ibm.com,5000621,0,0
8lxsol15m9gqj,Sarah,White,Dev Tools & Platforms,Attended,v8lxsol15m9gqj,PagerDuty,US,sarah.white@pagerduty.com,Head of Developer Relations,1,Dev Tools & Platforms,PagerDuty,US,,Sarah,Head of Developer Relations,White,United States,,,www.pagerduty.com,5000622,0,0
tpsilqbcaig5k,Dennis,Mitchell,Media/Press,Attended,vtpsilqbcaig5k,The Verge,US,dennis.mitchell@theverge.com,"Editor, Technology",1,Media/Press,The Verge,US,,Dennis,"Editor, Technology",Mitchell,United States,,,www.theverge.com,5000623,0,0
r43ur4mfjhoja,Kavita,Anderson,AI & Data,Attended,vr43ur4mfjhoja,H2O.ai,US,kavita.anderson@h2o.ai,Head of Data Science,1,AI & Data,H2O.ai,US,,Kavita,Head of Data Science,Anderson,United States,,,www.h2o.ai,5000624,0,0
f5428mt9fsv5q,Valentina,Iyer,Hardware & Semiconductors,Attended,vf5428mt9fsv5q,Intel,US,valentina.iyer@intel.com,AI Hardware Architect,1,Hardware & Semiconductors,Intel,US,,Valentina,AI Hardware Architect,Iyer,United States,,,www.intel.com,5000625,0,0
os7dpi1g6bx0n,Astrid,Ricci,VC & Private Equity,Attended,vos7dpi1g6bx0n,Bessemer Venture Partners,US,astrid.ricci@bvp.com,Partner,1,VC & Private Equity,Bessemer Venture Partners,US,,Astrid,Partner,Ricci,United States,,,www.bvp.com,5000626,0,0
533uot477iqfx,Steven,Song,VC & Private Equity,Attended,v533uot477iqfx,Accel,US,steven.song@accel.com,Partner,1,VC & Private Equity,Accel,US,,Steven,Partner,Song,United States,,,www.accel.com,5000627,0,0
kqqljwqrlvc35,Min-Ji,Seah,Enterprise Software,Attended,vkqqljwqrlvc35,Workday,US,minji.seah@workday.com,Staff Software Engineer,1,Enterprise Software,Workday,US,,Min-Ji,Staff Software Engineer,Seah,United States,,,www.workday.com,5000628,0,0
iodewyb40t3d7,Greta,Le,Staff,Attended,viodewyb40t3d7,FieldDrive Events,BE,greta.le@fielddrive.com,Event Operations Manager,1,Staff,FieldDrive Events,BE,,Greta,Event Operations Manager,Le,Belgium,,,www.fielddrive.com,5000629,0,0
h2vft6i6s7pk6,Maria,Howard,AI & Data,No show,vh2vft6i6s7pk6,Cohere,CA,maria.howard@cohere.com,Principal ML Engineer,0,AI & Data,Cohere,CA,,Maria,Principal ML Engineer,Howard,Canada,,,www.cohere.com,5000630,0,0
zbrqw5259gmq2,Mei,Richardson,Enterprise Software,Attended,vzbrqw5259gmq2,Box,US,mei.richardson@box.com,Staff Software Engineer,1,Enterprise Software,Box,US,,Mei,Staff Software Engineer,Richardson,United States,,,www.box.com,5000631,0,0
8llrb7dfixlbo,Mei,Wright,IT Consulting & SI,Attended,v8llrb7dfixlbo,EY Technology,GB,mei.wright@ey.com,Data & AI Practice Lead,1,IT Consulting & SI,EY Technology,GB,,Mei,Data & AI Practice Lead,Wright,United Kingdom,,,www.ey.com,5000632,0,0
a1i10pkap7wr1,Hana,Rahman,IT Consulting & SI,Attended,va1i10pkap7wr1,McKinsey Digital,US,hana.rahman@mckinsey.com,"Solution Architect, Digital",1,IT Consulting & SI,McKinsey Digital,US,,Hana,"Solution Architect, Digital",Rahman,United States,,,www.mckinsey.com,5000633,0,0
kn9ntwjipo86k,Charlotte,Liu,AI & Data,Attended,vkn9ntwjipo86k,Databricks,US,charlotte.liu@databricks.com,Head of Data Science,1,AI & Data,Databricks,US,,Charlotte,Head of Data Science,Liu,United States,,,www.databricks.com,5000634,0,0
4k9i14yn6zjuy,Abena,Song,Dev Tools & Platforms,Attended,v4k9i14yn6zjuy,Twilio,US,abena.song@twilio.com,Senior Developer Advocate,1,Dev Tools & Platforms,Twilio,US,,Abena,Senior Developer Advocate,Song,United States,,,www.twilio.com,5000635,0,0
nqvnopcfloig8,William,Adams,Enterprise Software,Attended,vnqvnopcfloig8,SAP,DE,william.adams@sap.com,"Account Executive, Enterprise",1,Enterprise Software,SAP,DE,,William,"Account Executive, Enterprise",Adams,Germany,,,www.sap.com,5000636,0,0
kwh1mq46pl5nb,Ji-Won,Liu,AI & Data,No show,vkwh1mq46pl5nb,H2O.ai,US,jiwon.liu@h2o.ai,Head of Data Science,0,AI & Data,H2O.ai,US,,Ji-Won,Head of Data Science,Liu,United States,,,www.h2o.ai,5000637,0,0
i1ncv10x6wm1x,Haruto,Fischer,Cybersecurity,Attended,vi1ncv10x6wm1x,Okta,US,haruto.fischer@okta.com,Senior Security Engineer,1,Cybersecurity,Okta,US,,Haruto,Senior Security Engineer,Fischer,United States,,,www.okta.com,5000638,0,0
ofttuk18c7j0z,Ying,Fischer,AI & Data,No show,vofttuk18c7j0z,NVIDIA,US,ying.fischer@nvidia.com,Principal ML Engineer,0,AI & Data,NVIDIA,US,,Ying,Principal ML Engineer,Fischer,United States,,,www.nvidia.com,5000639,0,0
ruhmezvsq3hey,Priya,Brown,Hardware & Semiconductors,No show,vruhmezvsq3hey,Marvell Technology,US,priya.brown@marvell.com,Principal VLSI Engineer,0,Hardware & Semiconductors,Marvell Technology,US,,Priya,Principal VLSI Engineer,Brown,United States,,,www.marvell.com,5000640,0,0
ukpxpsbtnbdzr,Jonathan,Rodriguez,Hardware & Semiconductors,Attended,vukpxpsbtnbdzr,TSMC,TW,jonathan.rodriguez@tsmc.com,Senior Chip Design Engineer,1,Hardware & Semiconductors,TSMC,TW,,Jonathan,Senior Chip Design Engineer,Rodriguez,Taiwan,,,www.tsmc.com,5000641,0,0
4fpuh7znjzhob,Deborah,White,Enterprise Software,Attended,v4fpuh7znjzhob,ServiceNow,US,deborah.white@servicenow.com,Solutions Architect,1,Enterprise Software,ServiceNow,US,,Deborah,Solutions Architect,White,United States,,,www.servicenow.com,5000642,0,0
d4pi4se4kbl5v,Christine,Hassan,IT Consulting & SI,Attended,vd4pi4se4kbl5v,PwC Advisory,GB,christine.hassan@pwc.com,Senior Technology Consultant,1,IT Consulting & SI,PwC Advisory,GB,,Christine,Senior Technology Consultant,Hassan,United Kingdom,,,www.pwc.com,5000643,0,0
ylhgo1kp2gvpg,Ryan,Bianchi,Dev Tools & Platforms,Attended,vylhgo1kp2gvpg,Stripe,US,ryan.bianchi@stripe.com,Head of Developer Relations,1,Dev Tools & Platforms,Stripe,US,,Ryan,Head of Developer Relations,Bianchi,United States,,,www.stripe.com,5000644,0,0
3ucr68nixc6od,Akiko,Tran,Enterprise Software,Attended,v3ucr68nixc6od,Workday,US,akiko.tran@workday.com,Senior Product Manager,1,Enterprise Software,Workday,US,,Akiko,Senior Product Manager,Tran,United States,,,www.workday.com,5000645,0,0
tmik5z9rvkmcx,Lucas,Foo,AI & Data,Attended,vtmik5z9rvkmcx,H2O.ai,US,lucas.foo@h2o.ai,Chief AI Officer,1,AI & Data,H2O.ai,US,,Lucas,Chief AI Officer,Foo,United States,,,www.h2o.ai,5000646,0,0
xomi8co2xzdir,Sharon,Deng,Cybersecurity,Attended,vxomi8co2xzdir,CyberArk,IL,sharon.deng@cyberark.com,Head of Information Security,1,Cybersecurity,CyberArk,IL,,Sharon,Head of Information Security,Deng,Israel,,,www.cyberark.com,5000647,0,0
1olkfu3f4k1h3,Fatimah,Young,Cybersecurity,Attended,v1olkfu3f4k1h3,Palo Alto Networks,US,fatimah.young@paloaltonetworks.com,Threat Intelligence Analyst,1,Cybersecurity,Palo Alto Networks,US,,Fatimah,Threat Intelligence Analyst,Young,United States,,,www.paloaltonetworks.com,5000648,0,0
hhddog2ue1iv0,William,Colombo,Cloud & Infrastructure,Attended,vhhddog2ue1iv0,Snowflake,US,william.colombo@snowflake.com,Principal Solutions Architect,1,Cloud & Infrastructure,Snowflake,US,,William,Principal Solutions Architect,Colombo,United States,,,www.snowflake.com,5000649,0,0
96do9uzxca4x7,Anna,Carter,AI & Data,No show,v96do9uzxca4x7,Mistral AI,FR,anna.carter@mistral.ai,Head of Data Science,0,AI & Data,Mistral AI,FR,,Anna,Head of Data Science,Carter,France,,,www.mistral.ai,5000650,0,0
t3ppe690cwbke,Valentina,Flores,IT Consulting & SI,No show,vt3ppe690cwbke,McKinsey Digital,US,valentina.flores@mckinsey.com,Technology Consultant,0,IT Consulting & SI,McKinsey Digital,US,,Valentina,Technology Consultant,Flores,United States,,,www.mckinsey.com,5000651,0,0
hs0lt59hhpzuy,Haruto,Dlamini,AI & Data,Attended,vhs0lt59hhpzuy,Cohere,CA,haruto.dlamini@cohere.com,Head of Data Science,1,AI & Data,Cohere,CA,,Haruto,Head of Data Science,Dlamini,Canada,,,www.cohere.com,5000652,0,0
q5f7uxke4qwl6,Juan,Robinson,IT Consulting & SI,Attended,vq5f7uxke4qwl6,Publicis Sapient,FR,juan.robinson@publicissapient.com,Associate Director,1,IT Consulting & SI,Publicis Sapient,FR,,Juan,Associate Director,Robinson,France,,,www.publicissapient.com,5000653,0,0
ifm5ci7hbvpxn,Lin,Park,IT Consulting & SI,Attended,vifm5ci7hbvpxn,Wipro,IN,lin.park@wipro.com,"Partner, Technology Practice",1,IT Consulting & SI,Wipro,IN,,Lin,"Partner, Technology Practice",Park,India,,,www.wipro.com,5000654,0,0
9bd9zmq77hns5,Camila,Edwards,Hardware & Semiconductors,Attended,v9bd9zmq77hns5,AMD,US,camila.edwards@amd.com,System Architecture Engineer,1,Hardware & Semiconductors,AMD,US,,Camila,System Architecture Engineer,Edwards,United States,,,www.amd.com,5000655,0,0
s2da89otcj81r,Soo-Jin,Gonzalez,Cybersecurity,Attended,vs2da89otcj81r,Wiz,US,soojin.gonzalez@wiz.io,Senior Security Engineer,1,Cybersecurity,Wiz,US,,Soo-Jin,Senior Security Engineer,Gonzalez,United States,,,www.wiz.io,5000656,0,0
0tq2i6deiy38l,Kavita,Nguyen,AI & Data,No show,v0tq2i6deiy38l,NVIDIA,US,kavita.nguyen@nvidia.com,Principal ML Engineer,0,AI & Data,NVIDIA,US,,Kavita,Principal ML Engineer,Nguyen,United States,,,www.nvidia.com,5000657,0,0
77fxv7a7kx7mr,John,Teo,Cloud & Infrastructure,Attended,v77fxv7a7kx7mr,Cloudflare,US,john.teo@cloudflare.com,Cloud Architect,1,Cloud & Infrastructure,Cloudflare,US,,John,Cloud Architect,Teo,United States,,,www.cloudflare.com,5000658,0,0
0wtgxy7in1r6x,Robert,Mueller,Hardware & Semiconductors,Attended,v0wtgxy7in1r6x,MediaTek,TW,robert.mueller@mediatek.com,AI Hardware Architect,1,Hardware & Semiconductors,MediaTek,TW,,Robert,AI Hardware Architect,Mueller,Taiwan,,,www.mediatek.com,5000659,0,0
62vl1tku04vpw,Pablo,Mishra,Dev Tools & Platforms,Attended,v62vl1tku04vpw,MuleSoft,US,pablo.mishra@mulesoft.com,Solutions Engineer,1,Dev Tools & Platforms,MuleSoft,US,,Pablo,Solutions Engineer,Mishra,United States,,,www.mulesoft.com,5000660,0,0
hakrowx4kk1r6,Sanjay,Nielsen,Enterprise Software,Attended,vhakrowx4kk1r6,Box,US,sanjay.nielsen@box.com,Senior Solutions Engineer,1,Enterprise Software,Box,US,,Sanjay,Senior Solutions Engineer,Nielsen,United States,,,www.box.com,5000661,0,0
k87n4unffqi1h,Richard,Toh,Cloud & Infrastructure,Attended,vk87n4unffqi1h,HashiCorp,US,richard.toh@hashicorp.com,Head of Developer Relations,1,Cloud & Infrastructure,HashiCorp,US,,Richard,Head of Developer Relations,Toh,United States,,,www.hashicorp.com,5000662,0,0
ekot16migovr9,Sarah,Huang,AI & Data,Attended,vekot16migovr9,Scale AI,US,sarah.huang@scale.com,AI/ML Platform Lead,1,AI & Data,Scale AI,US,,Sarah,AI/ML Platform Lead,Huang,United States,,,www.scale.com,5000663,0,0
xgumdf4nzkrsn,Fatimah,Iyer,Dev Tools & Platforms,Attended,vxgumdf4nzkrsn,GitLab,US,fatimah.iyer@gitlab.com,Head of Developer Relations,1,Dev Tools & Platforms,GitLab,US,,Fatimah,Head of Developer Relations,Iyer,United States,,,www.gitlab.com,5000664,0,0
kia0w8myzdcqr,Tao,Moreau,AI & Data,Attended,vkia0w8myzdcqr,Weaviate,NL,tao.moreau@weaviate.io,Senior Data Scientist,1,AI & Data,Weaviate,NL,,Tao,Senior Data Scientist,Moreau,Netherlands,,,www.weaviate.io,5000665,0,0
wrpmehrtvce3s,Arthur,Foo,Cloud & Infrastructure,Attended,vwrpmehrtvce3s,Snowflake,US,arthur.foo@snowflake.com,Platform Engineer,1,Cloud & Infrastructure,Snowflake,US,,Arthur,Platform Engineer,Foo,United States,,,www.snowflake.com,5000666,0,0
mxsnwer8zdxhy,Shu,Khanna,VIP,Attended,vmxsnwer8zdxhy,ServiceNow,US,shu.khanna@servicenow.com,Chief Executive Officer,1,VIP,ServiceNow,US,,Shu,Chief Executive Officer,Khanna,United States,,VIP,www.servicenow.com,5000667,0,0
2r9lm86r4yl1w,Shu,Gray,Cybersecurity,No show,v2r9lm86r4yl1w,Palo Alto Networks,US,shu.gray@paloaltonetworks.com,Senior Security Engineer,0,Cybersecurity,Palo Alto Networks,US,,Shu,Senior Security Engineer,Gray,United States,,,www.paloaltonetworks.com,5000668,0,0
tsvfk2knelwl8,Reza,Green,Dev Tools & Platforms,No show,vtsvfk2knelwl8,Sentry,US,reza.green@sentry.io,Senior Developer Advocate,0,Dev Tools & Platforms,Sentry,US,,Reza,Senior Developer Advocate,Green,United States,,,www.sentry.io,5000669,0,0
8pn74fy5115zg,Kathleen,Esposito,Dev Tools & Platforms,No show,v8pn74fy5115zg,Retool,US,kathleen.esposito@retool.com,Head of Developer Relations,0,Dev Tools & Platforms,Retool,US,,Kathleen,Head of Developer Relations,Esposito,United States,,,www.retool.com,5000670,0,0
lap1j55cuk5x6,Christine,Nelson,Cloud & Infrastructure,Attended,vlap1j55cuk5x6,Confluent,US,christine.nelson@confluent.io,Platform Engineer,1,Cloud & Infrastructure,Confluent,US,,Christine,Platform Engineer,Nelson,United States,,,www.confluent.io,5000671,0,0
dqy89fiq0fcuz,Kavita,Thompson,Cloud & Infrastructure,Attended,vdqy89fiq0fcuz,Akamai Technologies,US,kavita.thompson@akamai.com,Chief Technology Officer,1,Cloud & Infrastructure,Akamai Technologies,US,,Kavita,Chief Technology Officer,Thompson,United States,,,www.akamai.com,5000672,0,0
sjnj8th1pqua2,Jeffrey,Wagner,Cloud & Infrastructure,No show,vsjnj8th1pqua2,MongoDB,US,jeffrey.wagner@mongodb.com,Platform Engineer,0,Cloud & Infrastructure,MongoDB,US,,Jeffrey,Platform Engineer,Wagner,United States,,,www.mongodb.com,5000673,0,0
to0wzn4xj765v,Robert,Jeong,IT Consulting & SI,Attended,vto0wzn4xj765v,BCG X,US,robert.jeong@bcg.com,"Solution Architect, Digital",1,IT Consulting & SI,BCG X,US,,Robert,"Solution Architect, Digital",Jeong,United States,,,www.bcg.com,5000674,0,0
r2tyzc5hssx0b,Philip,Ho,Dev Tools & Platforms,Attended,vr2tyzc5hssx0b,Temporal,US,philip.ho@temporal.io,Platform Product Manager,1,Dev Tools & Platforms,Temporal,US,,Philip,Platform Product Manager,Ho,United States,,,www.temporal.io,5000675,0,0
kd4qjd7b52xov,Carmen,Jeong,IT Consulting & SI,Attended,vkd4qjd7b52xov,HCL Technologies,IN,carmen.jeong@hcltech.com,Agile Delivery Lead,1,IT Consulting & SI,HCL Technologies,IN,,Carmen,Agile Delivery Lead,Jeong,India,,,www.hcltech.com,5000676,0,0
l9hgmtvppfnni,Judith,Jung,Staff,No show,vl9hgmtvppfnni,FieldDrive Events,BE,judith.jung@fielddrive.com,Event Operations Manager,0,Staff,FieldDrive Events,BE,,Judith,Event Operations Manager,Jung,Belgium,,,www.fielddrive.com,5000677,0,0
x1sknxd6zmbyt,Dennis,Hu,Cloud & Infrastructure,Attended,vx1sknxd6zmbyt,Amazon Web Services,US,dennis.hu@aws.amazon.com,Cloud Architect,1,Cloud & Infrastructure,Amazon Web Services,US,,Dennis,Cloud Architect,Hu,United States,,,www.aws.amazon.com,5000678,0,0
8at37a67ezaq3,Min-Soo,Pereira,Cybersecurity,Attended,v8at37a67ezaq3,Palo Alto Networks,US,minsoo.pereira@paloaltonetworks.com,Security Consultant,1,Cybersecurity,Palo Alto Networks,US,,Min-Soo,Security Consultant,Pereira,United States,,,www.paloaltonetworks.com,5000679,0,0
fkkhyb0r3x9dw,Noah,Moreau,IT Consulting & SI,Attended,vfkkhyb0r3x9dw,LTIMindtree,IN,noah.moreau@ltimindtree.com,Data & AI Practice Lead,1,IT Consulting & SI,LTIMindtree,IN,,Noah,Data & AI Practice Lead,Moreau,India,,,www.ltimindtree.com,5000680,0,0
n4h2awnf3keyy,Pranav,Morris,Cloud & Infrastructure,Attended,vn4h2awnf3keyy,Elastic,NL,pranav.morris@elastic.co,Principal Solutions Architect,1,Cloud & Infrastructure,Elastic,NL,,Pranav,Principal Solutions Architect,Morris,Netherlands,,,www.elastic.co,5000681,0,0
l0dcz6pbbouzy,Valentina,Cao,Hardware & Semiconductors,No show,vl0dcz6pbbouzy,Groq,US,valentina.cao@groq.com,Principal VLSI Engineer,0,Hardware & Semiconductors,Groq,US,,Valentina,Principal VLSI Engineer,Cao,United States,,,www.groq.com,5000682,0,0
6v57hlszm6vdu,Hiroshi,Yoon,Enterprise Software,No show,v6v57hlszm6vdu,Salesforce,US,hiroshi.yoon@salesforce.com,Principal Product Manager,0,Enterprise Software,Salesforce,US,,Hiroshi,Principal Product Manager,Yoon,United States,,,www.salesforce.com,5000683,0,0
dji6sow4yif5d,Ren,Becker,IT Consulting & SI,Attended,vdji6sow4yif5d,IBM Consulting,US,ren.becker@ibm.com,Director of Technology,1,IT Consulting & SI,IBM Consulting,US,,Ren,Director of Technology,Becker,United States,,,www.ibm.com,5000684,0,0
2lvumhf5ox05z,Benjamin,Richardson,Enterprise Software,Attended,v2lvumhf5ox05z,Workday,US,benjamin.richardson@workday.com,VP of Engineering,1,Enterprise Software,Workday,US,,Benjamin,VP of Engineering,Richardson,United States,,,www.workday.com,5000685,0,0
gx8m8ct71wb0b,Alexander,Durand,IT Consulting & SI,Attended,vgx8m8ct71wb0b,Capgemini,FR,alexander.durand@capgemini.com,Associate Director,1,IT Consulting & SI,Capgemini,FR,,Alexander,Associate Director,Durand,France,,,www.capgemini.com,5000686,0,0
6h95d9y8y0awr,Stephanie,Chua,Cloud & Infrastructure,Attended,v6h95d9y8y0awr,Elastic,NL,stephanie.chua@elastic.co,Staff Infrastructure Engineer,1,Cloud & Infrastructure,Elastic,NL,,Stephanie,Staff Infrastructure Engineer,Chua,Netherlands,,,www.elastic.co,5000687,0,0
6xt8oit6ya0o1,Hans,Roberts,Cloud & Infrastructure,Attended,v6xt8oit6ya0o1,Fastly,US,hans.roberts@fastly.com,Senior Site Reliability Engineer,1,Cloud & Infrastructure,Fastly,US,,Hans,Senior Site Reliability Engineer,Roberts,United States,,,www.fastly.com,5000688,0,0
ltemrqp94na46,Wei,Esposito,Cybersecurity,Attended,vltemrqp94na46,Rapid7,US,wei.esposito@rapid7.com,VP of Security,1,Cybersecurity,Rapid7,US,,Wei,VP of Security,Esposito,United States,,,www.rapid7.com,5000689,0,0
dtce9sb5mbzgj,Miguel,Ho,Cybersecurity,Attended,vdtce9sb5mbzgj,Snyk,GB,miguel.ho@snyk.io,Senior Security Engineer,1,Cybersecurity,Snyk,GB,,Miguel,Senior Security Engineer,Ho,United Kingdom,,,www.snyk.io,5000690,0,0
4bju8oxm9f4oh,Steven,Sim,Staff,Attended,v4bju8oxm9f4oh,TechForward Organising Committee,SG,steven.sim@techforwardsummit.com,Registration & Badging Lead,1,Staff,TechForward Organising Committee,SG,,Steven,Registration & Badging Lead,Sim,Singapore,,,www.techforwardsummit.com,5000691,0,0
2w9zl5y31k88n,Lin,Schmidt,Dev Tools & Platforms,Attended,v2w9zl5y31k88n,JFrog,US,lin.schmidt@jfrog.com,Platform Product Manager,1,Dev Tools & Platforms,JFrog,US,,Lin,Platform Product Manager,Schmidt,United States,,,www.jfrog.com,5000692,0,0
k0i7mtpforpok,Arjun,Cox,IT Consulting & SI,Attended,vk0i7mtpforpok,Accenture,IE,arjun.cox@accenture.com,"Solution Architect, Digital",1,IT Consulting & SI,Accenture,IE,,Arjun,"Solution Architect, Digital",Cox,Ireland,,,www.accenture.com,5000693,0,0
2lc9bgjq0aqk7,Sara,Chua,Cybersecurity,No show,v2lc9bgjq0aqk7,CrowdStrike,US,sara.chua@crowdstrike.com,Senior Security Engineer,0,Cybersecurity,CrowdStrike,US,,Sara,Senior Security Engineer,Chua,United States,,,www.crowdstrike.com,5000694,0,0
1uzq6rf8lw7y8,Sarah,Cox,IT Consulting & SI,Attended,v1uzq6rf8lw7y8,PwC Advisory,GB,sarah.cox@pwc.com,Technology Consultant,1,IT Consulting & SI,PwC Advisory,GB,,Sarah,Technology Consultant,Cox,United Kingdom,,,www.pwc.com,5000695,0,0
ir41g20dfxuj5,Fang,Dey,Cybersecurity,Attended,vir41g20dfxuj5,Wiz,US,fang.dey@wiz.io,Head of Information Security,1,Cybersecurity,Wiz,US,,Fang,Head of Information Security,Dey,United States,,,www.wiz.io,5000696,0,0
lcx7mm1hqb1eg,Valentina,Young,Hardware & Semiconductors,Attended,vlcx7mm1hqb1eg,Arm Holdings,GB,valentina.young@arm.com,Principal VLSI Engineer,1,Hardware & Semiconductors,Arm Holdings,GB,,Valentina,Principal VLSI Engineer,Young,United Kingdom,,,www.arm.com,5000697,0,0
wcud3i2iwmc07,Sunita,Pandey,IT Consulting & SI,Attended,vwcud3i2iwmc07,Wipro,IN,sunita.pandey@wipro.com,Associate Director,1,IT Consulting & SI,Wipro,IN,,Sunita,Associate Director,Pandey,India,,,www.wipro.com,5000698,0,0
cn3on4fg0djq1,Mei,Wang,Cybersecurity,Attended,vcn3on4fg0djq1,CyberArk,IL,mei.wang@cyberark.com,Senior Security Engineer,1,Cybersecurity,CyberArk,IL,,Mei,Senior Security Engineer,Wang,Israel,,,www.cyberark.com,5000699,0,0
xloyeyqe6836h,Angela,Wilson,Enterprise Software,Attended,vxloyeyqe6836h,Workday,US,angela.wilson@workday.com,"Account Executive, Enterprise",1,Enterprise Software,Workday,US,,Angela,"Account Executive, Enterprise",Wilson,United States,,,www.workday.com,5000700,0,0
mvw0nhjla9a1n,Kwame,Sato,Cybersecurity,Attended,vmvw0nhjla9a1n,Tenable,US,kwame.sato@tenable.com,SOC Analyst,1,Cybersecurity,Tenable,US,,Kwame,SOC Analyst,Sato,United States,,,www.tenable.com,5000701,0,0
czf2tdcitegb1,Patricia,Howard,VC & Private Equity,Attended,vczf2tdcitegb1,Andreessen Horowitz,US,patricia.howard@a16z.com,General Partner,1,VC & Private Equity,Andreessen Horowitz,US,,Patricia,General Partner,Howard,United States,,,www.a16z.com,5000702,0,0
d7rina0vlrrba,Sandra,Clark,Enterprise Software,Attended,vd7rina0vlrrba,Box,US,sandra.clark@box.com,Solutions Architect,1,Enterprise Software,Box,US,,Sandra,Solutions Architect,Clark,United States,,,www.box.com,5000703,0,0
2kjnvfom3vqri,Na,Rossi,Enterprise Software,Attended,v2kjnvfom3vqri,Zendesk,US,na.rossi@zendesk.com,Principal Product Manager,1,Enterprise Software,Zendesk,US,,Na,Principal Product Manager,Rossi,United States,,,www.zendesk.com,5000704,0,0
ffy71knckonrh,Cynthia,Smith,Enterprise Software,Attended,vffy71knckonrh,Microsoft,US,cynthia.smith@microsoft.com,Senior Product Manager,1,Enterprise Software,Microsoft,US,,Cynthia,Senior Product Manager,Smith,United States,,,www.microsoft.com,5000705,0,0
7ht2ibtrvxoi4,Yusuf,Arora,Cybersecurity,Attended,v7ht2ibtrvxoi4,Fortinet,US,yusuf.arora@fortinet.com,Director of Cybersecurity,1,Cybersecurity,Fortinet,US,,Yusuf,Director of Cybersecurity,Arora,United States,,,www.fortinet.com,5000706,0,0
qefrsatqv9ob3,Pooja,Schmidt,Cloud & Infrastructure,Attended,vqefrsatqv9ob3,Datadog,US,pooja.schmidt@datadoghq.com,Senior Site Reliability Engineer,1,Cloud & Infrastructure,Datadog,US,,Pooja,Senior Site Reliability Engineer,Schmidt,United States,,,www.datadoghq.com,5000707,0,0
d78prwy8zoi9h,Matthew,Phillips,Enterprise Software,Attended,vd78prwy8zoi9h,Microsoft,US,matthew.phillips@microsoft.com,Director of Engineering,1,Enterprise Software,Microsoft,US,,Matthew,Director of Engineering,Phillips,United States,,,www.microsoft.com,5000708,0,0
zx5bt8zeh3rpr,Edward,Vo,Hardware & Semiconductors,No show,vzx5bt8zeh3rpr,TSMC,TW,edward.vo@tsmc.com,Principal VLSI Engineer,0,Hardware & Semiconductors,TSMC,TW,,Edward,Principal VLSI Engineer,Vo,Taiwan,,,www.tsmc.com,5000709,0,0
ygo2ype4cwsjb,Alejandro,Thomas,Enterprise Software,Attended,vygo2ype4cwsjb,HubSpot,US,alejandro.thomas@hubspot.com,Engineering Manager,1,Enterprise Software,HubSpot,US,,Alejandro,Engineering Manager,Thomas,United States,,,www.hubspot.com,5000710,0,0
6d3cv0l5c098j,Ren,Oliveira,IT Consulting & SI,No show,v6d3cv0l5c098j,BCG X,US,ren.oliveira@bcg.com,"Partner, Technology Practice",0,IT Consulting & SI,BCG X,US,,Ren,"Partner, Technology Practice",Oliveira,United States,,,www.bcg.com,5000711,0,0
pg739zobzoujj,Babatunde,Cook,IT Consulting & SI,Attended,vpg739zobzoujj,EY Technology,GB,babatunde.cook@ey.com,Associate Director,1,IT Consulting & SI,EY Technology,GB,,Babatunde,Associate Director,Cook,United Kingdom,,,www.ey.com,5000712,0,0
b9w5zqw6l87ps,Elizabeth,Reed,IT Consulting & SI,Attended,vb9w5zqw6l87ps,Publicis Sapient,FR,elizabeth.reed@publicissapient.com,"Solution Architect, Digital",1,IT Consulting & SI,Publicis Sapient,FR,,Elizabeth,"Solution Architect, Digital",Reed,France,,,www.publicissapient.com,5000713,0,0
yi0pla6d2kg1t,Camila,Singh,Enterprise Software,Attended,vyi0pla6d2kg1t,Atlassian,AU,camila.singh@atlassian.com,Senior Solutions Engineer,1,Enterprise Software,Atlassian,AU,,Camila,Senior Solutions Engineer,Singh,Australia,,,www.atlassian.com,5000714,0,0
9a2klmwwcgblw,Anita,Dlamini,Staff,Attended,v9a2klmwwcgblw,FieldDrive Events,BE,anita.dlamini@fielddrive.com,Registration & Badging Lead,1,Staff,FieldDrive Events,BE,,Anita,Registration & Badging Lead,Dlamini,Belgium,,,www.fielddrive.com,5000715,0,0
rzpx9v1uitdj4,Henrik,Okonkwo,AI & Data,Attended,vrzpx9v1uitdj4,Palantir Technologies,US,henrik.okonkwo@palantir.com,Chief AI Officer,1,AI & Data,Palantir Technologies,US,,Henrik,Chief AI Officer,Okonkwo,United States,,,www.palantir.com,5000716,0,0
d8spw0s1nkk0g,Lars,Adams,Hardware & Semiconductors,Attended,vd8spw0s1nkk0g,SambaNova Systems,US,lars.adams@sambanova.ai,"Research Scientist, Silicon",1,Hardware & Semiconductors,SambaNova Systems,US,,Lars,"Research Scientist, Silicon",Adams,United States,,,www.sambanova.ai,5000717,0,0
khv4qljethbvv,Raymond,Adams,Cybersecurity,No show,vkhv4qljethbvv,Rapid7,US,raymond.adams@rapid7.com,Security Consultant,0,Cybersecurity,Rapid7,US,,Raymond,Security Consultant,Adams,United States,,,www.rapid7.com,5000718,0,0
t8hjk0xyspqtu,Liang,Jones,Dev Tools & Platforms,Attended,vt8hjk0xyspqtu,LaunchDarkly,US,liang.jones@launchdarkly.com,Senior Developer Advocate,1,Dev Tools & Platforms,LaunchDarkly,US,,Liang,Senior Developer Advocate,Jones,United States,,,www.launchdarkly.com,5000719,0,0
p0amts7ynxj5y,Nicholas,Mehta,Cloud & Infrastructure,Attended,vp0amts7ynxj5y,Snowflake,US,nicholas.mehta@snowflake.com,Developer Advocate,1,Cloud & Infrastructure,Snowflake,US,,Nicholas,Developer Advocate,Mehta,United States,,,www.snowflake.com,5000720,0,0
8rlez662pqzv6,Ella,Luo,AI & Data,No show,v8rlez662pqzv6,Databricks,US,ella.luo@databricks.com,Chief AI Officer,0,AI & Data,Databricks,US,,Ella,Chief AI Officer,Luo,United States,,,www.databricks.com,5000721,0,0
e84l9yilzr015,Vikram,Tanaka,IT Consulting & SI,Attended,ve84l9yilzr015,Thoughtworks,US,vikram.tanaka@thoughtworks.com,Senior Technology Consultant,1,IT Consulting & SI,Thoughtworks,US,,Vikram,Senior Technology Consultant,Tanaka,United States,,,www.thoughtworks.com,5000722,0,0
ftnm8vh1xsn66,Sakura,Tang,IT Consulting & SI,Attended,vftnm8vh1xsn66,Thoughtworks,US,sakura.tang@thoughtworks.com,Technology Consultant,1,IT Consulting & SI,Thoughtworks,US,,Sakura,Technology Consultant,Tang,United States,,,www.thoughtworks.com,5000723,0,0
ydz0b545k5q5g,Shu,Adams,Cybersecurity,Attended,vydz0b545k5q5g,Fortinet,US,shu.adams@fortinet.com,Threat Intelligence Analyst,1,Cybersecurity,Fortinet,US,,Shu,Threat Intelligence Analyst,Adams,United States,,,www.fortinet.com,5000724,0,0
iksmv4qqj3a1i,Hui,Cao,VC & Private Equity,Attended,viksmv4qqj3a1i,Accel,US,hui.cao@accel.com,Principal,1,VC & Private Equity,Accel,US,,Hui,Principal,Cao,United States,,,www.accel.com,5000725,0,0
2nmsikji92xpi,Jacob,Rogers,IT Consulting & SI,Attended,v2nmsikji92xpi,McKinsey Digital,US,jacob.rogers@mckinsey.com,Data & AI Practice Lead,1,IT Consulting & SI,McKinsey Digital,US,,Jacob,Data & AI Practice Lead,Rogers,United States,,,www.mckinsey.com,5000726,0,0
vu049dd5s0q7o,Rachel,Iyer,Enterprise Software,Attended,vvu049dd5s0q7o,ServiceNow,US,rachel.iyer@servicenow.com,Principal Product Manager,1,Enterprise Software,ServiceNow,US,,Rachel,Principal Product Manager,Iyer,United States,,,www.servicenow.com,5000727,0,0
xczzyagzr64l4,Elena,Cox,Enterprise Software,No show,vxczzyagzr64l4,HubSpot,US,elena.cox@hubspot.com,Director of Engineering,0,Enterprise Software,HubSpot,US,,Elena,Director of Engineering,Cox,United States,,,www.hubspot.com,5000728,0,0
wp6cbc5tnll5h,Dewi,Dlamini,AI & Data,Attended,vwp6cbc5tnll5h,NVIDIA,US,dewi.dlamini@nvidia.com,Principal ML Engineer,1,AI & Data,NVIDIA,US,,Dewi,Principal ML Engineer,Dlamini,United States,,,www.nvidia.com,5000729,0,0
ol5rkh87cyamn,Dennis,Zhu,Enterprise Software,Attended,vol5rkh87cyamn,Salesforce,US,dennis.zhu@salesforce.com,Principal Product Manager,1,Enterprise Software,Salesforce,US,,Dennis,Principal Product Manager,Zhu,United States,,,www.salesforce.com,5000730,0,0
ms55nmwhh4vl1,Nurul,Lee,IT Consulting & SI,Attended,vms55nmwhh4vl1,TCS,IN,nurul.lee@tcs.com,Technology Consultant,1,IT Consulting & SI,TCS,IN,,Nurul,Technology Consultant,Lee,India,,,www.tcs.com,5000731,0,0
sf6k9kohd5mhb,Paul,Chaudhary,IT Consulting & SI,Attended,vsf6k9kohd5mhb,NTT Data,JP,paul.chaudhary@nttdata.com,VP of Digital Transformation,1,IT Consulting & SI,NTT Data,JP,,Paul,VP of Digital Transformation,Chaudhary,Japan,,,www.nttdata.com,5000732,0,0
u9vdow6jfpy77,Ella,Allen,Cybersecurity,Attended,vu9vdow6jfpy77,CrowdStrike,US,ella.allen@crowdstrike.com,Threat Intelligence Analyst,1,Cybersecurity,CrowdStrike,US,,Ella,Threat Intelligence Analyst,Allen,United States,,,www.crowdstrike.com,5000733,0,0
fj2etpseywr7o,Pierre,Tran,Hardware & Semiconductors,Attended,vfj2etpseywr7o,Intel,US,pierre.tran@intel.com,System Architecture Engineer,1,Hardware & Semiconductors,Intel,US,,Pierre,System Architecture Engineer,Tran,United States,,,www.intel.com,5000734,0,0
hfbxq4uw0jgqe,Klaus,Bose,AI & Data,Attended,vhfbxq4uw0jgqe,Scale AI,US,klaus.bose@scale.com,Research Scientist,1,AI & Data,Scale AI,US,,Klaus,Research Scientist,Bose,United States,,,www.scale.com,5000735,0,0
a245j8o98bujd,Yuto,Lefebvre,Enterprise Software,Attended,va245j8o98bujd,Zendesk,US,yuto.lefebvre@zendesk.com,VP of Engineering,1,Enterprise Software,Zendesk,US,,Yuto,VP of Engineering,Lefebvre,United States,,,www.zendesk.com,5000736,0,0
8pe74add0gn7r,Budi,Kumar,IT Consulting & SI,Attended,v8pe74add0gn7r,TCS,IN,budi.kumar@tcs.com,Managing Consultant,1,IT Consulting & SI,TCS,IN,,Budi,Managing Consultant,Kumar,India,,,www.tcs.com,5000737,0,0
v1j308ipuv58o,Cynthia,Ho,Hardware & Semiconductors,Attended,vv1j308ipuv58o,Intel,US,cynthia.ho@intel.com,"Research Scientist, Silicon",1,Hardware & Semiconductors,Intel,US,,Cynthia,"Research Scientist, Silicon",Ho,United States,,,www.intel.com,5000738,0,0
f6z61dhihpsmt,Anita,Weber,Cybersecurity,Attended,vf6z61dhihpsmt,Snyk,GB,anita.weber@snyk.io,SOC Analyst,1,Cybersecurity,Snyk,GB,,Anita,SOC Analyst,Weber,United Kingdom,,,www.snyk.io,5000739,0,0
mh7lm2lw7zrtq,Raymond,Lewis,Cybersecurity,Attended,vmh7lm2lw7zrtq,Fortinet,US,raymond.lewis@fortinet.com,Security Architect,1,Cybersecurity,Fortinet,US,,Raymond,Security Architect,Lewis,United States,,,www.fortinet.com,5000740,0,0
ml12p5wpvi06b,Nicholas,Bose,AI & Data,Attended,vml12p5wpvi06b,Databricks,US,nicholas.bose@databricks.com,Head of Data Science,1,AI & Data,Databricks,US,,Nicholas,Head of Data Science,Bose,United States,,,www.databricks.com,5000741,0,0
py8258j2hka4m,Patrick,Zheng,Cloud & Infrastructure,Attended,vpy8258j2hka4m,Supabase,US,patrick.zheng@supabase.com,Senior Site Reliability Engineer,1,Cloud & Infrastructure,Supabase,US,,Patrick,Senior Site Reliability Engineer,Zheng,United States,,,www.supabase.com,5000742,0,0
eew0oz2wcvft9,Lin,Lin,Hardware & Semiconductors,Attended,veew0oz2wcvft9,Intel,US,lin.lin@intel.com,Director of Engineering,1,Hardware & Semiconductors,Intel,US,,Lin,Director of Engineering,Lin,United States,,,www.intel.com,5000743,0,0
hvoxj0au1armx,Jae-Won,Schulz,Dev Tools & Platforms,Attended,vhvoxj0au1armx,LaunchDarkly,US,jaewon.schulz@launchdarkly.com,Solutions Engineer,1,Dev Tools & Platforms,LaunchDarkly,US,,Jae-Won,Solutions Engineer,Schulz,United States,,,www.launchdarkly.com,5000744,0,0
ppnl6rnkwxzwl,Dylan,He,IT Consulting & SI,Attended,vppnl6rnkwxzwl,Capgemini,FR,dylan.he@capgemini.com,Senior Technology Consultant,1,IT Consulting & SI,Capgemini,FR,,Dylan,Senior Technology Consultant,He,France,,,www.capgemini.com,5000745,0,0
eljqik8ic6jte,Kunal,Chatterjee,Enterprise Software,Attended,veljqik8ic6jte,SAP,DE,kunal.chatterjee@sap.com,VP of Engineering,1,Enterprise Software,SAP,DE,,Kunal,VP of Engineering,Chatterjee,Germany,,,www.sap.com,5000746,0,0
24rv3nsxof6t6,Henrik,Ho,IT Consulting & SI,Attended,v24rv3nsxof6t6,Slalom,US,henrik.ho@slalom.com,Managing Consultant,1,IT Consulting & SI,Slalom,US,,Henrik,Managing Consultant,Ho,United States,,,www.slalom.com,5000747,0,0
zu9sh7n1bqg3d,Rachel,Tang,AI & Data,Attended,vzu9sh7n1bqg3d,Palantir Technologies,US,rachel.tang@palantir.com,Head of Data Science,1,AI & Data,Palantir Technologies,US,,Rachel,Head of Data Science,Tang,United States,,,www.palantir.com,5000748,0,0
2vqymhp9nymso,Sakura,Harris,IT Consulting & SI,Attended,v2vqymhp9nymso,TCS,IN,sakura.harris@tcs.com,Cloud Migration Specialist,1,IT Consulting & SI,TCS,IN,,Sakura,Cloud Migration Specialist,Harris,India,,,www.tcs.com,5000749,0,0
0o158j8h19yx6,Sofia,Simon,Enterprise Software,Attended,v0o158j8h19yx6,Adobe,US,sofia.simon@adobe.com,Engineering Manager,1,Enterprise Software,Adobe,US,,Sofia,Engineering Manager,Simon,United States,,,www.adobe.com,5000750,0,0