Third Party ID,First Name,Last Name,Category,RegistrationStatus,Barcode,Company,Country,Email,Job Title,Nr. of check-ins,organisationType,Company (Custom Field),Country (Custom Field),createdOnsite,First Name (Custom Field),Job Title (Custom Field),Last Name (Custom Field),nationality,State,tags,website,FielddriveID,Attended,Confirmed/No show
1of6dxq1l84cj,Luca,Cooper,Cybersecurity,Attended,vx3jerz5967w9,Okta,US,luca.cooper@okta.com,VP of Security,3,Cybersecurity,Okta,US,,Luca,VP of Security,Cooper,United States,,,www.okta.com,7095546,0,0
eowr8j0jmmyr7,Nancy,Tran,Enterprise Software,Attended,v7yh3y8a6m968,Zendesk,US,nancy.tran@zendesk.com,VP of Sales,1,Enterprise Software,Zendesk,US,,Nancy,VP of Sales,Tran,United States,,,www.zendesk.com,8058350,0,0
5to3e1e42t2g4,Hiroshi,Sato,Cloud & Infrastructure,Attended,v3154maphayib,Datadog,US,hiroshi.sato@datadoghq.com,VP of Engineering,3,Cloud & Infrastructure,Datadog,US,,Hiroshi,VP of Engineering,Sato,United States,,,www.datadoghq.com,7612061,0,0
8arjs89fljo6q,Deepak,Anderson,IT Consulting & SI,Attended,vvcz823rhu1rg,LTIMindtree,IN,deepak.anderson@ltimindtree.com,Senior Technology Consultant,3,IT Consulting & SI,LTIMindtree,IN,,Deepak,Senior Technology Consultant,Anderson,India,,,www.ltimindtree.com,8164029,0,0
aa60o4qaz32lw,Philippe,Kapoor,IT Consulting & SI,No show,vz6o98z2mf017,BCG X,US,philippe.kapoor@bcg.com,Data & AI Practice Lead,0,IT Consulting & SI,BCG X,US,,Philippe,Data & AI Practice Lead,Kapoor,United States,,,www.bcg.com,8939293,0,0
t6bjnzso5mgfe,Henrik,Bell,Enterprise Software,No show,v0b17my6xlejw,HubSpot,US,henrik.bell@hubspot.com,"Account Executive, Enterprise",0,Enterprise Software,HubSpot,US,,Henrik,"Account Executive, Enterprise",Bell,United States,,,www.hubspot.com,8633862,0,0
cj2tj20sarvqx,Ethan,Joshi,Cloud & Infrastructure,No show,vnjgyfjyycgwd,Google Cloud,US,ethan.joshi@cloud.google.com,DevOps Engineer,0,Cloud & Infrastructure,Google Cloud,US,,Ethan,DevOps Engineer,Joshi,United States,,,www.cloud.google.com,7768559,0,0
4psqnp1k8urmd,Juan,He,Dev Tools & Platforms,Attended,vh2eopveg4dnw,Twilio,US,juan.he@twilio.com,Solutions Engineer,2,Dev Tools & Platforms,Twilio,US,,Juan,Solutions Engineer,He,United States,,,www.twilio.com,7186699,0,0
tfmrmq9pkl48h,Brian,Stewart,Cloud & Infrastructure,Attended,vb1no6c6zh6du,Cloudflare,US,brian.stewart@cloudflare.com,Platform Engineer,4,Cloud & Infrastructure,Cloudflare,US,,Brian,Platform Engineer,Stewart,United States,,,www.cloudflare.com,8399152,0,0
j2eznj8u81nwy,Margaret,Hassan,IT Consulting & SI,Attended,vtau731qx4q7x,Infosys,IN,margaret.hassan@infosys.com,Technology Consultant,3,IT Consulting & SI,Infosys,IN,,Margaret,Technology Consultant,Hassan,India,,,www.infosys.com,7622177,0,0
ubpcq4adqtjqm,Naomi,Hassan,VC & Private Equity,No show,vuz16gbol0sws,Tiger Global,US,naomi.hassan@tigerglobal.com,Partner,0,VC & Private Equity,Tiger Global,US,,Naomi,Partner,Hassan,United States,,,www.tigerglobal.com,7922448,0,0
pspu69cmnjtul,Barbara,Goh,Cybersecurity,Attended,vr7z3uorwaobc,Palo Alto Networks,US,barbara.goh@paloaltonetworks.com,SOC Analyst,4,Cybersecurity,Palo Alto Networks,US,,Barbara,SOC Analyst,Goh,United States,,,www.paloaltonetworks.com,8197477,0,0
45alimxsehj0y,Matthew,Smith,Cloud & Infrastructure,Attended,v2atgxi9c70tr,Akamai Technologies,US,matthew.smith@akamai.com,Senior Site Reliability Engineer,2,Cloud & Infrastructure,Akamai Technologies,US,,Matthew,Senior Site Reliability Engineer,Smith,United States,,,www.akamai.com,8715358,0,0
9wggvyj2jzo76,Khairul,Das,Cybersecurity,Attended,v4ugebv3zjtcg,CrowdStrike,US,khairul.das@crowdstrike.com,Security Architect,3,Cybersecurity,CrowdStrike,US,,Khairul,Security Architect,Das,United States,,,www.crowdstrike.com,7338340,0,0
14pi30pgnh142,Elizabeth,Toh,IT Consulting & SI,Attended,v5ld9e93n27f9,Infosys,IN,elizabeth.toh@infosys.com,Technology Consultant,3,IT Consulting & SI,Infosys,IN,,Elizabeth,Technology Consultant,Toh,India,,,www.infosys.com,7570760,0,0
bye9swga1qgt6,Ryan,Mehta,Dev Tools & Platforms,Attended,v5la8hhn6qmuu,Stripe,US,ryan.mehta@stripe.com,Head of Developer Relations,3,Dev Tools & Platforms,Stripe,US,,Ryan,Head of Developer Relations,Mehta,United States,,,www.stripe.com,7031478,0,0
x97i98ufqau5s,Pablo,Clarke,AI & Data,Attended,vefmm3jt4lmag,Weaviate,NL,pablo.clarke@weaviate.io,Data Engineer,1,AI & Data,Weaviate,NL,,Pablo,Data Engineer,Clarke,Netherlands,,,www.weaviate.io,8817580,0,0
7gj9q22yc5ub6,Yasmin,Shah,Enterprise Software,Attended,vloap70rucprk,Sprinklr,US,yasmin.shah@sprinklr.com,"Account Executive, Enterprise",3,Enterprise Software,Sprinklr,US,,Yasmin,"Account Executive, Enterprise",Shah,United States,,,www.sprinklr.com,7186863,0,0
bfai6tp5ppnov,Laura,Rogers,VC & Private Equity,Attended,v3synh9bk0o4g,GGV Capital,US,laura.rogers@ggvc.com,General Partner,4,VC & Private Equity,GGV Capital,US,,Laura,General Partner,Rogers,United States,,,www.ggvc.com,8929787,0,0
cs4f7ni7rwwrj,Kunal,Song,VC & Private Equity,Attended,vq6qpnpn728zh,GGV Capital,US,kunal.song@ggvc.com,General Partner,2,VC & Private Equity,GGV Capital,US,,Kunal,General Partner,Song,United States,,,www.ggvc.com,8263958,0,0
jknxm8168p6z4,Fatimah,Fischer,Hardware & Semiconductors,No show,vk230q3qa7uq1,Marvell Technology,US,fatimah.fischer@marvell.com,System Architecture Engineer,0,Hardware & Semiconductors,Marvell Technology,US,,Fatimah,System Architecture Engineer,Fischer,United States,,,www.marvell.com,8540149,0,0
j2abl3dyh97di,Aoi,Nguyen,Cloud & Infrastructure,Attended,vyx02w1arvyxt,MongoDB,US,aoi.nguyen@mongodb.com,Platform Engineer,3,Cloud & Infrastructure,MongoDB,US,,Aoi,Platform Engineer,Nguyen,United States,,,www.mongodb.com,7234421,0,0
xr2vb4jmhvk8s,Ren,Weber,Hardware & Semiconductors,Attended,vsri5ilhr9za3,Intel,US,ren.weber@intel.com,"Research Scientist, Silicon",2,Hardware & Semiconductors,Intel,US,,Ren,"Research Scientist, Silicon",Weber,United States,,,www.intel.com,7247574,0,0
5am9xajcg2lml,Shu,Agarwal,IT Consulting & SI,No show,vlqoowhkvl3xg,Infosys,IN,shu.agarwal@infosys.com,Director of Technology,0,IT Consulting & SI,Infosys,IN,,Shu,Director of Technology,Agarwal,India,,,www.infosys.com,8593305,0,0
b23otzffzqc7x,Angela,Nakamura,IT Consulting & SI,Attended,vv9rhykxgxvv0,Wipro,IN,angela.nakamura@wipro.com,Senior Technology Consultant,3,IT Consulting & SI,Wipro,IN,,Angela,Senior Technology Consultant,Nakamura,India,,,www.wipro.com,8036021,0,0
limfk33h6z1tg,William,Gupta,VC & Private Equity,Attended,vh5hifecvi5ry,Tiger Global,US,william.gupta@tigerglobal.com,Venture Associate,3,VC & Private Equity,Tiger Global,US,,William,Venture Associate,Gupta,United States,,,www.tigerglobal.com,8285195,0,0
sgtno1z74zl9c,Barbara,Torres,Cybersecurity,Attended,v3pfq67m7no5w,Palo Alto Networks,US,barbara.torres@paloaltonetworks.com,SOC Analyst,3,Cybersecurity,Palo Alto Networks,US,,Barbara,SOC Analyst,Torres,United States,,,www.paloaltonetworks.com,8031837,0,0
6bkwh8e7bi3rh,Dorothy,Tang,AI & Data,Attended,vk74mbbdxotoo,DataRobot,US,dorothy.tang@datarobot.com,Applied Research Scientist,2,AI & Data,DataRobot,US,,Dorothy,Applied Research Scientist,Tang,United States,,,www.datarobot.com,7998399,0,0
55uqrfkxz8lc0,Sara,Tang,Cybersecurity,Attended,v07pud6w0h67w,Zscaler,US,sara.tang@zscaler.com,Head of Information Security,2,Cybersecurity,Zscaler,US,,Sara,Head of Information Security,Tang,United States,,,www.zscaler.com,7630079,0,0
rb98ds0yvzvas,Patrick,Jackson,Hardware & Semiconductors,Attended,vi754nput2utc,Graphcore,GB,patrick.jackson@graphcore.ai,Director of Engineering,2,Hardware & Semiconductors,Graphcore,GB,,Patrick,Director of Engineering,Jackson,United Kingdom,,,www.graphcore.ai,7567539,0,0
7clsvoptnnyvl,Min-Ji,Brown,Cybersecurity,Attended,vnzuqqn61fkbc,Okta,US,minji.brown@okta.com,CISO,3,Cybersecurity,Okta,US,,Min-Ji,CISO,Brown,United States,,,www.okta.com,7947968,0,0
rzf1u6vqs4huf,Walter,Sim,IT Consulting & SI,Attended,vn4vnboobck3e,Accenture,IE,walter.sim@accenture.com,"Solution Architect, Digital",1,IT Consulting & SI,Accenture,IE,,Walter,"Solution Architect, Digital",Sim,Ireland,,,www.accenture.com,7156090,0,0
cad4zn573vjt6,Kathleen,Torres,AI & Data,Attended,vtcjay1fzk9qy,Pinecone,US,kathleen.torres@pinecone.io,Applied Research Scientist,2,AI & Data,Pinecone,US,,Kathleen,Applied Research Scientist,Torres,United States,,,www.pinecone.io,8512370,0,0
tldkz27dqtroi,Aisha,Zheng,Dev Tools & Platforms,Attended,v91eaf3ihswix,Temporal,US,aisha.zheng@temporal.io,Developer Advocate,3,Dev Tools & Platforms,Temporal,US,,Aisha,Developer Advocate,Zheng,United States,,,www.temporal.io,7729627,0,0
pwe3960bmtxv4,Hassan,Phillips,Cybersecurity,Attended,vl9l7tu124t27,Okta,US,hassan.phillips@okta.com,CISO,2,Cybersecurity,Okta,US,,Hassan,CISO,Phillips,United States,,,www.okta.com,7789471,0,0
kjq879jmq48b8,Barbara,Ho,Dev Tools & Platforms,Attended,v90zm8jkx2y5l,Sentry,US,barbara.ho@sentry.io,Developer Advocate,3,Dev Tools & Platforms,Sentry,US,,Barbara,Developer Advocate,Ho,United States,,,www.sentry.io,7979195,0,0
z3bqfrb0nzutp,Camila,Turner,Cybersecurity,Attended,v4hy5i8neoge9,Zscaler,US,camila.turner@zscaler.com,Head of Information Security,3,Cybersecurity,Zscaler,US,,Camila,Head of Information Security,Turner,United States,,,www.zscaler.com,8707053,0,0
ussjhmotoy9qj,George,Anderson,AI & Data,Attended,vs7i58up6j3vm,NVIDIA,US,george.anderson@nvidia.com,Data Engineer,3,AI & Data,NVIDIA,US,,George,Data Engineer,Anderson,United States,,,www.nvidia.com,8393575,0,0
wxz17977yy5l5,Nurul,Fischer,IT Consulting & SI,Attended,v7szoqeallc7m,EY Technology,GB,nurul.fischer@ey.com,Senior Technology Consultant,3,IT Consulting & SI,EY Technology,GB,,Nurul,Senior Technology Consultant,Fischer,United Kingdom,,,www.ey.com,7459891,0,0
vqlq93bvmy7tw,Sofia,Xie,Cloud & Infrastructure,Attended,vy6h7tnvokeyn,DigitalOcean,US,sofia.xie@digitalocean.com,Platform Engineer,4,Cloud & Infrastructure,DigitalOcean,US,,Sofia,Platform Engineer,Xie,United States,,,www.digitalocean.com,7498077,0,0
ajxf9v5ldmkmk,Ella,Suzuki,IT Consulting & SI,Attended,v9u9mvcu6a49x,Accenture,IE,ella.suzuki@accenture.com,"Solution Architect, Digital",2,IT Consulting & SI,Accenture,IE,,Ella,"Solution Architect, Digital",Suzuki,Ireland,,,www.accenture.com,7791914,0,0
xa78an0t4g7a4,Khairul,Chatterjee,IT Consulting & SI,Attended,vpsr2826u2vfc,IBM Consulting,US,khairul.chatterjee@ibm.com,"Partner, Technology Practice",4,IT Consulting & SI,IBM Consulting,US,,Khairul,"Partner, Technology Practice",Chatterjee,United States,,,www.ibm.com,7949140,0,0
d9q7gqjt510lk,Raymond,Jones,Media/Press,Attended,v872pk69cdotv,MIT Technology Review,US,raymond.jones@technologyreview.com,"Editor, Technology",4,Media/Press,MIT Technology Review,US,,Raymond,"Editor, Technology",Jones,United States,,,www.technologyreview.com,7099557,0,0
k9zwqfcpc49ec,Nicholas,Richardson,Enterprise Software,No show,v546orgerrgnt,Zendesk,US,nicholas.richardson@zendesk.com,Senior Product Manager,0,Enterprise Software,Zendesk,US,,Nicholas,Senior Product Manager,Richardson,United States,,,www.zendesk.com,7513855,0,0
shdz8fbzirwoc,Arjun,Becker,AI & Data,No show,vqjr6vh5y6ft5,Pinecone,US,arjun.becker@pinecone.io,Principal ML Engineer,0,AI & Data,Pinecone,US,,Arjun,Principal ML Engineer,Becker,United States,,,www.pinecone.io,8926473,0,0
oko3vpk2u4avp,Rachel,Tanaka,AI & Data,Attended,vmx5l77ibrsjo,Weights & Biases,US,rachel.tanaka@h2o.ai,Senior Data Scientist,3,AI & Data,Weights & Biases,US,,Rachel,Senior Data Scientist,Tanaka,United States,,,www.wandb.ai,8869387,0,0
chdaubm3bcoxz,Swati,Bailey,Cloud & Infrastructure,Attended,v0oic67w5wlo6,Google Cloud,US,swati.bailey@cloud.google.com,Chief Technology Officer,3,Cloud & Infrastructure,Google Cloud,US,,Swati,Chief Technology Officer,Bailey,United States,,,www.cloud.google.com,8649907,0,0
80x1aublfju8s,Bo,Reddy,IT Consulting & SI,Attended,vmssf83cdo0ox,Accenture,IE,bo.reddy@accenture.com,Cloud Migration Specialist,2,IT Consulting & SI,Accenture,IE,,Bo,Cloud Migration Specialist,Reddy,Ireland,,,www.accenture.com,8721051,0,0
hlgemj9pjpicr,Klaus,Hill,Dev Tools & Platforms,Attended,vlpkhdsgc06l8,JFrog,US,klaus.hill@jfrog.com,Chief Revenue Officer,3,Dev Tools & Platforms,JFrog,US,,Klaus,Chief Revenue Officer,Hill,United States,,,www.jfrog.com,8569808,0,0
dijzs9onva0wd,Deepak,Gray,AI & Data,Attended,vym3di2zg884b,Scale AI,US,deepak.gray@scale.com,Data Engineer,3,AI & Data,Scale AI,US,,Deepak,Data Engineer,Gray,United States,,,www.scale.com,7443940,0,0
yvakxlug0n3pi,Jean,Adams,Dev Tools & Platforms,Attended,v6w380292yqo0,Temporal,US,jean.adams@temporal.io,VP of Developer Experience,4,Dev Tools & Platforms,Temporal,US,,Jean,VP of Developer Experience,Adams,United States,,,www.temporal.io,8295584,0,0
268o26jacy3fw,Nomsa,Trivedi,Enterprise Software,No show,vz94dybo0a7ox,Salesforce,US,nomsa.trivedi@salesforce.com,Staff Software Engineer,0,Enterprise Software,Salesforce,US,,Nomsa,Staff Software Engineer,Trivedi,United States,,,www.salesforce.com,7272956,0,0
1z97ytxwcl7xg,Rebecca,Harris,Dev Tools & Platforms,Attended,v33y6y7v62cup,PagerDuty,US,rebecca.harris@pagerduty.com,Staff Software Engineer,4,Dev Tools & Platforms,PagerDuty,US,,Rebecca,Staff Software Engineer,Harris,United States,,,www.pagerduty.com,7069735,0,0
mkd9847mvo9kw,Siti,Asante,Enterprise Software,Attended,vmogynioloaqk,Microsoft,US,siti.asante@microsoft.com,Senior Solutions Engineer,2,Enterprise Software,Microsoft,US,,Siti,Senior Solutions Engineer,Asante,United States,,,www.microsoft.com,7397245,0,0
thm4kt6owczp8,Fang,Abdullah,IT Consulting & SI,Attended,v8yk9ciubvx1b,IBM Consulting,US,fang.abdullah@ibm.com,Cloud Migration Specialist,2,IT Consulting & SI,IBM Consulting,US,,Fang,Cloud Migration Specialist,Abdullah,United States,,,www.ibm.com,7551071,0,0
luyg3hd6oi9di,Hiroshi,Zeng,Cybersecurity,No show,v53cd0znuajpb,Zscaler,US,hiroshi.zeng@zscaler.com,Security Sales Engineer,0,Cybersecurity,Zscaler,US,,Hiroshi,Security Sales Engineer,Zeng,United States,,,www.zscaler.com,8656753,0,0
11okt6e5m9x9c,Anita,Taylor,Enterprise Software,Attended,vqje1x9g4oewz,Atlassian,AU,anita.taylor@atlassian.com,Solutions Architect,4,Enterprise Software,Atlassian,AU,,Anita,Solutions Architect,Taylor,Australia,,,www.atlassian.com,8356841,0,0
3kr0akii80n2q,Neha,Kumar,Cybersecurity,Attended,vdpqf3io61hbq,Palo Alto Networks,US,neha.kumar@paloaltonetworks.com,Head of Information Security,3,Cybersecurity,Palo Alto Networks,US,,Neha,Head of Information Security,Kumar,United States,,,www.paloaltonetworks.com,7248199,0,0
c65hys7b1qayt,Ahmad,Ferrari,IT Consulting & SI,No show,vtz9uu5r17pbc,Capgemini,FR,ahmad.ferrari@capgemini.com,Managing Consultant,0,IT Consulting & SI,Capgemini,FR,,Ahmad,Managing Consultant,Ferrari,France,,,www.capgemini.com,8991130,0,0
3d1hfq4gskj8p,Marie,Green,Cybersecurity,Attended,vpjmj3nx9p81g,Snyk,GB,marie.green@snyk.io,SOC Analyst,3,Cybersecurity,Snyk,GB,,Marie,SOC Analyst,Green,United Kingdom,,,www.snyk.io,8916320,0,0
o3jrbloj8ijum,Sarah,Miller,Hardware & Semiconductors,Attended,vddqg6x4z5w67,Qualcomm,US,sarah.miller@qualcomm.com,System Architecture Engineer,3,Hardware & Semiconductors,Qualcomm,US,,Sarah,System Architecture Engineer,Miller,United States,,,www.qualcomm.com,8491403,0,0
386tgo2t7q0ec,Steven,Lee,AI & Data,Attended,vdc9ypp0klx5r,Together AI,US,steven.lee@together.ai,Senior Data Scientist,3,AI & Data,Together AI,US,,Steven,Senior Data Scientist,Lee,United States,,,www.together.ai,7078716,0,0
ssgfjhou409yy,Hyun,Stewart,IT Consulting & SI,Attended,vr8if5vzvxie8,Slalom,US,hyun.stewart@slalom.com,Senior Technology Consultant,2,IT Consulting & SI,Slalom,US,,Hyun,Senior Technology Consultant,Stewart,United States,,,www.slalom.com,8006474,0,0
ih8nx1khqkbkf,Hao,Guo,AI & Data,Attended,v7q0jmo05dlmu,DataRobot,US,hao.guo@datarobot.com,Senior Data Scientist,2,AI & Data,DataRobot,US,,Hao,Senior Data Scientist,Guo,United States,,,www.datarobot.com,8457944,0,0
di74kzt22thw9,Daiki,Gupta,Media/Press,Attended,vp0ieihcjjg4l,TechCrunch,US,daiki.gupta@techcrunch.com,Tech Reporter,4,Media/Press,TechCrunch,US,,Daiki,Tech Reporter,Gupta,United States,,,www.techcrunch.com,7880076,0,0
007bbmpxq3xty,Noah,Scott,AI & Data,Attended,vobtpu5i30484,Mistral AI,FR,noah.scott@mistral.ai,VP of Data & Analytics,3,AI & Data,Mistral AI,FR,,Noah,VP of Data & Analytics,Scott,France,,,www.mistral.ai,8078818,0,0
tch20snstgf7d,Priya,Guo,IT Consulting & SI,Attended,vivzgzu2nacox,TCS,IN,priya.guo@tcs.com,Director of Technology,3,IT Consulting & SI,TCS,IN,,Priya,Director of Technology,Guo,India,,,www.tcs.com,8831020,0,0
abqr8v3duo1qa,David,Phillips,Enterprise Software,Attended,v757ss737pbti,HubSpot,US,david.phillips@hubspot.com,Principal Product Manager,2,Enterprise Software,HubSpot,US,,David,Principal Product Manager,Phillips,United States,,,www.hubspot.com,8813914,0,0
vzou1wtxjlvbf,Carol,Iyer,IT Consulting & SI,No show,v1iinsm4fshoh,IBM Consulting,US,carol.iyer@ibm.com,Data & AI Practice Lead,0,IT Consulting & SI,IBM Consulting,US,,Carol,Data & AI Practice Lead,Iyer,United States,,,www.ibm.com,7295174,0,0
jy1zb62g6b4ts,Sarah,Nair,Cybersecurity,Attended,vg0s0u50ap1wn,Rapid7,US,sarah.nair@rapid7.com,VP of Security,2,Cybersecurity,Rapid7,US,,Sarah,VP of Security,Nair,United States,,,www.rapid7.com,8100463,0,0
9waviat22hdek,Brigitte,Liu,Enterprise Software,No show,vrnutpcohs08i,SAP,DE,brigitte.liu@sap.com,Staff Software Engineer,0,Enterprise Software,SAP,DE,,Brigitte,Staff Software Engineer,Liu,Germany,,,www.sap.com,8535056,0,0
vp0sc7sv71amj,Raymond,Park,Cloud & Infrastructure,Attended,v5k1swl1rdas1,Confluent,US,raymond.park@confluent.io,Developer Advocate,3,Cloud & Infrastructure,Confluent,US,,Raymond,Developer Advocate,Park,United States,,,www.confluent.io,8231725,0,0
yzfpp4xgq78u4,Shu,Lee,IT Consulting & SI,Attended,v2i3p4lfdj2q8,Thoughtworks,US,shu.lee@thoughtworks.com,"Partner, Technology Practice",4,IT Consulting & SI,Thoughtworks,US,,Shu,"Partner, Technology Practice",Lee,United States,,,www.thoughtworks.com,7324421,0,0
42u1hqubiqj6u,Meera,Yoon,Cybersecurity,Attended,v9bl57jb168tm,Snyk,GB,meera.yoon@snyk.io,Director of Cybersecurity,3,Cybersecurity,Snyk,GB,,Meera,Director of Cybersecurity,Yoon,United Kingdom,,,www.snyk.io,8923095,0,0
cij4anc8peem9,Alexander,Bailey,IT Consulting & SI,Attended,vjujqhh6bkdhy,Slalom,US,alexander.bailey@slalom.com,Cloud Migration Specialist,3,IT Consulting & SI,Slalom,US,,Alexander,Cloud Migration Specialist,Bailey,United States,,,www.slalom.com,8995294,0,0
2kove5rzuf21z,Kai,Stewart,VC & Private Equity,Attended,vzspa57i3k0mu,Accel,US,kai.stewart@accel.com,Investment Director,3,VC & Private Equity,Accel,US,,Kai,Investment Director,Stewart,United States,,,www.accel.com,8292178,0,0
xjcbyhgmn9ztd,Pablo,Ho,VIP,No show,vy61aa0c5hdfu,Microsoft,US,pablo.ho@microsoft.com,Chief Executive Officer,0,VIP,Microsoft,US,,Pablo,Chief Executive Officer,Ho,United States,,VIP,www.microsoft.com,7579703,0,0
mnuun4tjj96me,Sharon,Harris,Cloud & Infrastructure,Attended,vf1k7jzqa1oxc,Cloudflare,US,sharon.harris@cloud.google.com,Senior Site Reliability Engineer,2,Cloud & Infrastructure,Cloudflare,US,,Sharon,Senior Site Reliability Engineer,Harris,United States,,,www.cloudflare.com,7326870,0,0
rci46ckxol6hz,Daniel,Kato,VC & Private Equity,Attended,vdwd5c75gieuu,Tiger Global,US,daniel.kato@tigerglobal.com,General Partner,3,VC & Private Equity,Tiger Global,US,,Daniel,General Partner,Kato,United States,,,www.tigerglobal.com,7115424,0,0
ktartw3fh72nm,Kento,Conti,VC & Private Equity,Attended,vce4pevh4qlce,Sequoia Capital,US,kento.conti@sequoiacap.com,Venture Associate,3,VC & Private Equity,Sequoia Capital,US,,Kento,Venture Associate,Conti,United States,,,www.sequoiacap.com,8659281,0,0
p3czbamd9tnxj,Nadia,Yoon,AI & Data,No show,vvih88suke8xo,H2O.ai,US,nadia.yoon@h2o.ai,Principal ML Engineer,0,AI & Data,H2O.ai,US,,Nadia,Principal ML Engineer,Yoon,United States,,,www.h2o.ai,8882167,0,0
11uh3dr99upsr,George,Zheng,VC & Private Equity,Attended,vgi9p8tfxsw3h,Andreessen Horowitz,US,george.zheng@a16z.com,Venture Associate,3,VC & Private Equity,Andreessen Horowitz,US,,George,Venture Associate,Zheng,United States,,,www.a16z.com,8776106,0,0
64os9gxcp8na1,Klaus,Srivastava,AI & Data,Attended,v64s6c6rb0fgy,Together AI,US,klaus.srivastava@together.ai,Research Scientist,2,AI & Data,Together AI,US,,Klaus,Research Scientist,Srivastava,United States,,,www.together.ai,7089815,0,0
owe0uufzqqa43,Maria,Murphy,IT Consulting & SI,No show,vp2m7270nvp8v,KPMG Advisory,NL,maria.murphy@kpmg.com,"Solution Architect, Digital",0,IT Consulting & SI,KPMG Advisory,NL,,Maria,"Solution Architect, Digital",Murphy,Netherlands,,,www.kpmg.com,7527389,0,0
szo61lqonewrx,Rohit,Tang,Enterprise Software,Attended,v4me6xkjupqvu,ServiceNow,US,rohit.tang@servicenow.com,Head of Growth,3,Enterprise Software,ServiceNow,US,,Rohit,Head of Growth,Tang,United States,,,www.servicenow.com,8101273,0,0
q8oejm9cuuq4y,Ingrid,Patel,Cybersecurity,No show,ve0wf3v47xol1,CyberArk,IL,ingrid.patel@cyberark.com,CISO,0,Cybersecurity,CyberArk,IL,,Ingrid,CISO,Patel,Israel,,,www.cyberark.com,7710177,0,0
as6gb3mwazv1h,Hye-Jin,Suzuki,Cloud & Infrastructure,Attended,vmjuh0r2e4ugd,Render,US,hyejin.suzuki@render.com,Senior Site Reliability Engineer,3,Cloud & Infrastructure,Render,US,,Hye-Jin,Senior Site Reliability Engineer,Suzuki,United States,,,www.render.com,8541309,0,0
98vw0q8cw8hyv,Miho,Cook,Enterprise Software,Attended,v1yk5nnrdbpzo,Oracle,US,miho.cook@oracle.com,Senior Product Manager,3,Enterprise Software,Oracle,US,,Miho,Senior Product Manager,Cook,United States,,,www.oracle.com,8657053,0,0
r80n18ms6806l,Jeffrey,Martin,Cybersecurity,Attended,v4ilih1vbi09v,Palo Alto Networks,US,jeffrey.martin@paloaltonetworks.com,CISO,4,Cybersecurity,Palo Alto Networks,US,,Jeffrey,CISO,Martin,United States,,,www.paloaltonetworks.com,8513014,0,0
n0s6wst0xo2de,Mei,Hidayat,Enterprise Software,Attended,v83quv5f3ficl,SAP,DE,mei.hidayat@workday.com,Senior Product Manager,4,Enterprise Software,SAP,DE,,Mei,Senior Product Manager,Hidayat,Germany,,,www.sap.com,8559654,0,0
jwu73365rd46w,Carmen,Adams,Enterprise Software,Attended,vkecbaots98iz,ServiceNow,US,carmen.adams@servicenow.com,Engineering Manager,3,Enterprise Software,ServiceNow,US,,Carmen,Engineering Manager,Adams,United States,,,www.servicenow.com,7636595,0,0
orl0yb9c55c5m,Melissa,Verma,Enterprise Software,Attended,vwbwacj28msab,HubSpot,US,melissa.verma@hubspot.com,Head of Growth,3,Enterprise Software,HubSpot,US,,Melissa,Head of Growth,Verma,United States,,,www.hubspot.com,8532201,0,0
dkiv1zg886b0f,Melissa,Rodriguez,AI & Data,Attended,v4fbvod71pukc,Cohere,CA,melissa.rodriguez@cohere.com,Applied Research Scientist,4,AI & Data,Cohere,CA,,Melissa,Applied Research Scientist,Rodriguez,Canada,,,www.cohere.com,7791985,0,0
mqadsbrmk4af0,Henrik,Walker,Cloud & Infrastructure,No show,v77gy3fy4g207,Supabase,US,henrik.walker@supabase.com,VP of Engineering,0,Cloud & Infrastructure,Supabase,US,,Henrik,VP of Engineering,Walker,United States,,,www.supabase.com,7820358,0,0
kw48hmknu0ztu,Mateus,Goh,AI & Data,Attended,vg8vq5gxqofsz,Scale AI,US,mateus.goh@scale.com,VP of Data & Analytics,2,AI & Data,Scale AI,US,,Mateus,VP of Data & Analytics,Goh,United States,,,www.scale.com,7887984,0,0
317gg6ceq2oo5,Richard,Torres,AI & Data,Attended,vnu9qrkd0lkd9,Cohere,CA,richard.torres@cohere.com,Head of Data Science,4,AI & Data,Cohere,CA,,Richard,Head of Data Science,Torres,Canada,,,www.cohere.com,8905646,0,0
jvyprplqyspr3,Paul,Martinez,Cybersecurity,Attended,vtepghu7nxnw3,Wiz,US,paul.martinez@wiz.io,CISO,4,Cybersecurity,Wiz,US,,Paul,CISO,Martinez,United States,,,www.wiz.io,7131336,0,0
727trvjqzpljc,Yan,Costa,Cybersecurity,No show,vmvybygmgiekj,Palo Alto Networks,US,yan.costa@paloaltonetworks.com,Senior Security Engineer,0,Cybersecurity,Palo Alto Networks,US,,Yan,Senior Security Engineer,Costa,United States,,,www.paloaltonetworks.com,7391136,0,0
cowkao3fq7anz,Luca,Perez,AI & Data,Attended,vwxgd4puh8ws1,LangChain,US,luca.perez@langchain.com,Data Engineer,2,AI & Data,LangChain,US,,Luca,Data Engineer,Perez,United States,,,www.langchain.com,8432622,0,0
1zng13wy61fiv,Dewi,Gray,IT Consulting & SI,Attended,vocn8ds7kvk1x,HCL Technologies,IN,dewi.gray@hcltech.com,Data & AI Practice Lead,1,IT Consulting & SI,HCL Technologies,IN,,Dewi,Data & AI Practice Lead,Gray,India,,,www.hcltech.com,7208113,0,0
0ajbv6jnsczkm,Miguel,Hidayat,Speaker,Attended,v9x9e82i5x65u,ETH Zurich,CH,miguel.hidayat@ethz.ch,Professor of Computer Science,1,Speaker,ETH Zurich,CH,,Miguel,Professor of Computer Science,Hidayat,Switzerland,,Speaker,www.ethz.ch,7001592,0,0
9wht04m1mx46a,Camila,Hansen,Hardware & Semiconductors,Attended,vtntkr3y5fvc4,Intel,US,camila.hansen@intel.com,AI Hardware Architect,3,Hardware & Semiconductors,Intel,US,,Camila,AI Hardware Architect,Hansen,United States,,,www.intel.com,7904981,0,0
iaru4hs7xm7id,Shan,Scott,Dev Tools & Platforms,Attended,vp5srk6m8r8dw,Postman,US,shan.scott@mulesoft.com,VP of Developer Experience,3,Dev Tools & Platforms,Postman,US,,Shan,VP of Developer Experience,Scott,United States,,,www.postman.com,8539955,0,0
0qggbukcnydi9,Helen,Hassan,Enterprise Software,Attended,vwmtttqwh40w6,HubSpot,US,helen.hassan@hubspot.com,Customer Success Manager,4,Enterprise Software,HubSpot,US,,Helen,Customer Success Manager,Hassan,United States,,,www.hubspot.com,8120894,0,0
li1n2ycszhzue,Klaus,Collins,Staff,Attended,vjep5kupfkqwd,TechForward Organising Committee,SG,klaus.collins@techforwardsummit.com,Technical Support Specialist,3,Staff,TechForward Organising Committee,SG,,Klaus,Technical Support Specialist,Collins,Singapore,,,www.techforwardsummit.com,7063064,0,0
rd1i3ggl0xtir,Luca,Davis,Dev Tools & Platforms,No show,v26xf9zjbmern,GitHub,US,luca.davis@github.com,Head of Developer Relations,0,Dev Tools & Platforms,GitHub,US,,Luca,Head of Developer Relations,Davis,United States,,,www.github.com,7944697,0,0
2kr4wg7s7dxd9,Mei,Torres,IT Consulting & SI,Attended,vqdakg8rhclq9,Thoughtworks,US,mei.torres@thoughtworks.com,Director of Technology,3,IT Consulting & SI,Thoughtworks,US,,Mei,Director of Technology,Torres,United States,,,www.thoughtworks.com,8828183,0,0
g6mlid37062tl,Hong,Wright,IT Consulting & SI,Attended,v3lf3v2a830bf,Thoughtworks,US,hong.wright@thoughtworks.com,Data & AI Practice Lead,3,IT Consulting & SI,Thoughtworks,US,,Hong,Data & AI Practice Lead,Wright,United States,,,www.thoughtworks.com,7452050,0,0
2cp0yq18g75e0,Elizabeth,Sim,Dev Tools & Platforms,Attended,v6qwft52mfx1l,PagerDuty,US,elizabeth.sim@pagerduty.com,Community Manager,2,Dev Tools & Platforms,PagerDuty,US,,Elizabeth,Community Manager,Sim,United States,,,www.pagerduty.com,8503431,0,0
gq9mlpnuuzz3h,Juan,Koh,Enterprise Software,No show,v3nn6b09xx0bj,Adobe,US,juan.koh@adobe.com,Engineering Manager,0,Enterprise Software,Adobe,US,,Juan,Engineering Manager,Koh,United States,,,www.adobe.com,7924036,0,0
505xf36l3exts,Carol,Pandey,Enterprise Software,Attended,v6y3c1hd9n1o5,Freshworks,IN,carol.pandey@freshworks.com,"Account Executive, Enterprise",3,Enterprise Software,Freshworks,IN,,Carol,"Account Executive, Enterprise",Pandey,India,,,www.freshworks.com,7993258,0,0
b42wqk2om9bkw,Rohit,Adams,Cybersecurity,Attended,vj11vv4o94d45,Tenable,US,rohit.adams@tenable.com,SOC Analyst,3,Cybersecurity,Tenable,US,,Rohit,SOC Analyst,Adams,United States,,,www.tenable.com,8324834,0,0
hqw69xh5zp9mf,Fang,Verma,Enterprise Software,Attended,v5pm7wn8w9mwt,Microsoft,US,fang.verma@microsoft.com,Engineering Manager,3,Enterprise Software,Microsoft,US,,Fang,Engineering Manager,Verma,United States,,,www.microsoft.com,7354444,0,0
recdhzv2gwufq,Philippe,Taylor,Enterprise Software,Attended,vg316ts15nw3a,ServiceNow,US,philippe.taylor@servicenow.com,Chief Product Officer,2,Enterprise Software,ServiceNow,US,,Philippe,Chief Product Officer,Taylor,United States,,,www.servicenow.com,8529848,0,0
1xbdyqixycgu3,Hao,Silva,Dev Tools & Platforms,No show,vi2sk9zyerepr,JFrog,US,hao.silva@jfrog.com,Community Manager,0,Dev Tools & Platforms,JFrog,US,,Hao,Community Manager,Silva,United States,,,www.jfrog.com,8617000,0,0
7m1smsmm4pvm4,Seo-Yeon,Kobayashi,Hardware & Semiconductors,Attended,vx0vvw8x11phh,AMD,US,seoyeon.kobayashi@amd.com,Principal VLSI Engineer,3,Hardware & Semiconductors,AMD,US,,Seo-Yeon,Principal VLSI Engineer,Kobayashi,United States,,,www.amd.com,8599724,0,0
ck1div8u36ktu,Nancy,Davis,Dev Tools & Platforms,Attended,vzh06dimqz300,GitHub,US,nancy.davis@github.com,Staff Software Engineer,2,Dev Tools & Platforms,GitHub,US,,Nancy,Staff Software Engineer,Davis,United States,,,www.github.com,8289875,0,0
1ccx4o1ccy105,Fatimah,Pham,Enterprise Software,Attended,vxur7hal7ngti,Workday,US,fatimah.pham@workday.com,"Account Executive, Enterprise",2,Enterprise Software,Workday,US,,Fatimah,"Account Executive, Enterprise",Pham,United States,,,www.workday.com,8247826,0,0
tzu9qegu5rbv6,Ping,Reed,AI & Data,Attended,vi2x4o5dbgjpq,Hugging Face,US,ping.reed@huggingface.co,Senior Data Scientist,3,AI & Data,Hugging Face,US,,Ping,Senior Data Scientist,Reed,United States,,,www.huggingface.co,7006253,0,0
yf7qtz1ruy5r8,Swati,Agarwal,Enterprise Software,Attended,vt9450xpoi73t,Salesforce,US,swati.agarwal@salesforce.com,Solutions Engineer,4,Enterprise Software,Salesforce,US,,Swati,Solutions Engineer,Agarwal,United States,,,www.salesforce.com,7417452,0,0
3s63lc6p0drqf,Sandra,Rivera,Enterprise Software,Attended,vvfa5qub00mf9,Box,US,sandra.rivera@box.com,Senior Product Manager,4,Enterprise Software,Box,US,,Sandra,Senior Product Manager,Rivera,United States,,,www.box.com,7121991,0,0
2ifr8h6oww2r8,Nadia,Cooper,IT Consulting & SI,Attended,v3qsynuo9rt4y,IBM Consulting,US,nadia.cooper@ibm.com,Managing Consultant,3,IT Consulting & SI,IBM Consulting,US,,Nadia,Managing Consultant,Cooper,United States,,,www.ibm.com,8807284,0,0
yzfpgwv5zkni6,Miho,Loh,IT Consulting & SI,Attended,vkkqvgxo234w4,BCG X,US,miho.loh@bcg.com,Data & AI Practice Lead,3,IT Consulting & SI,BCG X,US,,Miho,Data & AI Practice Lead,Loh,United States,,,www.bcg.com,8854130,0,0
2oofptfwvvqzs,Walter,Xie,Enterprise Software,Attended,vxk22py34xx4t,Freshworks,IN,walter.xie@freshworks.com,"Account Executive, Enterprise",4,Enterprise Software,Freshworks,IN,,Walter,"Account Executive, Enterprise",Xie,India,,,www.freshworks.com,8795262,0,0
0pfftzq7ncr26,Daiki,Sharma,Hardware & Semiconductors,Attended,vuu6dfditnkt5,SambaNova Systems,US,daiki.sharma@sambanova.ai,"VP of Product, Silicon",3,Hardware & Semiconductors,SambaNova Systems,US,,Daiki,"VP of Product, Silicon",Sharma,United States,,,www.sambanova.ai,7921782,0,0
k83gsgchyb7th,Hassan,Oh,Dev Tools & Platforms,Attended,v34cuysg61vh0,MuleSoft,US,hassan.oh@mulesoft.com,Staff Software Engineer,3,Dev Tools & Platforms,MuleSoft,US,,Hassan,Staff Software Engineer,Oh,United States,,,www.mulesoft.com,7390631,0,0
hl2yqnpn3vgi9,Laura,Petit,Dev Tools & Platforms,No show,vi7wa78v3c1ed,Postman,US,laura.petit@postman.com,VP of Developer Experience,0,Dev Tools & Platforms,Postman,US,,Laura,VP of Developer Experience,Petit,United States,,,www.postman.com,8923524,0,0
wj8dax158x3v3,Abena,Webb,AI & Data,Attended,vacshuge00fro,Scale AI,US,abena.webb@scale.com,Data Engineer,4,AI & Data,Scale AI,US,,Abena,Data Engineer,Webb,United States,,,www.scale.com,7207597,0,0
tglnss2pmiay8,Jae-Won,Dey,VC & Private Equity,Attended,vmlncgfqdpsy9,Andreessen Horowitz,US,jaewon.dey@a16z.com,Principal,2,VC & Private Equity,Andreessen Horowitz,US,,Jae-Won,Principal,Dey,United States,,,www.a16z.com,8752527,0,0
i88mmsxsn1qdy,Philip,Santos,Media/Press,Attended,vd7i0egb0kjtw,VentureBeat,US,philip.santos@venturebeat.com,Contributing Writer,4,Media/Press,VentureBeat,US,,Philip,Contributing Writer,Santos,United States,,,www.venturebeat.com,8457079,0,0
vnbz40ys1sbdx,Kavita,Iyer,Cybersecurity,Attended,vg97sjd2o655w,Rapid7,US,kavita.iyer@rapid7.com,CISO,3,Cybersecurity,Rapid7,US,,Kavita,CISO,Iyer,United States,,,www.rapid7.com,7398583,0,0
lestl7jmrevk3,Maria,Turner,VC & Private Equity,Attended,vstrrfvsxcvn6,SoftBank Vision Fund,JP,maria.turner@softbank.com,Venture Associate,3,VC & Private Equity,SoftBank Vision Fund,JP,,Maria,Venture Associate,Turner,Japan,,,www.softbank.com,8340549,0,0
3y15caeelsx52,Akiko,Smith,Dev Tools & Platforms,Attended,vgwa654nvguw6,LaunchDarkly,US,akiko.smith@launchdarkly.com,Developer Advocate,3,Dev Tools & Platforms,LaunchDarkly,US,,Akiko,Developer Advocate,Smith,United States,,,www.launchdarkly.com,8888524,0,0
v7a3b0c5u8yl9,Eric,Ramirez,Hardware & Semiconductors,Attended,vippd7100yohu,Groq,US,eric.ramirez@groq.com,AI Hardware Architect,3,Hardware & Semiconductors,Groq,US,,Eric,AI Hardware Architect,Ramirez,United States,,,www.groq.com,8514941,0,0
jbhlvoqdxfh52,Sarah,He,Cloud & Infrastructure,No show,v86ghznzev872,Amazon Web Services,US,sarah.he@aws.amazon.com,Chief Technology Officer,0,Cloud & Infrastructure,Amazon Web Services,US,,Sarah,Chief Technology Officer,He,United States,,,www.aws.amazon.com,7115134,0,0
uh08lv63n79ii,Patrick,Ho,AI & Data,Attended,v670njegohmpr,Weaviate,NL,patrick.ho@weaviate.io,Chief AI Officer,3,AI & Data,Weaviate,NL,,Patrick,Chief AI Officer,Ho,Netherlands,,,www.weaviate.io,8574486,0,0
lx89j8e69b0vk,Daiki,Han,IT Consulting & SI,Attended,v8f3xuvag2f14,TCS,IN,daiki.han@tcs.com,Technology Consultant,4,IT Consulting & SI,TCS,IN,,Daiki,Technology Consultant,Han,India,,,www.tcs.com,7531855,0,0
58kzx7o2udtxc,Babatunde,Campbell,IT Consulting & SI,Attended,vy1r4rj9ulzwo,NTT Data,JP,babatunde.campbell@nttdata.com,Cloud Migration Specialist,2,IT Consulting & SI,NTT Data,JP,,Babatunde,Cloud Migration Specialist,Campbell,Japan,,,www.nttdata.com,8286311,0,0
rb9vdx0bnh36w,Sarah,Becker,Cybersecurity,No show,ve7gj81dl87xp,Zscaler,US,sarah.becker@zscaler.com,SOC Analyst,0,Cybersecurity,Zscaler,US,,Sarah,SOC Analyst,Becker,United States,,,www.zscaler.com,8267442,0,0
gw8p3t53xr9d1,Rebecca,Mishra,Dev Tools & Platforms,Attended,v29kz24i11qjd,Temporal,US,rebecca.mishra@temporal.io,Staff Software Engineer,2,Dev Tools & Platforms,Temporal,US,,Rebecca,Staff Software Engineer,Mishra,United States,,,www.temporal.io,7830565,0,0
agxkk36qsttgi,Hong,Huang,IT Consulting & SI,Attended,vqt67f2heqy8l,Accenture,IE,hong.huang@accenture.com,Senior Technology Consultant,4,IT Consulting & SI,Accenture,IE,,Hong,Senior Technology Consultant,Huang,Ireland,,,www.accenture.com,8280124,0,0
l0bzipl3xt8s7,Christine,Davis,VC & Private Equity,No show,vi5lgo9tntyes,Bessemer Venture Partners,US,christine.davis@bvp.com,Principal,0,VC & Private Equity,Bessemer Venture Partners,US,,Christine,Principal,Davis,United States,,,www.bvp.com,8709207,0,0
z4xg8i41rva7m,Hans,Wright,Cloud & Infrastructure,Attended,vudencrtplyw0,Datadog,US,hans.wright@datadoghq.com,Staff Infrastructure Engineer,2,Cloud & Infrastructure,Datadog,US,,Hans,Staff Infrastructure Engineer,Wright,United States,,,www.datadoghq.com,7875213,0,0
28mdvwwfcce9f,Arthur,Pandey,IT Consulting & SI,Attended,v1a2wyhb3pjb8,IBM Consulting,US,arthur.pandey@ibm.com,Director of Technology,4,IT Consulting & SI,IBM Consulting,US,,Arthur,Director of Technology,Pandey,United States,,,www.ibm.com,7333497,0,0
lw468wznjnsqi,Marco,Conti,Enterprise Software,Attended,v1v2uxssl7fgf,Salesforce,US,marco.conti@salesforce.com,Staff Software Engineer,3,Enterprise Software,Salesforce,US,,Marco,Staff Software Engineer,Conti,United States,,,www.salesforce.com,8741913,0,0
718fvx9pd327k,Lars,Torres,IT Consulting & SI,No show,vjo7rjtmg6t7c,Slalom,US,lars.torres@slalom.com,Managing Consultant,0,IT Consulting & SI,Slalom,US,,Lars,Managing Consultant,Torres,United States,,,www.slalom.com,7083656,0,0
ognjgabh2cbvk,Deepak,Goh,Cloud & Infrastructure,No show,vhv09amptofuo,Elastic,NL,deepak.goh@elastic.co,DevOps Engineer,0,Cloud & Infrastructure,Elastic,NL,,Deepak,DevOps Engineer,Goh,Netherlands,,,www.elastic.co,7640493,0,0
ywcybo1y97jyl,Seo-Yeon,Iyer,IT Consulting & SI,Attended,vaqs4fusnzdwp,Deloitte Technology,US,seoyeon.iyer@deloitte.com,Senior Technology Consultant,3,IT Consulting & SI,Deloitte Technology,US,,Seo-Yeon,Senior Technology Consultant,Iyer,United States,,,www.deloitte.com,7821141,0,0
da171qlqnm6xv,Carmen,Wagner,Cloud & Infrastructure,Attended,v9apgi32o4h1i,DigitalOcean,US,carmen.wagner@digitalocean.com,Cloud Architect,2,Cloud & Infrastructure,DigitalOcean,US,,Carmen,Cloud Architect,Wagner,United States,,,www.digitalocean.com,8803855,0,0
wqnv53iw5lv0k,Kwame,Parker,IT Consulting & SI,No show,vrvc931zvw07t,LTIMindtree,IN,kwame.parker@ltimindtree.com,Senior Technology Consultant,0,IT Consulting & SI,LTIMindtree,IN,,Kwame,Senior Technology Consultant,Parker,India,,,www.ltimindtree.com,7216897,0,0
ndrkvtuo155dt,David,Nelson,Enterprise Software,Attended,vvccs4v6305sx,Workday,US,david.nelson@workday.com,Staff Software Engineer,2,Enterprise Software,Workday,US,,David,Staff Software Engineer,Nelson,United States,,,www.workday.com,7818048,0,0
5ecc7jbs8vmwm,Charlotte,Zeng,Enterprise Software,Attended,vfkyof4rpl1i8,Sprinklr,US,charlotte.zeng@sprinklr.com,VP of Sales,1,Enterprise Software,Sprinklr,US,,Charlotte,VP of Sales,Zeng,United States,,,www.sprinklr.com,8562232,0,0
dobc5vlhag1t6,Neha,Wong,Dev Tools & Platforms,Attended,vhiboy7rryvor,GitHub,US,neha.wong@github.com,Developer Success Manager,2,Dev Tools & Platforms,GitHub,US,,Neha,Developer Success Manager,Wong,United States,,,www.github.com,7882293,0,0
w1kazv6wna30k,Kavita,Ward,VC & Private Equity,Attended,vk9jgeilozev9,SoftBank Vision Fund,JP,kavita.ward@softbank.com,Partner,2,VC & Private Equity,SoftBank Vision Fund,JP,,Kavita,Partner,Ward,Japan,,,www.softbank.com,7685113,0,0
qxddl9u16kq8n,Steven,Brown,IT Consulting & SI,Attended,v3qdm2kon8u3h,BCG X,US,steven.brown@bcg.com,Data & AI Practice Lead,4,IT Consulting & SI,BCG X,US,,Steven,Data & AI Practice Lead,Brown,United States,,,www.bcg.com,8866483,0,0
tkfdbm1sw42ka,Mateus,Esposito,AI & Data,Attended,vm6whwop7lenb,Hugging Face,US,mateus.esposito@huggingface.co,Senior Data Scientist,4,AI & Data,Hugging Face,US,,Mateus,Senior Data Scientist,Esposito,United States,,,www.huggingface.co,8796996,0,0
6f83e822l8uzl,Alexander,Turner,Enterprise Software,Attended,vn25dx2jas0s3,SAP,DE,alexander.turner@sap.com,Staff Software Engineer,3,Enterprise Software,SAP,DE,,Alexander,Staff Software Engineer,Turner,Germany,,,www.sap.com,7549346,0,0
n01sfy4dkv781,Ping,Clark,Enterprise Software,Attended,vxxwsi1coxpy5,monday.com,IL,ping.clark@monday.com,Senior Product Manager,2,Enterprise Software,monday.com,IL,,Ping,Senior Product Manager,Clark,Israel,,,www.monday.com,8719076,0,0
oh5ri7b0jdy3f,Jason,Das,Cloud & Infrastructure,Attended,vkxn0396w32va,Google Cloud,US,jason.das@cloud.google.com,Platform Engineer,2,Cloud & Infrastructure,Google Cloud,US,,Jason,Platform Engineer,Das,United States,,,www.cloud.google.com,7198966,0,0
kyckn6dyldeco,Jean,Morgan,VC & Private Equity,Attended,v8vxf82g7cw0u,Accel,US,jean.morgan@accel.com,Venture Associate,4,VC & Private Equity,Accel,US,,Jean,Venture Associate,Morgan,United States,,,www.accel.com,8262087,0,0
3v7g5dwv654v4,Ji-Won,Ng,Cloud & Infrastructure,Attended,v3rd16nj1z820,Cloudflare,US,jiwon.ng@cloudflare.com,DevOps Engineer,4,Cloud & Infrastructure,Cloudflare,US,,Ji-Won,DevOps Engineer,Ng,United States,,,www.cloudflare.com,8002807,0,0
xgzb3rimqwf7i,Emma,Cao,Enterprise Software,Attended,vb94su3coj295,Salesforce,US,emma.cao@salesforce.com,Staff Software Engineer,3,Enterprise Software,Salesforce,US,,Emma,Staff Software Engineer,Cao,United States,,,www.salesforce.com,7359068,0,0
j0rocmqxtjbld,Nancy,Gonzalez,Dev Tools & Platforms,Attended,vwv7naqgu5io8,GitHub,US,nancy.gonzalez@github.com,Senior Developer Advocate,3,Dev Tools & Platforms,GitHub,US,,Nancy,Senior Developer Advocate,Gonzalez,United States,,,www.github.com,7305630,0,0
pmib2i98nkhdl,Margaret,Rahman,Cybersecurity,No show,vszatdfnmdlsx,Okta,US,margaret.rahman@okta.com,Senior Security Engineer,0,Cybersecurity,Okta,US,,Margaret,Senior Security Engineer,Rahman,United States,,,www.okta.com,7947857,0,0
1lvzfaa2i477p,Dennis,Parker,Dev Tools & Platforms,Attended,vkbrfbfl0v8hs,GitLab,US,dennis.parker@gitlab.com,Staff Software Engineer,4,Dev Tools & Platforms,GitLab,US,,Dennis,Staff Software Engineer,Parker,United States,,,www.gitlab.com,8354202,0,0
aayfainawoppb,Kavita,Han,Cloud & Infrastructure,Attended,v7v5g2l3aj87w,Cloudflare,US,kavita.han@cloudflare.com,Head of Developer Relations,3,Cloud & Infrastructure,Cloudflare,US,,Kavita,Head of Developer Relations,Han,United States,,,www.cloudflare.com,8612570,0,0
zkg84ynerv8jh,Walter,Xu,Speaker,Attended,ve9fi3m5rpbla,Stanford School of Engineering,US,walter.xu@stanford.edu,Distinguished Engineer,3,Speaker,Stanford School of Engineering,US,,Walter,Distinguished Engineer,Xu,United States,,Speaker,www.stanford.edu,8467425,0,0
2qpytoy7wpg8e,Margaret,Iyer,Cloud & Infrastructure,No show,v5k1r2td8y6c0,Google Cloud,US,margaret.iyer@cloud.google.com,Platform Engineer,0,Cloud & Infrastructure,Google Cloud,US,,Margaret,Platform Engineer,Iyer,United States,,,www.cloud.google.com,8977584,0,0
cml8804fi3d7j,Naomi,Campbell,Cloud & Infrastructure,Attended,vi6i8e8qkxkiz,HashiCorp,US,naomi.campbell@hashicorp.com,Cloud Architect,3,Cloud & Infrastructure,HashiCorp,US,,Naomi,Cloud Architect,Campbell,United States,,,www.hashicorp.com,8159235,0,0
y4i11de1yu96a,Edward,Silva,Enterprise Software,No show,vg0slzob36a7t,Microsoft,US,edward.silva@microsoft.com,Senior Product Manager,0,Enterprise Software,Microsoft,US,,Edward,Senior Product Manager,Silva,United States,,,www.microsoft.com,8189778,0,0
lmtf8hb3kompo,Emma,Flores,IT Consulting & SI,Attended,v0n1dj6yi7jlr,Deloitte Technology,US,emma.flores@deloitte.com,"Partner, Technology Practice",3,IT Consulting & SI,Deloitte Technology,US,,Emma,"Partner, Technology Practice",Flores,United States,,,www.deloitte.com,7943161,0,0
tl5akoefjoknp,Takashi,Zeng,IT Consulting & SI,Attended,vhn1o9t1hw235,TCS,IN,takashi.zeng@tcs.com,Director of Technology,3,IT Consulting & SI,TCS,IN,,Takashi,Director of Technology,Zeng,India,,,www.tcs.com,8700354,0,0
75uhna27yoenp,Henrik,Joshi,Enterprise Software,Attended,vx995405tqsyq,Salesforce,US,henrik.joshi@salesforce.com,Chief Technology Officer,3,Enterprise Software,Salesforce,US,,Henrik,Chief Technology Officer,Joshi,United States,,,www.salesforce.com,7785797,0,0
h9mho6t2tkxz0,Lucia,Santos,IT Consulting & SI,Attended,vrw9dklwazjwp,PwC Advisory,GB,lucia.santos@pwc.com,Technology Consultant,4,IT Consulting & SI,PwC Advisory,GB,,Lucia,Technology Consultant,Santos,United Kingdom,,,www.pwc.com,8900013,0,0
a3wg1i77gnh3i,Ingrid,Anderson,Hardware & Semiconductors,No show,v0d7u2b1ts46t,AMD,US,ingrid.anderson@amd.com,"Research Scientist, Silicon",0,Hardware & Semiconductors,AMD,US,,Ingrid,"Research Scientist, Silicon",Anderson,United States,,,www.amd.com,8594950,0,0
tijarta4pn9a7,Emma,Romano,Cybersecurity,Attended,vb726ew7lrkht,SentinelOne,US,emma.romano@sentinelone.com,Head of Information Security,2,Cybersecurity,SentinelOne,US,,Emma,Head of Information Security,Romano,United States,,,www.sentinelone.com,7269431,0,0
pla10ib26pzez,Noah,Trivedi,Cybersecurity,Attended,vw5448m46h4ah,CrowdStrike,US,noah.trivedi@crowdstrike.com,SOC Analyst,3,Cybersecurity,CrowdStrike,US,,Noah,SOC Analyst,Trivedi,United States,,,www.crowdstrike.com,8772522,0,0
pbq7ea3mfk5a3,Nurul,Ward,IT Consulting & SI,No show,v8eq4cyyf66x7,PwC Advisory,GB,nurul.ward@pwc.com,Senior Technology Consultant,0,IT Consulting & SI,PwC Advisory,GB,,Nurul,Senior Technology Consultant,Ward,United Kingdom,,,www.pwc.com,8442051,0,0
dver0drxdnopi,Robert,Allen,Cloud & Infrastructure,Attended,vbbjyxr1qnjni,Fastly,US,robert.allen@fastly.com,Principal Solutions Architect,4,Cloud & Infrastructure,Fastly,US,,Robert,Principal Solutions Architect,Allen,United States,,,www.fastly.com,7617889,0,0
s2qkbf51xfa2g,Nora,Tran,VC & Private Equity,Attended,v0e7h4nei1wx9,GGV Capital,US,nora.tran@ggvc.com,Venture Associate,2,VC & Private Equity,GGV Capital,US,,Nora,Venture Associate,Tran,United States,,,www.ggvc.com,7846331,0,0
td27zvdin7fm1,Lars,Wong,Enterprise Software,Attended,vsjx9a1prgdye,ServiceNow,US,lars.wong@servicenow.com,Solutions Architect,3,Enterprise Software,ServiceNow,US,,Lars,Solutions Architect,Wong,United States,,,www.servicenow.com,7984539,0,0
qezqjpal1dsp7,Jun,Perez,IT Consulting & SI,Attended,viothieht1sem,Slalom,US,jun.perez@slalom.com,Senior Technology Consultant,4,IT Consulting & SI,Slalom,US,,Jun,Senior Technology Consultant,Perez,United States,,,www.slalom.com,8819625,0,0
wcjtac15di4yg,Takashi,Morris,Staff,Attended,ve3vjad3i2xfm,TechForward Organising Committee,SG,takashi.morris@techforwardsummit.com,Conference Coordinator,4,Staff,TechForward Organising Committee,SG,,Takashi,Conference Coordinator,Morris,Singapore,,,www.techforwardsummit.com,8392634,0,0
xjf251odwbwqt,Ryo,Jackson,Dev Tools & Platforms,Attended,vvlucdur9xssc,Sentry,US,ryo.jackson@sentry.io,Platform Product Manager,3,Dev Tools & Platforms,Sentry,US,,Ryo,Platform Product Manager,Jackson,United States,,,www.sentry.io,8238493,0,0
3mgvvls3gxk8k,Helen,Allen,IT Consulting & SI,Attended,v46qe0mcwwvd0,NTT Data,JP,helen.allen@nttdata.com,Associate Director,2,IT Consulting & SI,NTT Data,JP,,Helen,Associate Director,Allen,Japan,,,www.nttdata.com,7666068,0,0
kazjmwn2k83mn,Ama,Jones,AI & Data,Attended,va9tv4oepc8tz,LangChain,US,ama.jones@langchain.com,Research Scientist,4,AI & Data,LangChain,US,,Ama,Research Scientist,Jones,United States,,,www.langchain.com,7664098,0,0
lgsz2dcpganl8,Hiroshi,Rahman,Hardware & Semiconductors,Attended,v16lbuwchgtwy,SambaNova Systems,US,hiroshi.rahman@intel.com,AI Hardware Architect,2,Hardware & Semiconductors,SambaNova Systems,US,,Hiroshi,AI Hardware Architect,Rahman,United States,,,www.sambanova.ai,8869461,0,0
g7crrbihth24p,Riko,Silva,Enterprise Software,Attended,vqy03n6675tg9,ServiceNow,US,riko.silva@servicenow.com,Senior Solutions Engineer,2,Enterprise Software,ServiceNow,US,,Riko,Senior Solutions Engineer,Silva,United States,,,www.servicenow.com,7464265,0,0
cxu1cxx3lnc30,Isabelle,Sharma,Cloud & Infrastructure,Attended,v4nwf222gtlvu,Cloudflare,US,isabelle.sharma@cloudflare.com,Staff Infrastructure Engineer,2,Cloud & Infrastructure,Cloudflare,US,,Isabelle,Staff Infrastructure Engineer,Sharma,United States,,,www.cloudflare.com,8530184,0,0
i1mkslo87tqgd,Melissa,Morgan,VC & Private Equity,No show,vst7inudfz7on,Bessemer Venture Partners,US,melissa.morgan@bvp.com,Venture Associate,0,VC & Private Equity,Bessemer Venture Partners,US,,Melissa,Venture Associate,Morgan,United States,,,www.bvp.com,8667842,0,0
j5ta6uf6gk4p9,Sanjay,Leroy,Media/Press,Attended,vodzmpogo93kh,The Verge,US,sanjay.leroy@theverge.com,Senior Correspondent,4,Media/Press,The Verge,US,,Sanjay,Senior Correspondent,Leroy,United States,,,www.theverge.com,7670040,0,0
qxt7jo01f997e,Hui,Conti,Enterprise Software,Attended,vial2yv2s5991,Workday,US,hui.conti@workday.com,Senior Product Manager,3,Enterprise Software,Workday,US,,Hui,Senior Product Manager,Conti,United States,,,www.workday.com,7584758,0,0
rrris9eqpigjs,Dorothy,Conti,IT Consulting & SI,No show,v3za772f9s5r2,KPMG Advisory,NL,dorothy.conti@kpmg.com,"Solution Architect, Digital",0,IT Consulting & SI,KPMG Advisory,NL,,Dorothy,"Solution Architect, Digital",Conti,Netherlands,,,www.kpmg.com,7673459,0,0
se146oojjdp5j,Anita,Collins,Enterprise Software,No show,v7qmg1k4o27ev,Workday,US,anita.collins@workday.com,"Account Executive, Enterprise",0,Enterprise Software,Workday,US,,Anita,"Account Executive, Enterprise",Collins,United States,,,www.workday.com,8791586,0,0
dffe1oh6xm6aq,Nora,Nair,IT Consulting & SI,Attended,vwq4ms4h2pgxj,NTT Data,JP,nora.nair@nttdata.com,"Partner, Technology Practice",2,IT Consulting & SI,NTT Data,JP,,Nora,"Partner, Technology Practice",Nair,Japan,,,www.nttdata.com,8789495,0,0
hd1yujedodwh7,Jessica,Gao,Enterprise Software,Attended,vhg4p93nyh90e,SAP,DE,jessica.gao@sap.com,Engineering Manager,3,Enterprise Software,SAP,DE,,Jessica,Engineering Manager,Gao,Germany,,,www.sap.com,8451367,0,0
ea1ervtfqdulz,Daiki,Hill,AI & Data,No show,v44hbr4rbcsc8,Weaviate,NL,daiki.hill@weaviate.io,AI/ML Platform Lead,0,AI & Data,Weaviate,NL,,Daiki,AI/ML Platform Lead,Hill,Netherlands,,,www.weaviate.io,7536200,0,0
6qdcv2iyq9gnt,Chloe,Baker,Cloud & Infrastructure,Attended,vdwhmbun6xbel,Fastly,US,chloe.baker@fastly.com,Senior Site Reliability Engineer,3,Cloud & Infrastructure,Fastly,US,,Chloe,Senior Site Reliability Engineer,Baker,United States,,,www.fastly.com,7002109,0,0
o48dhcbzcxqud,Peter,Sun,IT Consulting & SI,Attended,v8m829a7zz99h,Slalom,US,peter.sun@hcltech.com,Technology Consultant,1,IT Consulting & SI,Slalom,US,,Peter,Technology Consultant,Sun,United States,,,www.slalom.com,8605903,0,0
v457gnvba43ij,Wolfgang,Ward,Dev Tools & Platforms,Attended,vwef7r1bllypg,PagerDuty,US,wolfgang.ward@pagerduty.com,Developer Advocate,3,Dev Tools & Platforms,PagerDuty,US,,Wolfgang,Developer Advocate,Ward,United States,,,www.pagerduty.com,8472185,0,0
nqiyftlxbwlwm,Brian,Khanna,IT Consulting & SI,No show,v5jlsbolqkixe,Capgemini,FR,brian.khanna@capgemini.com,Senior Technology Consultant,0,IT Consulting & SI,Capgemini,FR,,Brian,Senior Technology Consultant,Khanna,France,,,www.capgemini.com,8092758,0,0
ln55ej1yljzcc,Sofia,Zheng,VC & Private Equity,Attended,vwxxdw2mvhpl2,Insight Partners,US,sofia.zheng@insightpartners.com,Partner,3,VC & Private Equity,Insight Partners,US,,Sofia,Partner,Zheng,United States,,,www.insightpartners.com,7987047,0,0
t96j6vdcf33u6,Jacob,Zheng,AI & Data,Attended,v99vnppufu73u,DataRobot,US,jacob.zheng@datarobot.com,Research Scientist,3,AI & Data,DataRobot,US,,Jacob,Research Scientist,Zheng,United States,,,www.datarobot.com,7887934,0,0
n82ijw95mz08n,Dorothy,Evans,IT Consulting & SI,No show,v0xcs16ahanmv,HCL Technologies,IN,dorothy.evans@hcltech.com,Technology Consultant,0,IT Consulting & SI,HCL Technologies,IN,,Dorothy,Technology Consultant,Evans,India,,,www.hcltech.com,8229776,0,0
3f61py75weaje,Juan,Becker,Cybersecurity,Attended,vhfa6zy9nnzy7,CrowdStrike,US,juan.becker@crowdstrike.com,Security Architect,3,Cybersecurity,CrowdStrike,US,,Juan,Security Architect,Becker,United States,,,www.crowdstrike.com,7273426,0,0
hp36ky6ydybv3,Liang,Han,Cybersecurity,Attended,v3yw1v49tdyf1,SentinelOne,US,liang.han@sentinelone.com,SOC Analyst,2,Cybersecurity,SentinelOne,US,,Liang,SOC Analyst,Han,United States,,,www.sentinelone.com,8569707,0,0
1e0e8gmtexzwe,Jacob,Durand,Cloud & Infrastructure,No show,v0qdndb94ljq2,MongoDB,US,jacob.durand@mongodb.com,Senior Site Reliability Engineer,0,Cloud & Infrastructure,MongoDB,US,,Jacob,Senior Site Reliability Engineer,Durand,United States,,,www.mongodb.com,8096136,0,0
bkn8ye9pn93zg,Jun,Cox,Cybersecurity,No show,v9bekgi8d9l9x,Tenable,US,jun.cox@tenable.com,Head of Information Security,0,Cybersecurity,Tenable,US,,Jun,Head of Information Security,Cox,United States,,,www.tenable.com,7337216,0,0
zmqp7rxkzk4rq,Elena,Zhang,Media/Press,Attended,vjwojwf50sxku,Protocol,US,elena.zhang@protocol.com,"Editor, Technology",4,Media/Press,Protocol,US,,Elena,"Editor, Technology",Zhang,United States,,,www.protocol.com,8333524,0,0
u9dud85zyckew,Ying,Evans,Cybersecurity,Attended,vrw6mvn35iazp,CrowdStrike,US,ying.evans@crowdstrike.com,Director of Cybersecurity,3,Cybersecurity,CrowdStrike,US,,Ying,Director of Cybersecurity,Evans,United States,,,www.crowdstrike.com,7161111,0,0
ptmd4f9hg3sd2,Pooja,He,VC & Private Equity,No show,vgniib1b87t93,Sequoia Capital,US,pooja.he@sequoiacap.com,Venture Associate,0,VC & Private Equity,Sequoia Capital,US,,Pooja,Venture Associate,He,United States,,,www.sequoiacap.com,8726659,0,0
5ng2lryd88tap,Barbara,Srivastava,IT Consulting & SI,Attended,vuslmw6xg6oib,Wipro,IN,barbara.srivastava@wipro.com,Technology Consultant,3,IT Consulting & SI,Wipro,IN,,Barbara,Technology Consultant,Srivastava,India,,,www.wipro.com,7897978,0,0
5z85461bochtc,Hyun,Song,AI & Data,Attended,vx5rigo3hwpz6,DataRobot,US,hyun.song@datarobot.com,Principal ML Engineer,3,AI & Data,DataRobot,US,,Hyun,Principal ML Engineer,Song,United States,,,www.datarobot.com,7784840,0,0
m3420q235g0ah,Ahmad,Yap,Cybersecurity,Attended,vwtnu73yskhy6,Okta,US,ahmad.yap@okta.com,CISO,2,Cybersecurity,Okta,US,,Ahmad,CISO,Yap,United States,,,www.okta.com,7041166,0,0
okeihqj90zuce,Dennis,Evans,Enterprise Software,Attended,vd6ifjjfmj73l,Box,US,dennis.evans@box.com,Director of Engineering,4,Enterprise Software,Box,US,,Dennis,Director of Engineering,Evans,United States,,,www.box.com,8523493,0,0
6h282epcg6gz1,Arthur,Rossi,VC & Private Equity,Attended,v0vgp215krgt5,Accel,US,arthur.rossi@accel.com,Partner,4,VC & Private Equity,Accel,US,,Arthur,Partner,Rossi,United States,,,www.accel.com,8433693,0,0
48714nbi2rt8u,Thomas,Mehta,Cloud & Infrastructure,Attended,vkxt614ofn1bw,Cloudflare,US,thomas.mehta@cloudflare.com,Platform Engineer,4,Cloud & Infrastructure,Cloudflare,US,,Thomas,Platform Engineer,Mehta,United States,,,www.cloudflare.com,8542747,0,0
orexft0sazwvm,Melissa,Deng,Dev Tools & Platforms,No show,vpgzblj2np6i5,GitHub,US,melissa.deng@github.com,Developer Advocate,0,Dev Tools & Platforms,GitHub,US,,Melissa,Developer Advocate,Deng,United States,,,www.github.com,8040675,0,0
soxlopjljvnky,Riko,Joshi,Cloud & Infrastructure,Attended,vgo3u1xmm1bh3,Google Cloud,US,riko.joshi@cloud.google.com,Staff Infrastructure Engineer,2,Cloud & Infrastructure,Google Cloud,US,,Riko,Staff Infrastructure Engineer,Joshi,United States,,,www.cloud.google.com,8936015,0,0
n5xyod0r450f1,Lucia,Kobayashi,Cloud & Infrastructure,Attended,vdeu3db8acr2l,Google Cloud,US,lucia.kobayashi@cloud.google.com,Senior Site Reliability Engineer,3,Cloud & Infrastructure,Google Cloud,US,,Lucia,Senior Site Reliability Engineer,Kobayashi,United States,,,www.cloud.google.com,8927021,0,0
00jyj2dsaexmo,Hans,Kobayashi,Staff,Attended,vjd85dw1nn9f7,FieldDrive Events,BE,hans.kobayashi@fielddrive.com,Technical Support Specialist,2,Staff,FieldDrive Events,BE,,Hans,Technical Support Specialist,Kobayashi,Belgium,,,www.fielddrive.com,8716524,0,0
ogx49jmz43d3z,Yusuf,Pandey,VC & Private Equity,Attended,vb28mclice7w6,Bessemer Venture Partners,US,yusuf.pandey@bvp.com,Investment Director,3,VC & Private Equity,Bessemer Venture Partners,US,,Yusuf,Investment Director,Pandey,United States,,,www.bvp.com,7160203,0,0
yi02o0yleqdb2,Juan,Loh,Hardware & Semiconductors,Attended,vpc3q1d05aqrj,MediaTek,TW,juan.loh@mediatek.com,Chief Technology Officer,2,Hardware & Semiconductors,MediaTek,TW,,Juan,Chief Technology Officer,Loh,Taiwan,,,www.mediatek.com,8057777,0,0
hbicncujobxz8,Valentina,Bell,Staff,Attended,v043jjctcdjf2,TechForward Organising Committee,SG,valentina.bell@techforwardsummit.com,Event Operations Manager,3,Staff,TechForward Organising Committee,SG,,Valentina,Event Operations Manager,Bell,Singapore,,,www.techforwardsummit.com,8834110,0,0
tqkqakcir9f42,Amanda,Bailey,Cybersecurity,Attended,vj07ilbtl1i2x,Okta,US,amanda.bailey@okta.com,Threat Intelligence Analyst,4,Cybersecurity,Okta,US,,Amanda,Threat Intelligence Analyst,Bailey,United States,,,www.okta.com,8054249,0,0
oa9lcprpa18qt,Luca,Evans,Cybersecurity,Attended,vyw45kwiq7zfv,Okta,US,luca.evans@okta.com,Security Architect,3,Cybersecurity,Okta,US,,Luca,Security Architect,Evans,United States,,,www.okta.com,8675445,0,0
73n9f8xg6khad,Ali,Sato,Hardware & Semiconductors,Attended,vigsntwqvu9ou,Arm Holdings,GB,ali.sato@arm.com,Senior Chip Design Engineer,3,Hardware & Semiconductors,Arm Holdings,GB,,Ali,Senior Chip Design Engineer,Sato,United Kingdom,,,www.arm.com,8029670,0,0
ktvmc6stlgylp,Marie,Guo,Cybersecurity,No show,vznffb0lj3qa8,Lacework,US,marie.guo@lacework.com,SOC Analyst,0,Cybersecurity,Lacework,US,,Marie,SOC Analyst,Guo,United States,,,www.lacework.com,8458711,0,0
lxcy6fd627dtq,Jessica,Weber,IT Consulting & SI,Attended,v9ruj3np6w30y,Wipro,IN,jessica.weber@wipro.com,Technology Consultant,3,IT Consulting & SI,Wipro,IN,,Jessica,Technology Consultant,Weber,India,,,www.wipro.com,7988354,0,0
1m8eckc546rxo,Adam,Clarke,Cloud & Infrastructure,Attended,vz5cuwxg8tpn9,Google Cloud,US,adam.clarke@cloud.google.com,Senior Platform Engineer,4,Cloud & Infrastructure,Google Cloud,US,,Adam,Senior Platform Engineer,Clarke,United States,,,www.cloud.google.com,7301380,0,0
e1r1y9ccwe81o,Ahmed,Anderson,Media/Press,Attended,vblxbv36tomat,TechCrunch,US,ahmed.anderson@techcrunch.com,Contributing Writer,3,Media/Press,TechCrunch,US,,Ahmed,Contributing Writer,Anderson,United States,,,www.techcrunch.com,8476651,0,0
pe34jl7975vnf,Mark,Yap,Hardware & Semiconductors,Attended,vwyrl6637810o,SambaNova Systems,US,mark.yap@sambanova.ai,Director of Engineering,3,Hardware & Semiconductors,SambaNova Systems,US,,Mark,Director of Engineering,Yap,United States,,,www.sambanova.ai,7583233,0,0
my9hxb6byvsca,Maria,Oliveira,Enterprise Software,Attended,vff2x5y3k0s2d,ServiceNow,US,maria.oliveira@servicenow.com,Head of Growth,4,Enterprise Software,ServiceNow,US,,Maria,Head of Growth,Oliveira,United States,,,www.servicenow.com,7855686,0,0
3spsqeqt9oj4x,Henrik,Gao,Cybersecurity,No show,v9ov7ys1yzmzu,CrowdStrike,US,henrik.gao@crowdstrike.com,Security Architect,0,Cybersecurity,CrowdStrike,US,,Henrik,Security Architect,Gao,United States,,,www.crowdstrike.com,7672407,0,0
vxeusx4cqekiu,Catherine,Clark,IT Consulting & SI,Attended,v6bxhnztvb9wb,LTIMindtree,IN,catherine.clark@ltimindtree.com,Managing Consultant,3,IT Consulting & SI,LTIMindtree,IN,,Catherine,Managing Consultant,Clark,India,,,www.ltimindtree.com,7435569,0,0
l0uej8i7kteka,Khairul,Park,Staff,No show,vtk10pje7kf05,TechForward Organising Committee,SG,khairul.park@techforwardsummit.com,Conference Coordinator,0,Staff,TechForward Organising Committee,SG,,Khairul,Conference Coordinator,Park,Singapore,,,www.techforwardsummit.com,8169558,0,0
x95ojw9bfc0xe,Soo-Jin,Bell,Enterprise Software,Attended,vf6a9xcxbt6hm,Microsoft,US,soojin.bell@microsoft.com,Solutions Engineer,3,Enterprise Software,Microsoft,US,,Soo-Jin,Solutions Engineer,Bell,United States,,,www.microsoft.com,8091982,0,0
isn96ff30ap7d,Layla,Wang,IT Consulting & SI,Attended,vvuf7q2398nli,Wipro,IN,layla.wang@wipro.com,Senior Technology Consultant,3,IT Consulting & SI,Wipro,IN,,Layla,Senior Technology Consultant,Wang,India,,,www.wipro.com,7095636,0,0
6rcsv79fcdtxb,Fang,Oh,Enterprise Software,Attended,vb7n5wrk7rz6k,monday.com,IL,fang.oh@monday.com,"Account Executive, Enterprise",2,Enterprise Software,monday.com,IL,,Fang,"Account Executive, Enterprise",Oh,Israel,,,www.monday.com,7689041,0,0
vvklq0xjlar90,Sarah,Rodriguez,Staff,Attended,vescdcowdxcj1,FieldDrive Events,BE,sarah.rodriguez@fielddrive.com,Registration & Badging Lead,3,Staff,FieldDrive Events,BE,,Sarah,Registration & Badging Lead,Rodriguez,Belgium,,,www.fielddrive.com,8739087,0,0
m23rgucbfnxrl,Pablo,Trivedi,Cybersecurity,Attended,v47vz0paep3a8,Qualys,US,pablo.trivedi@qualys.com,Security Architect,3,Cybersecurity,Qualys,US,,Pablo,Security Architect,Trivedi,United States,,,www.qualys.com,7536788,0,0
6472476txuesb,Chloe,Weber,IT Consulting & SI,Attended,vfci5by2bxs8r,Thoughtworks,US,chloe.weber@thoughtworks.com,"Solution Architect, Digital",2,IT Consulting & SI,Thoughtworks,US,,Chloe,"Solution Architect, Digital",Weber,United States,,,www.thoughtworks.com,7783868,0,0
1hc93vwysaghw,Walter,King,IT Consulting & SI,No show,vlgqoym8bslt5,TCS,IN,walter.king@tcs.com,Managing Consultant,0,IT Consulting & SI,TCS,IN,,Walter,Managing Consultant,King,India,,,www.tcs.com,8481365,0,0
a1viq63f9hkjf,Nomsa,Xu,Media/Press,Attended,v0u2rup7fahia,TechCrunch,US,nomsa.xu@techcrunch.com,Tech Reporter,1,Media/Press,TechCrunch,US,,Nomsa,Tech Reporter,Xu,United States,,,www.techcrunch.com,7306786,0,0
8rt419fg4ubv9,Rahul,Bhatt,Cloud & Infrastructure,Attended,vtkrwqdyodux5,MongoDB,US,rahul.bhatt@mongodb.com,Staff Infrastructure Engineer,2,Cloud & Infrastructure,MongoDB,US,,Rahul,Staff Infrastructure Engineer,Bhatt,United States,,,www.mongodb.com,8609090,0,0
od8vu7jcsjpkb,Jennifer,Santoso,Hardware & Semiconductors,Attended,v4ppecpgnm6hx,Qualcomm,US,jennifer.santoso@qualcomm.com,Principal VLSI Engineer,2,Hardware & Semiconductors,Qualcomm,US,,Jennifer,Principal VLSI Engineer,Santoso,United States,,,www.qualcomm.com,7524237,0,0
i0e8n71xvr7je,Isabella,Hansen,Enterprise Software,Attended,vtelq6pmzdpga,Adobe,US,isabella.hansen@adobe.com,Senior Product Manager,2,Enterprise Software,Adobe,US,,Isabella,Senior Product Manager,Hansen,United States,,,www.adobe.com,7845260,0,0
0dsg62ngxcynl,Margaret,Kim,AI & Data,Attended,vaima57crcpj8,DataRobot,US,margaret.kim@datarobot.com,Data Engineer,3,AI & Data,DataRobot,US,,Margaret,Data Engineer,Kim,United States,,,www.datarobot.com,8117275,0,0
4xypphv9ob7nb,Catherine,Sim,Enterprise Software,Attended,vqw35f5sayrsz,Salesforce,US,catherine.sim@salesforce.com,Senior Product Manager,1,Enterprise Software,Salesforce,US,,Catherine,Senior Product Manager,Sim,United States,,,www.salesforce.com,8126143,0,0
m94qnt8nup782,Divya,Wilson,Enterprise Software,Attended,vmydp2nf1p6rd,Salesforce,US,divya.wilson@salesforce.com,VP of Engineering,3,Enterprise Software,Salesforce,US,,Divya,VP of Engineering,Wilson,United States,,,www.salesforce.com,8021204,0,0
kvcm2cd1w6rud,Aisha,Rodriguez,IT Consulting & SI,Attended,v5wc9f2tbw4py,Slalom,US,aisha.rodriguez@slalom.com,"Solution Architect, Digital",3,IT Consulting & SI,Slalom,US,,Aisha,"Solution Architect, Digital",Rodriguez,United States,,,www.slalom.com,7106536,0,0
4iedbtfdcdqvu,Philippe,Deng,IT Consulting & SI,Attended,vl7jmdxubc6a4,Cognizant,US,philippe.deng@cognizant.com,Cloud Migration Specialist,4,IT Consulting & SI,Cognizant,US,,Philippe,Cloud Migration Specialist,Deng,United States,,,www.cognizant.com,7445969,0,0
z9zw1z9yud2xd,Sara,He,Dev Tools & Platforms,No show,v3ttvgtekt3dh,GitLab,US,sara.he@gitlab.com,Head of Developer Relations,0,Dev Tools & Platforms,GitLab,US,,Sara,Head of Developer Relations,He,United States,,,www.gitlab.com,8845366,0,0
4rwb45d5kgf39,Paul,Iyer,Cloud & Infrastructure,Attended,vwf58yj9ohnjy,Amazon Web Services,US,paul.iyer@aws.amazon.com,Platform Engineer,3,Cloud & Infrastructure,Amazon Web Services,US,,Paul,Platform Engineer,Iyer,United States,,,www.aws.amazon.com,8366661,0,0
dxsoopi3gsbcm,Rania,Evans,Cloud & Infrastructure,No show,v0ngvqam9ye77,Vercel,US,rania.evans@vercel.com,Platform Engineer,0,Cloud & Infrastructure,Vercel,US,,Rania,Platform Engineer,Evans,United States,,,www.vercel.com,7762820,0,0
1fgmyqbrs3xs2,Pablo,Santoso,Dev Tools & Platforms,No show,vpji0159oaxta,Postman,US,pablo.santoso@postman.com,Head of Developer Relations,0,Dev Tools & Platforms,Postman,US,,Pablo,Head of Developer Relations,Santoso,United States,,,www.postman.com,7667767,0,0
ehhd8wxqbilvm,Christopher,Zhu,Enterprise Software,Attended,v4jbux476keoc,Sprinklr,US,christopher.zhu@sprinklr.com,Senior Product Manager,1,Enterprise Software,Sprinklr,US,,Christopher,Senior Product Manager,Zhu,United States,,,www.sprinklr.com,8663181,0,0
i7sufah4ba6vn,Rohit,Williams,Staff,Attended,vt6o4rslnmmwd,FieldDrive Events,BE,rohit.williams@fielddrive.com,Event Operations Manager,3,Staff,FieldDrive Events,BE,,Rohit,Event Operations Manager,Williams,Belgium,,,www.fielddrive.com,7156842,0,0
5665cp6xibz0n,Nancy,Allen,Cybersecurity,Attended,vd6r3bfkbffah,Okta,US,nancy.allen@okta.com,Security Architect,3,Cybersecurity,Okta,US,,Nancy,Security Architect,Allen,United States,,,www.okta.com,8633752,0,0
2eq8ao1wxlciu,Miho,Yap,IT Consulting & SI,Attended,v4bmrcotx8o7i,Deloitte Technology,US,miho.yap@deloitte.com,"Partner, Technology Practice",4,IT Consulting & SI,Deloitte Technology,US,,Miho,"Partner, Technology Practice",Yap,United States,,,www.deloitte.com,8425319,0,0
z7ry21g6yrgc5,John,Han,Hardware & Semiconductors,Attended,vfj2texqqgd5k,Groq,US,john.han@intel.com,Engineering Manager,2,Hardware & Semiconductors,Groq,US,,John,Engineering Manager,Han,United States,,,www.groq.com,8648547,0,0
3io4x85if62ru,Rahul,Zhu,AI & Data,Attended,ve6eu8ui3laqv,DataRobot,US,rahul.zhu@datarobot.com,Senior Data Scientist,4,AI & Data,DataRobot,US,,Rahul,Senior Data Scientist,Zhu,United States,,,www.datarobot.com,8061090,0,0
wwldt1sqxzggr,Gregory,Bhatt,Dev Tools & Platforms,No show,vqsllkryab120,GitLab,US,gregory.bhatt@gitlab.com,Staff Software Engineer,0,Dev Tools & Platforms,GitLab,US,,Gregory,Staff Software Engineer,Bhatt,United States,,,www.gitlab.com,8427637,0,0
sjrrw24ivsrlz,Noah,Ito,VC & Private Equity,Attended,vxww4hudsnj53,Tiger Global,US,noah.ito@tigerglobal.com,Venture Associate,3,VC & Private Equity,Tiger Global,US,,Noah,Venture Associate,Ito,United States,,,www.tigerglobal.com,8140254,0,0
xrqtwceecfvsj,Stephanie,Lim,Enterprise Software,No show,vw7tbddcmoq5p,Zendesk,US,stephanie.lim@zendesk.com,Chief Technology Officer,0,Enterprise Software,Zendesk,US,,Stephanie,Chief Technology Officer,Lim,United States,,,www.zendesk.com,8982700,0,0
cqqo7bgaxizle,Maria,Wang,Dev Tools & Platforms,Attended,vsemgblfjmzgw,JFrog,US,maria.wang@jfrog.com,Solutions Engineer,2,Dev Tools & Platforms,JFrog,US,,Maria,Solutions Engineer,Wang,United States,,,www.jfrog.com,7754201,0,0
i1ddm6tfns6uv,Neha,Rahman,Cybersecurity,Attended,v3fytem2f4onb,Orca Security,US,neha.rahman@orca.security,Security Architect,1,Cybersecurity,Orca Security,US,,Neha,Security Architect,Rahman,United States,,,www.orca.security,8567639,0,0
ya1hb1vbu6ijx,Mark,Oh,Enterprise Software,Attended,v4zbtr8syolyf,Atlassian,AU,mark.oh@atlassian.com,Staff Software Engineer,1,Enterprise Software,Atlassian,AU,,Mark,Staff Software Engineer,Oh,Australia,,,www.atlassian.com,7593837,0,0
7vzo05d8l8dj0,Wei,Thomas,VC & Private Equity,Attended,vek3lnkoh67p7,Andreessen Horowitz,US,wei.thomas@a16z.com,Principal,3,VC & Private Equity,Andreessen Horowitz,US,,Wei,Principal,Thomas,United States,,,www.a16z.com,8054535,0,0
jukq22ts2ow5l,Ping,Kapoor,IT Consulting & SI,Attended,v8cjenf0dezrh,Infosys,IN,ping.kapoor@infosys.com,VP of Digital Transformation,2,IT Consulting & SI,Infosys,IN,,Ping,VP of Digital Transformation,Kapoor,India,,,www.infosys.com,8205687,0,0
8ktzkxj5ggt8j,Sota,Toh,Cloud & Infrastructure,No show,v3ao8dz4zren3,Google Cloud,US,sota.toh@cloud.google.com,Senior Site Reliability Engineer,0,Cloud & Infrastructure,Google Cloud,US,,Sota,Senior Site Reliability Engineer,Toh,United States,,,www.cloud.google.com,8368925,0,0
xueez21p5bb46,Hans,Chua,Enterprise Software,Attended,vzmfehk3zypoo,Sprinklr,US,hans.chua@sprinklr.com,Senior Solutions Engineer,2,Enterprise Software,Sprinklr,US,,Hans,Senior Solutions Engineer,Chua,United States,,,www.sprinklr.com,8769382,0,0
yl0bu1iadyw8w,Meera,Kobayashi,IT Consulting & SI,Attended,vr4iji934qpvb,KPMG Advisory,NL,meera.kobayashi@kpmg.com,Technology Consultant,3,IT Consulting & SI,KPMG Advisory,NL,,Meera,Technology Consultant,Kobayashi,Netherlands,,,www.kpmg.com,7198824,0,0
vfujic51miquy,Ryan,Lin,Cybersecurity,Attended,v5ccbsyqyeffx,Orca Security,US,ryan.lin@orca.security,Security Consultant,3,Cybersecurity,Orca Security,US,,Ryan,Security Consultant,Lin,United States,,,www.orca.security,8323390,0,0
0ocgn7dpwb0bq,Edward,Zheng,Enterprise Software,Attended,v67ja322xwdb0,Freshworks,IN,edward.zheng@freshworks.com,Chief Technology Officer,1,Enterprise Software,Freshworks,IN,,Edward,Chief Technology Officer,Zheng,India,,,www.freshworks.com,7944287,0,0
2mg9qqxxaij5h,Fatimah,Morris,Dev Tools & Platforms,Attended,vratryrmf245y,LaunchDarkly,US,fatimah.morris@launchdarkly.com,Chief Revenue Officer,4,Dev Tools & Platforms,LaunchDarkly,US,,Fatimah,Chief Revenue Officer,Morris,United States,,,www.launchdarkly.com,8019827,0,0
9mwgjwch13tyg,Ahmed,Nakamura,Dev Tools & Platforms,Attended,vhekq8baozg6f,MuleSoft,US,ahmed.nakamura@mulesoft.com,Solutions Engineer,3,Dev Tools & Platforms,MuleSoft,US,,Ahmed,Solutions Engineer,Nakamura,United States,,,www.mulesoft.com,8524581,0,0
yx18d1spdkzw4,Nomsa,Robinson,AI & Data,Attended,vqvvk94cl4otg,Mistral AI,FR,nomsa.robinson@mistral.ai,Research Scientist,2,AI & Data,Mistral AI,FR,,Nomsa,Research Scientist,Robinson,France,,,www.mistral.ai,8481963,0,0
b1w1hgw5f6y1n,Kavita,Young,Cloud & Infrastructure,Attended,vm7935krnm7th,DigitalOcean,US,kavita.young@digitalocean.com,Platform Engineer,3,Cloud & Infrastructure,DigitalOcean,US,,Kavita,Platform Engineer,Young,United States,,,www.digitalocean.com,7744694,0,0
6kgjib8whfaho,Sara,Simon,Cloud & Infrastructure,Attended,vxjbv9m10favh,Elastic,NL,sara.simon@elastic.co,Cloud Architect,3,Cloud & Infrastructure,Elastic,NL,,Sara,Cloud Architect,Simon,Netherlands,,,www.elastic.co,7370122,0,0
l2tber5xej2vb,Mateus,Rahman,Enterprise Software,No show,vqkuw37j9ggfw,Workday,US,mateus.rahman@workday.com,Engineering Manager,0,Enterprise Software,Workday,US,,Mateus,Engineering Manager,Rahman,United States,,,www.workday.com,7210778,0,0
kyyt86r5kxsol,Kento,Evans,VIP,Attended,vvqbrw3g91hov,Salesforce,US,kento.evans@salesforce.com,Chief Product Officer,2,VIP,Salesforce,US,,Kento,Chief Product Officer,Evans,United States,,VIP,www.salesforce.com,7897101,0,0
un6xgytbghrox,Takashi,Lopez,Dev Tools & Platforms,Attended,vil6rsofrvaf6,JFrog,US,takashi.lopez@jfrog.com,Senior Developer Advocate,3,Dev Tools & Platforms,JFrog,US,,Takashi,Senior Developer Advocate,Lopez,United States,,,www.jfrog.com,8757214,0,0
9dj8d37iqqf6z,Yuki,Walker,Cybersecurity,Attended,v6b95wmgw2a8u,Palo Alto Networks,US,yuki.walker@paloaltonetworks.com,SOC Analyst,2,Cybersecurity,Palo Alto Networks,US,,Yuki,SOC Analyst,Walker,United States,,,www.paloaltonetworks.com,8423565,0,0
0e677mckum88b,Hans,Larsen,AI & Data,No show,vw69zmq9p7eqf,NVIDIA,US,hans.larsen@nvidia.com,Head of Data Science,0,AI & Data,NVIDIA,US,,Hans,Head of Data Science,Larsen,United States,,,www.nvidia.com,8079124,0,0
826asf3p96xjl,Hassan,Dey,Enterprise Software,Attended,vcvw20pyoa0y3,Microsoft,US,hassan.dey@microsoft.com,Customer Success Manager,4,Enterprise Software,Microsoft,US,,Hassan,Customer Success Manager,Dey,United States,,,www.microsoft.com,8313423,0,0
xdq5uyzni6bju,Omar,Laurent,Cloud & Infrastructure,Attended,v68osmjjx23lf,Snowflake,US,omar.laurent@snowflake.com,Cloud Architect,3,Cloud & Infrastructure,Snowflake,US,,Omar,Cloud Architect,Laurent,United States,,,www.snowflake.com,7746075,0,0
r24qhtljfedte,Layla,Pham,Enterprise Software,Attended,vetqp3pyocvvv,Salesforce,US,layla.pham@salesforce.com,Senior Product Manager,4,Enterprise Software,Salesforce,US,,Layla,Senior Product Manager,Pham,United States,,,www.salesforce.com,8761681,0,0
sm4nix4r5b92h,Babatunde,Scott,IT Consulting & SI,Attended,va6elouqx0mul,Deloitte Technology,US,babatunde.scott@deloitte.com,Senior Technology Consultant,3,IT Consulting & SI,Deloitte Technology,US,,Babatunde,Senior Technology Consultant,Scott,United States,,,www.deloitte.com,7498647,0,0
486ul6ulm1t6i,Ren,Banerjee,IT Consulting & SI,Attended,v8uxk02ra81rx,Deloitte Technology,US,ren.banerjee@deloitte.com,Senior Technology Consultant,3,IT Consulting & SI,Deloitte Technology,US,,Ren,Senior Technology Consultant,Banerjee,United States,,,www.deloitte.com,8307590,0,0
49v7jnr0drvcn,Wolfgang,Edwards,Enterprise Software,Attended,vigmmihhj4tvw,Atlassian,AU,wolfgang.edwards@atlassian.com,Director of Engineering,3,Enterprise Software,Atlassian,AU,,Wolfgang,Director of Engineering,Edwards,Australia,,,www.atlassian.com,7158434,0,0
5d34gu5z9lphu,Hans,Zhang,IT Consulting & SI,No show,vivl9yh8u9ewo,McKinsey Digital,US,hans.zhang@mckinsey.com,Technology Consultant,0,IT Consulting & SI,McKinsey Digital,US,,Hans,Technology Consultant,Zhang,United States,,,www.mckinsey.com,7773081,0,0
k8oq5gligykk7,Dylan,Pereira,AI & Data,Attended,vdcu8895hxloj,Weights & Biases,US,dylan.pereira@wandb.ai,Research Scientist,4,AI & Data,Weights & Biases,US,,Dylan,Research Scientist,Pereira,United States,,,www.wandb.ai,8833098,0,0
ywdsz6kd7gi80,Nadia,Mishra,Cybersecurity,Attended,v9qc588i4rbbn,Tenable,US,nadia.mishra@tenable.com,Security Sales Engineer,4,Cybersecurity,Tenable,US,,Nadia,Security Sales Engineer,Mishra,United States,,,www.tenable.com,8705011,0,0
zz99vmhvr04jc,Rohit,White,Enterprise Software,Attended,vrw9a8rwho3u5,Box,US,rohit.white@box.com,Staff Software Engineer,3,Enterprise Software,Box,US,,Rohit,Staff Software Engineer,White,United States,,,www.box.com,8134628,0,0
n41wc6llcezwj,Sofia,Suzuki,IT Consulting & SI,Attended,vtx3euj8yhjgz,HCL Technologies,IN,sofia.suzuki@hcltech.com,Technology Consultant,1,IT Consulting & SI,HCL Technologies,IN,,Sofia,Technology Consultant,Suzuki,India,,,www.hcltech.com,7486358,0,0
ixw2lynhx2o3l,Emma,Miller,VC & Private Equity,Attended,vfln7ft5hkojj,Sequoia Capital,US,emma.miller@sequoiacap.com,Venture Associate,3,VC & Private Equity,Sequoia Capital,US,,Emma,Venture Associate,Miller,United States,,,www.sequoiacap.com,7032913,0,0
shq8bc4pw8zw7,Deborah,Trivedi,Media/Press,Attended,vnhpgjx19emf8,The Verge,US,deborah.trivedi@venturebeat.com,Contributing Writer,3,Media/Press,The Verge,US,,Deborah,Contributing Writer,Trivedi,United States,,,www.theverge.com,8805443,0,0
foskg3v22w1yh,Kavita,Edwards,Cybersecurity,Attended,v6w5or27nw3mo,CyberArk,IL,kavita.edwards@cyberark.com,Senior Security Engineer,2,Cybersecurity,CyberArk,IL,,Kavita,Senior Security Engineer,Edwards,Israel,,,www.cyberark.com,8195731,0,0
4unei5nc0mhxb,Sandra,Zhao,IT Consulting & SI,Attended,voh5743f9rd4m,Infosys,IN,sandra.zhao@infosys.com,"Partner, Technology Practice",2,IT Consulting & SI,Infosys,IN,,Sandra,"Partner, Technology Practice",Zhao,India,,,www.infosys.com,7706785,0,0
paendupnd29v3,Matthew,Jung,Cybersecurity,No show,vanhrummtvdn4,SentinelOne,US,matthew.jung@sentinelone.com,VP of Security,0,Cybersecurity,SentinelOne,US,,Matthew,VP of Security,Jung,United States,,,www.sentinelone.com,8315127,0,0
vkdxt3u6okgk8,Aisha,Lee,Enterprise Software,Attended,vmydl0l89k8te,monday.com,IL,aisha.lee@monday.com,Engineering Manager,3,Enterprise Software,monday.com,IL,,Aisha,Engineering Manager,Lee,Israel,,,www.monday.com,8482689,0,0
nbdzcf5akd95b,Jing,Williams,IT Consulting & SI,Attended,vu1etllg3t9pc,Infosys,IN,jing.williams@infosys.com,Technology Consultant,2,IT Consulting & SI,Infosys,IN,,Jing,Technology Consultant,Williams,India,,,www.infosys.com,8964715,0,0
qifj8hdi8s5rz,Babatunde,Green,Enterprise Software,Attended,vq6p4srnkrb2u,Oracle,US,babatunde.green@oracle.com,"Account Executive, Enterprise",3,Enterprise Software,Oracle,US,,Babatunde,"Account Executive, Enterprise",Green,United States,,,www.oracle.com,8450578,0,0
7ajmearp1qre8,Arthur,Thompson,Cloud & Infrastructure,Attended,vnea0xge9o1yc,Elastic,NL,arthur.thompson@elastic.co,VP of Engineering,3,Cloud & Infrastructure,Elastic,NL,,Arthur,VP of Engineering,Thompson,Netherlands,,,www.elastic.co,7099898,0,0
qwyo653dyjxm8,Haruto,Nielsen,VC & Private Equity,Attended,vog996jlulym7,Lightspeed Venture Partners,US,haruto.nielsen@lsvp.com,Principal,2,VC & Private Equity,Lightspeed Venture Partners,US,,Haruto,Principal,Nielsen,United States,,,www.lsvp.com,8259011,0,0
b5njrm97py2z9,Kavita,Bhatt,Enterprise Software,Attended,v6q2mhi7o3hkv,HubSpot,US,kavita.bhatt@hubspot.com,Senior Product Manager,3,Enterprise Software,HubSpot,US,,Kavita,Senior Product Manager,Bhatt,United States,,,www.hubspot.com,7909004,0,0
5p86k18jqavd2,Jing,Seah,Dev Tools & Platforms,Attended,vxn7dnhu0fi8o,Kong,US,jing.seah@konghq.com,Senior Developer Advocate,4,Dev Tools & Platforms,Kong,US,,Jing,Senior Developer Advocate,Seah,United States,,,www.konghq.com,7148789,0,0
r5y5kfsnrrlt2,Angela,Watanabe,Enterprise Software,Attended,vbi305re29u3o,Freshworks,IN,angela.watanabe@freshworks.com,Senior Product Manager,1,Enterprise Software,Freshworks,IN,,Angela,Senior Product Manager,Watanabe,India,,,www.freshworks.com,7172909,0,0
4yrv8voyghvqi,Marie,Nelson,VIP,Attended,vzd82cudld5cx,NVIDIA,US,marie.nelson@nvidia.com,Chief Product Officer,3,VIP,NVIDIA,US,,Marie,Chief Product Officer,Nelson,United States,,VIP,www.nvidia.com,8270078,0,0
iwatx5jtbkyr0,Catherine,Hall,Cybersecurity,Attended,v6o6atby76sw1,CrowdStrike,US,catherine.hall@crowdstrike.com,CISO,3,Cybersecurity,CrowdStrike,US,,Catherine,CISO,Hall,United States,,,www.crowdstrike.com,7339717,0,0
sa0wqofyc5eaa,Sakura,Xu,Enterprise Software,Attended,vrdqv9k6l7j4v,Box,US,sakura.xu@box.com,Engineering Manager,3,Enterprise Software,Box,US,,Sakura,Engineering Manager,Xu,United States,,,www.box.com,8968833,0,0
nxznlag991kgn,Sarah,Harris,IT Consulting & SI,No show,vhxyvmdh6w3qb,EY Technology,GB,sarah.harris@ey.com,Associate Director,0,IT Consulting & SI,EY Technology,GB,,Sarah,Associate Director,Harris,United Kingdom,,,www.ey.com,8228247,0,0
ah1kg9uz1kktd,Ji-Won,Deng,Hardware & Semiconductors,Attended,vnumvexg4pji9,Graphcore,GB,jiwon.deng@graphcore.ai,System Architecture Engineer,3,Hardware & Semiconductors,Graphcore,GB,,Ji-Won,System Architecture Engineer,Deng,United Kingdom,,,www.graphcore.ai,8890243,0,0
0l58jqs21ot0a,Alejandro,Park,Cloud & Infrastructure,Attended,vw2059zygcqwh,Amazon Web Services,US,alejandro.park@aws.amazon.com,Senior Site Reliability Engineer,4,Cloud & Infrastructure,Amazon Web Services,US,,Alejandro,Senior Site Reliability Engineer,Park,United States,,,www.aws.amazon.com,7652850,0,0
ljl8vj61tyjav,Sota,He,Staff,Attended,vf61dm78ui5mg,TechForward Organising Committee,SG,sota.he@techforwardsummit.com,Registration & Badging Lead,4,Staff,TechForward Organising Committee,SG,,Sota,Registration & Badging Lead,He,Singapore,,,www.techforwardsummit.com,8744072,0,0
p3fke5h1g8z44,Marie,Zhu,Enterprise Software,Attended,vj9lkopj1fi4x,Salesforce,US,marie.zhu@salesforce.com,Engineering Manager,3,Enterprise Software,Salesforce,US,,Marie,Engineering Manager,Zhu,United States,,,www.salesforce.com,7336733,0,0
wbqalha8oqigm,Sophie,Oh,Dev Tools & Platforms,Attended,vtq0hizo25mp2,Sentry,US,sophie.oh@sentry.io,Head of Developer Relations,2,Dev Tools & Platforms,Sentry,US,,Sophie,Head of Developer Relations,Oh,United States,,,www.sentry.io,8929785,0,0
qhacmeyp17x89,Meera,Hu,Enterprise Software,Attended,vnadhe709hkd6,Oracle,US,meera.hu@oracle.com,Chief Technology Officer,3,Enterprise Software,Oracle,US,,Meera,Chief Technology Officer,Hu,United States,,,www.oracle.com,7238381,0,0
envs925wobppm,John,Kapoor,Hardware & Semiconductors,Attended,v7o9pview12wb,Qualcomm,US,john.kapoor@qualcomm.com,AI Hardware Architect,3,Hardware & Semiconductors,Qualcomm,US,,John,AI Hardware Architect,Kapoor,United States,,,www.qualcomm.com,8249723,0,0
a6spzd1skziol,Nancy,Oliveira,AI & Data,No show,v3qrdedodu684,Hugging Face,US,nancy.oliveira@huggingface.co,AI/ML Platform Lead,0,AI & Data,Hugging Face,US,,Nancy,AI/ML Platform Lead,Oliveira,United States,,,www.huggingface.co,8091078,0,0
vynhccy7b0u2h,Helen,Collins,AI & Data,Attended,vvmbn4hzwcfu9,Palantir Technologies,US,helen.collins@palantir.com,Principal ML Engineer,3,AI & Data,Palantir Technologies,US,,Helen,Principal ML Engineer,Collins,United States,,,www.palantir.com,7886520,0,0
p5z90e497v672,Wolfgang,Johnson,Cybersecurity,Attended,vfeb31hodnozy,Fortinet,US,wolfgang.johnson@fortinet.com,SOC Analyst,3,Cybersecurity,Fortinet,US,,Wolfgang,SOC Analyst,Johnson,United States,,,www.fortinet.com,8279468,0,0
ouroyuawdrw6f,Neha,Edwards,Cloud & Infrastructure,Attended,vi9le0ncnmg14,DigitalOcean,US,neha.edwards@digitalocean.com,DevOps Engineer,2,Cloud & Infrastructure,DigitalOcean,US,,Neha,DevOps Engineer,Edwards,United States,,,www.digitalocean.com,8439894,0,0
d91coo004ooii,Anita,Young,AI & Data,Attended,vuhti7f2eywpa,Weights & Biases,US,anita.young@wandb.ai,Research Scientist,2,AI & Data,Weights & Biases,US,,Anita,Research Scientist,Young,United States,,,www.wandb.ai,7767751,0,0
hy86j5msyqmnf,Nurul,Davis,Enterprise Software,Attended,v8j0su863dh9m,SAP,DE,nurul.davis@sap.com,Chief Technology Officer,3,Enterprise Software,SAP,DE,,Nurul,Chief Technology Officer,Davis,Germany,,,www.sap.com,8848493,0,0
5mxcpxcx1w80w,Miho,Dey,Cloud & Infrastructure,No show,viixrrmvcdwx9,Cloudflare,US,miho.dey@cloudflare.com,DevOps Engineer,0,Cloud & Infrastructure,Cloudflare,US,,Miho,DevOps Engineer,Dey,United States,,,www.cloudflare.com,7210885,0,0
03od4jhrrrsuy,George,Baker,Cloud & Infrastructure,Attended,vjmic97szpl56,Google Cloud,US,george.baker@cloud.google.com,Platform Engineer,4,Cloud & Infrastructure,Google Cloud,US,,George,Platform Engineer,Baker,United States,,,www.cloud.google.com,8509717,0,0
ymt0w3x2ffa48,Neha,Stewart,IT Consulting & SI,Attended,v9cbi2mknkj20,IBM Consulting,US,neha.stewart@ibm.com,Managing Consultant,4,IT Consulting & SI,IBM Consulting,US,,Neha,Managing Consultant,Stewart,United States,,,www.ibm.com,7624314,0,0
x7m59pcyd2kir,Jean,Sanchez,Cybersecurity,Attended,vrnrnuyhe8jvr,Wiz,US,jean.sanchez@wiz.io,Senior Security Engineer,4,Cybersecurity,Wiz,US,,Jean,Senior Security Engineer,Sanchez,United States,,,www.wiz.io,8581606,0,0
0exc1t0oypkb5,Eric,Lim,VC & Private Equity,Attended,v71wzsv6y39m3,Lightspeed Venture Partners,US,eric.lim@lsvp.com,Investment Director,3,VC & Private Equity,Lightspeed Venture Partners,US,,Eric,Investment Director,Lim,United States,,,www.lsvp.com,7149695,0,0
setikbqktthbl,Hassan,Allen,Hardware & Semiconductors,Attended,v9m22erm5tzs9,AMD,US,hassan.allen@amd.com,Director of Engineering,2,Hardware & Semiconductors,AMD,US,,Hassan,Director of Engineering,Allen,United States,,,www.amd.com,7866788,0,0
1cntjx82vrpk9,Timothy,Yap,AI & Data,Attended,v2wu1rg1l1v69,Palantir Technologies,US,timothy.yap@palantir.com,AI/ML Platform Lead,2,AI & Data,Palantir Technologies,US,,Timothy,AI/ML Platform Lead,Yap,United States,,,www.palantir.com,8528061,0,0
josct8oilm3il,Nurul,Toh,Cybersecurity,Attended,vbqnwyej5vawp,CrowdStrike,US,nurul.toh@crowdstrike.com,CISO,3,Cybersecurity,CrowdStrike,US,,Nurul,CISO,Toh,United States,,,www.crowdstrike.com,8033991,0,0
93qxgli5ghxcx,Dewi,Cho,Cybersecurity,Attended,v8g4xu43lc6jw,Lacework,US,dewi.cho@lacework.com,Security Consultant,1,Cybersecurity,Lacework,US,,Dewi,Security Consultant,Cho,United States,,,www.lacework.com,7544925,0,0
hygqzt360amhl,Ryo,Garcia,Enterprise Software,Attended,vtt7r9v0pq2lh,HubSpot,US,ryo.garcia@hubspot.com,VP of Engineering,1,Enterprise Software,HubSpot,US,,Ryo,VP of Engineering,Garcia,United States,,,www.hubspot.com,8213917,0,0
xbeurz4dibbfr,Rachel,Bose,AI & Data,Attended,v0ayvnx9sjeic,Databricks,US,rachel.bose@databricks.com,Chief AI Officer,4,AI & Data,Databricks,US,,Rachel,Chief AI Officer,Bose,United States,,,www.databricks.com,7462601,0,0
eay3sm1ppyz8j,Steven,Toh,AI & Data,Attended,vg2rzghxirj6d,Databricks,US,steven.toh@databricks.com,Data Engineer,2,AI & Data,Databricks,US,,Steven,Data Engineer,Toh,United States,,,www.databricks.com,7646694,0,0
i290bhjwp6ta0,Takashi,Das,Cybersecurity,Attended,vl4ao4wv7ar0s,Tenable,US,takashi.das@tenable.com,Security Architect,2,Cybersecurity,Tenable,US,,Takashi,Security Architect,Das,United States,,,www.tenable.com,8575013,0,0
6477df2elorz3,Alexander,Andersen,Cloud & Infrastructure,Attended,vwzdsb5xojd7x,Vercel,US,alexander.andersen@vercel.com,Developer Advocate,2,Cloud & Infrastructure,Vercel,US,,Alexander,Developer Advocate,Andersen,United States,,,www.vercel.com,8572843,0,0
pfrj2nwban52v,Khalid,Cooper,IT Consulting & SI,Attended,v58ng0dlhxbaa,Publicis Sapient,FR,khalid.cooper@publicissapient.com,Senior Technology Consultant,4,IT Consulting & SI,Publicis Sapient,FR,,Khalid,Senior Technology Consultant,Cooper,France,,,www.publicissapient.com,8925802,0,0
qi9fc4y7cqwlo,Maria,Toh,Enterprise Software,Attended,vqkie6qkky22u,HubSpot,US,maria.toh@hubspot.com,Principal Product Manager,3,Enterprise Software,HubSpot,US,,Maria,Principal Product Manager,Toh,United States,,,www.hubspot.com,7119183,0,0
q6xcbuukgsuin,Jonathan,Adeyemi,AI & Data,Attended,vjesps8q185gs,H2O.ai,US,jonathan.adeyemi@h2o.ai,ML Solutions Architect,2,AI & Data,H2O.ai,US,,Jonathan,ML Solutions Architect,Adeyemi,United States,,,www.h2o.ai,8165782,0,0
lqfdt95b12qzu,Patricia,Yap,Enterprise Software,Attended,v8dvnqfstysy6,Microsoft,US,patricia.yap@microsoft.com,Senior Product Manager,2,Enterprise Software,Microsoft,US,,Patricia,Senior Product Manager,Yap,United States,,,www.microsoft.com,8608071,0,0
kqxj67ohxnru4,Scott,Young,Hardware & Semiconductors,Attended,vuicc1efc5tm1,Arm Holdings,GB,scott.young@arm.com,System Architecture Engineer,1,Hardware & Semiconductors,Arm Holdings,GB,,Scott,System Architecture Engineer,Young,United Kingdom,,,www.arm.com,7216308,0,0
g24a9dnoq3xw4,Scott,Perez,Cybersecurity,Attended,vwyrw3hc2f8j7,CyberArk,IL,scott.perez@cyberark.com,Head of Information Security,3,Cybersecurity,CyberArk,IL,,Scott,Head of Information Security,Perez,Israel,,,www.cyberark.com,7944065,0,0
gsdjtck00zxqr,Sofia,Hill,Enterprise Software,Attended,vwejkin8n197m,Freshworks,IN,sofia.hill@freshworks.com,VP of Product,3,Enterprise Software,Freshworks,IN,,Sofia,VP of Product,Hill,India,,,www.freshworks.com,8637648,0,0
h1g9ysaue16co,Chloe,Banerjee,IT Consulting & SI,Attended,vjuq9kp4u88yy,Deloitte Technology,US,chloe.banerjee@deloitte.com,VP of Digital Transformation,2,IT Consulting & SI,Deloitte Technology,US,,Chloe,VP of Digital Transformation,Banerjee,United States,,,www.deloitte.com,8967943,0,0
y761snbc5advg,Valentina,Hu,VC & Private Equity,Attended,v8za2obx9xk2j,SoftBank Vision Fund,JP,valentina.hu@softbank.com,Venture Associate,1,VC & Private Equity,SoftBank Vision Fund,JP,,Valentina,Venture Associate,Hu,Japan,,,www.softbank.com,7178602,0,0
ph9fc69q0pung,Yuto,Rodriguez,Media/Press,Attended,vrrg540fajpu0,MIT Technology Review,US,yuto.rodriguez@technologyreview.com,"Editor, Technology",2,Media/Press,MIT Technology Review,US,,Yuto,"Editor, Technology",Rodriguez,United States,,,www.technologyreview.com,8875860,0,0
ze9wy5wda03da,Michael,Trivedi,Enterprise Software,Attended,vz3rwbj9cpv4h,Atlassian,AU,michael.trivedi@atlassian.com,Solutions Engineer,4,Enterprise Software,Atlassian,AU,,Michael,Solutions Engineer,Trivedi,Australia,,,www.atlassian.com,8584469,0,0
prgap6otog1wk,Stephanie,Khanna,IT Consulting & SI,Attended,vvu4bhzg8eoth,Cognizant,US,stephanie.khanna@cognizant.com,Managing Consultant,1,IT Consulting & SI,Cognizant,US,,Stephanie,Managing Consultant,Khanna,United States,,,www.cognizant.com,8672976,0,0
ehs2udq62xa9x,Patricia,Okonkwo,Enterprise Software,Attended,vv9rxus0yesnz,Oracle,US,patricia.okonkwo@oracle.com,Senior Product Manager,3,Enterprise Software,Oracle,US,,Patricia,Senior Product Manager,Okonkwo,United States,,,www.oracle.com,8054676,0,0
ddt8yk4cuc6jz,Priya,Johnson,Hardware & Semiconductors,Attended,vmnrpnuzfhqdr,Qualcomm,US,priya.johnson@qualcomm.com,Director of Engineering,3,Hardware & Semiconductors,Qualcomm,US,,Priya,Director of Engineering,Johnson,United States,,,www.qualcomm.com,7768551,0,0
wrzvzzg9bcdc2,Zhen,Abdullah,Enterprise Software,No show,v5dmup1yvwqj8,Oracle,US,zhen.abdullah@oracle.com,"Account Executive, Enterprise",0,Enterprise Software,Oracle,US,,Zhen,"Account Executive, Enterprise",Abdullah,United States,,,www.oracle.com,8041828,0,0
3o3fo22zj719v,Jean,Gao,Enterprise Software,Attended,vp4js6nlm4gl5,Microsoft,US,jean.gao@microsoft.com,Customer Success Manager,3,Enterprise Software,Microsoft,US,,Jean,Customer Success Manager,Gao,United States,,,www.microsoft.com,7005614,0,0
g2mvkgcerkncm,Shan,Mehta,Enterprise Software,Attended,vsbwte87ardm8,ServiceNow,US,shan.mehta@servicenow.com,Director of Engineering,2,Enterprise Software,ServiceNow,US,,Shan,Director of Engineering,Mehta,United States,,,www.servicenow.com,7998513,0,0
0kzp3qcsvxfor,Timothy,Zhu,IT Consulting & SI,Attended,vdpuopgfzxx69,IBM Consulting,US,timothy.zhu@ibm.com,"Solution Architect, Digital",3,IT Consulting & SI,IBM Consulting,US,,Timothy,"Solution Architect, Digital",Zhu,United States,,,www.ibm.com,8904530,0,0
llz90z23qkg8j,Helen,Parker,IT Consulting & SI,Attended,v7w6977xp2kug,HCL Technologies,IN,helen.parker@tcs.com,Technology Consultant,3,IT Consulting & SI,HCL Technologies,IN,,Helen,Technology Consultant,Parker,India,,,www.hcltech.com,8801717,0,0
7bm7fcj0osoh5,Ethan,Brown,Dev Tools & Platforms,Attended,vv6kpwdmj3z7w,Twilio,US,ethan.brown@twilio.com,Developer Advocate,3,Dev Tools & Platforms,Twilio,US,,Ethan,Developer Advocate,Brown,United States,,,www.twilio.com,7423520,0,0
9nptpr2pryvf3,Laura,Bose,Enterprise Software,Attended,vtiveh8vfnqgn,Atlassian,AU,laura.bose@atlassian.com,Engineering Manager,3,Enterprise Software,Atlassian,AU,,Laura,Engineering Manager,Bose,Australia,,,www.atlassian.com,8216395,0,0
sdub7t1m3uhj7,Sakura,Trivedi,IT Consulting & SI,Attended,vd4ngq3vrf8m2,Cognizant,US,sakura.trivedi@cognizant.com,"Solution Architect, Digital",4,IT Consulting & SI,Cognizant,US,,Sakura,"Solution Architect, Digital",Trivedi,United States,,,www.cognizant.com,7197911,0,0
mxa6s0jeckou0,Ngozi,Campbell,Cloud & Infrastructure,Attended,vhyo3hi0x5frz,Elastic,NL,ngozi.campbell@elastic.co,DevOps Engineer,3,Cloud & Infrastructure,Elastic,NL,,Ngozi,DevOps Engineer,Campbell,Netherlands,,,www.elastic.co,7207582,0,0
iiukcum8smqp7,Ryo,Moore,IT Consulting & SI,Attended,v2t4yur03iqhy,Infosys,IN,ryo.moore@infosys.com,Managing Consultant,4,IT Consulting & SI,Infosys,IN,,Ryo,Managing Consultant,Moore,India,,,www.infosys.com,7959261,0,0
bln1b5ou833z5,Nicholas,Santos,Enterprise Software,Attended,vgf0g46u2slz2,Microsoft,US,nicholas.santos@microsoft.com,Customer Success Manager,3,Enterprise Software,Microsoft,US,,Nicholas,Customer Success Manager,Santos,United States,,,www.microsoft.com,8959183,0,0
fm82zhpeau4hz,Omar,Sim,Cloud & Infrastructure,Attended,ve22bonjua7r8,Cloudflare,US,omar.sim@cloudflare.com,Principal Solutions Architect,1,Cloud & Infrastructure,Cloudflare,US,,Omar,Principal Solutions Architect,Sim,United States,,,www.cloudflare.com,7019709,0,0
u8nqpckbqrger,Thomas,Kumar,Hardware & Semiconductors,Attended,vy74r21f9lq6w,TSMC,TW,thomas.kumar@tsmc.com,Senior Chip Design Engineer,4,Hardware & Semiconductors,TSMC,TW,,Thomas,Senior Chip Design Engineer,Kumar,Taiwan,,,www.tsmc.com,7371882,0,0
vylmaaj80csb5,Alexander,Fischer,Enterprise Software,Attended,v7vvj0n2h7dbw,Microsoft,US,alexander.fischer@microsoft.com,Senior Solutions Engineer,1,Enterprise Software,Microsoft,US,,Alexander,Senior Solutions Engineer,Fischer,United States,,,www.microsoft.com,8348786,0,0
m6a7ug3ix27ka,Mateus,Ong,Enterprise Software,No show,v6o1rx4nevgtd,SAP,DE,mateus.ong@sap.com,Principal Product Manager,0,Enterprise Software,SAP,DE,,Mateus,Principal Product Manager,Ong,Germany,,,www.sap.com,7991755,0,0
6jyidr6x0acch,Khairul,Tanaka,Enterprise Software,No show,vo6v8co2jep91,Sprinklr,US,khairul.tanaka@sprinklr.com,Senior Product Manager,0,Enterprise Software,Sprinklr,US,,Khairul,Senior Product Manager,Tanaka,United States,,,www.sprinklr.com,7057812,0,0
k7sbfdgj9kku7,Ethan,Cooper,Enterprise Software,Attended,vim2l184uvm6n,Oracle,US,ethan.cooper@oracle.com,Customer Success Manager,2,Enterprise Software,Oracle,US,,Ethan,Customer Success Manager,Cooper,United States,,,www.oracle.com,7317522,0,0
3t7c69bfiqo60,Jeffrey,Romano,Media/Press,Attended,va0ryqpfqqb5t,Protocol,US,jeffrey.romano@protocol.com,Tech Reporter,3,Media/Press,Protocol,US,,Jeffrey,Tech Reporter,Romano,United States,,,www.protocol.com,7492942,0,0
69rsw8kbo2073,Philip,Torres,Cloud & Infrastructure,Attended,vo9ycm9po2fkn,Supabase,US,philip.torres@supabase.com,DevOps Engineer,4,Cloud & Infrastructure,Supabase,US,,Philip,DevOps Engineer,Torres,United States,,,www.supabase.com,7558246,0,0
2z9qnrbzx0w4t,William,Pham,Enterprise Software,Attended,v7camso64vc7a,monday.com,IL,william.pham@monday.com,Senior Product Manager,3,Enterprise Software,monday.com,IL,,William,Senior Product Manager,Pham,Israel,,,www.monday.com,8817688,0,0
7rmnzsyhripvt,Andrea,Thompson,IT Consulting & SI,Attended,vab38lstu0cgf,PwC Advisory,GB,andrea.thompson@mckinsey.com,"Solution Architect, Digital",4,IT Consulting & SI,PwC Advisory,GB,,Andrea,"Solution Architect, Digital",Thompson,United Kingdom,,,www.pwc.com,7044480,0,0
9duv1fict5mo7,Sanjay,Zhao,Staff,Attended,vgds70z8sedym,FieldDrive Events,BE,sanjay.zhao@fielddrive.com,Event Operations Manager,3,Staff,FieldDrive Events,BE,,Sanjay,Event Operations Manager,Zhao,Belgium,,,www.fielddrive.com,7171961,0,0
b4dwupckulxti,Michael,Rivera,Enterprise Software,Attended,vohq1bqt1dtrb,Salesforce,US,michael.rivera@salesforce.com,Principal Product Manager,4,Enterprise Software,Salesforce,US,,Michael,Principal Product Manager,Rivera,United States,,,www.salesforce.com,8157158,0,0
f4euxhq5r7a2p,Deepak,Hughes,Media/Press,Attended,v4lew4p220x3o,The Verge,US,deepak.hughes@theverge.com,Analyst & Commentator,2,Media/Press,The Verge,US,,Deepak,Analyst & Commentator,Hughes,United States,,,www.theverge.com,8449832,0,0
yjo7c5qvo1pbt,Xin,Scott,IT Consulting & SI,Attended,vvr9sl5vx974p,BCG X,US,xin.scott@bcg.com,Senior Technology Consultant,3,IT Consulting & SI,BCG X,US,,Xin,Senior Technology Consultant,Scott,United States,,,www.bcg.com,8460251,0,0
6clgrr4c9asz5,Sandra,Edwards,Hardware & Semiconductors,Attended,vg46tzmv6rl7g,Arm Holdings,GB,sandra.edwards@arm.com,System Architecture Engineer,3,Hardware & Semiconductors,Arm Holdings,GB,,Sandra,System Architecture Engineer,Edwards,United Kingdom,,,www.arm.com,8157662,0,0
tlnehkixcvam2,Nomsa,Gonzalez,AI & Data,Attended,v3ht47e3b4c32,NVIDIA,US,nomsa.gonzalez@nvidia.com,Head of Data Science,4,AI & Data,NVIDIA,US,,Nomsa,Head of Data Science,Gonzalez,United States,,,www.nvidia.com,8717615,0,0
q314czovfv7hw,Philip,Zhao,AI & Data,Attended,vuwosylroiaw9,Databricks,US,philip.zhao@databricks.com,Principal ML Engineer,2,AI & Data,Databricks,US,,Philip,Principal ML Engineer,Zhao,United States,,,www.databricks.com,7032539,0,0
lx9h4avykr6j6,Amit,Nielsen,VC & Private Equity,No show,vag281vfubo3v,Tiger Global,US,amit.nielsen@tigerglobal.com,Venture Associate,0,VC & Private Equity,Tiger Global,US,,Amit,Venture Associate,Nielsen,United States,,,www.tigerglobal.com,8141584,0,0
q1lz5rltdcl3a,Margaret,Conti,Enterprise Software,Attended,vh4em5gotuamd,Microsoft,US,margaret.conti@microsoft.com,Customer Success Manager,4,Enterprise Software,Microsoft,US,,Margaret,Customer Success Manager,Conti,United States,,,www.microsoft.com,7150690,0,0
r24g4zrrp52i7,Brigitte,Koh,Dev Tools & Platforms,Attended,vzc7bkski19ur,GitLab,US,brigitte.koh@gitlab.com,Developer Advocate,1,Dev Tools & Platforms,GitLab,US,,Brigitte,Developer Advocate,Koh,United States,,,www.gitlab.com,7102413,0,0
hi006iaj8jr78,Lisa,Allen,Cloud & Infrastructure,Attended,vicvlk6tzcvdb,Fastly,US,lisa.allen@fastly.com,Cloud Architect,1,Cloud & Infrastructure,Fastly,US,,Lisa,Cloud Architect,Allen,United States,,,www.fastly.com,7970958,0,0
u81jczlxozv4w,Pablo,Pedersen,Enterprise Software,Attended,v5nu4in2kqvb3,Zendesk,US,pablo.pedersen@zendesk.com,Staff Software Engineer,3,Enterprise Software,Zendesk,US,,Pablo,Staff Software Engineer,Pedersen,United States,,,www.zendesk.com,7735744,0,0
2iduxmkluf28g,Ama,Teo,Staff,Attended,va7ophrqzdua4,FieldDrive Events,BE,ama.teo@fielddrive.com,Venue Operations Staff,4,Staff,FieldDrive Events,BE,,Ama,Venue Operations Staff,Teo,Belgium,,,www.fielddrive.com,7498587,0,0
fe5opli41udty,Andrea,Wright,Cloud & Infrastructure,Attended,vzhihipq187ok,Amazon Web Services,US,andrea.wright@aws.amazon.com,Senior Site Reliability Engineer,3,Cloud & Infrastructure,Amazon Web Services,US,,Andrea,Senior Site Reliability Engineer,Wright,United States,,,www.aws.amazon.com,8302216,0,0
8hh10ucs1xnpw,Jacob,Loh,Hardware & Semiconductors,Attended,vcsq6dnn8urh0,Arm Holdings,GB,jacob.loh@arm.com,Senior Chip Design Engineer,3,Hardware & Semiconductors,Arm Holdings,GB,,Jacob,Senior Chip Design Engineer,Loh,United Kingdom,,,www.arm.com,8417169,0,0
t1u37eb8qhs9c,Deborah,Kumar,IT Consulting & SI,Attended,vkhawv8ab40oo,Thoughtworks,US,deborah.kumar@thoughtworks.com,Technology Consultant,1,IT Consulting & SI,Thoughtworks,US,,Deborah,Technology Consultant,Kumar,United States,,,www.thoughtworks.com,8110188,0,0
z86hevww5k422,Meera,Kato,Hardware & Semiconductors,Attended,vdknou6tj2pkk,Intel,US,meera.kato@intel.com,Senior Chip Design Engineer,3,Hardware & Semiconductors,Intel,US,,Meera,Senior Chip Design Engineer,Kato,United States,,,www.intel.com,8222083,0,0
rry2wa6l0oexi,Carol,Tan,Hardware & Semiconductors,Attended,vr4iiqkdxgrs3,Marvell Technology,US,carol.tan@marvell.com,Director of Engineering,3,Hardware & Semiconductors,Marvell Technology,US,,Carol,Director of Engineering,Tan,United States,,,www.marvell.com,7196277,0,0
nmlgn7fzibdmk,Michael,Lewis,Enterprise Software,Attended,vtalydiszrr1j,Freshworks,IN,michael.lewis@freshworks.com,Director of Engineering,4,Enterprise Software,Freshworks,IN,,Michael,Director of Engineering,Lewis,India,,,www.freshworks.com,8829585,0,0
voav41b8e9uf3,David,Schulz,Enterprise Software,Attended,vqw2kdoffws89,Zendesk,US,david.schulz@zendesk.com,Director of Engineering,2,Enterprise Software,Zendesk,US,,David,Director of Engineering,Schulz,United States,,,www.zendesk.com,8042287,0,0
ny8mzchz1hkn2,Mohammed,Jackson,Hardware & Semiconductors,Attended,vvirr2k06gs2c,Graphcore,GB,mohammed.jackson@graphcore.ai,Principal VLSI Engineer,2,Hardware & Semiconductors,Graphcore,GB,,Mohammed,Principal VLSI Engineer,Jackson,United Kingdom,,,www.graphcore.ai,8583803,0,0
5bavotvzg86dq,Camila,Lopez,Enterprise Software,Attended,v8g2k14ibmm3u,Salesforce,US,camila.lopez@salesforce.com,VP of Product,3,Enterprise Software,Salesforce,US,,Camila,VP of Product,Lopez,United States,,,www.salesforce.com,7143537,0,0
79xytcdmf6e4z,Sara,Bailey,Enterprise Software,Attended,v1wmjzefzlueh,Adobe,US,sara.bailey@adobe.com,Senior Product Manager,3,Enterprise Software,Adobe,US,,Sara,Senior Product Manager,Bailey,United States,,,www.adobe.com,8574876,0,0
1jl7tg6cd2ipe,Pooja,Evans,Cloud & Infrastructure,Attended,v7ykrz3fu0luz,Google Cloud,US,pooja.evans@cloud.google.com,Developer Advocate,3,Cloud & Infrastructure,Google Cloud,US,,Pooja,Developer Advocate,Evans,United States,,,www.cloud.google.com,7456027,0,0
xz1nw8jkd4bs4,Rachel,Costa,AI & Data,Attended,vkut7646p9743,Hugging Face,US,rachel.costa@huggingface.co,AI/ML Platform Lead,3,AI & Data,Hugging Face,US,,Rachel,AI/ML Platform Lead,Costa,United States,,,www.huggingface.co,7208935,0,0
po9o2m470n9em,Daniel,Choi,Dev Tools & Platforms,Attended,v9nr73wg5m296,GitHub,US,daniel.choi@github.com,Platform Product Manager,3,Dev Tools & Platforms,GitHub,US,,Daniel,Platform Product Manager,Choi,United States,,,www.github.com,7242442,0,0
j10pktnowxzo4,Daiki,Wee,Cybersecurity,Attended,vefsaa6azh7pg,Orca Security,US,daiki.wee@orca.security,Security Architect,3,Cybersecurity,Orca Security,US,,Daiki,Security Architect,Wee,United States,,,www.orca.security,8388963,0,0
h77wrmm2fifwu,Min-Ji,Richardson,Hardware & Semiconductors,Attended,v7c8xuls4bi3f,SambaNova Systems,US,minji.richardson@sambanova.ai,Senior Chip Design Engineer,1,Hardware & Semiconductors,SambaNova Systems,US,,Min-Ji,Senior Chip Design Engineer,Richardson,United States,,,www.sambanova.ai,8098051,0,0
218gavfxc6i4n,Wolfgang,Srivastava,Enterprise Software,Attended,v4pcywseejmv2,Microsoft,US,wolfgang.srivastava@microsoft.com,Senior Solutions Engineer,1,Enterprise Software,Microsoft,US,,Wolfgang,Senior Solutions Engineer,Srivastava,United States,,,www.microsoft.com,8835209,0,0
f5yye5llx2aq5,Chloe,Hassan,Cloud & Infrastructure,Attended,vh6vsb4sz46t0,Snowflake,US,chloe.hassan@snowflake.com,DevOps Engineer,4,Cloud & Infrastructure,Snowflake,US,,Chloe,DevOps Engineer,Hassan,United States,,,www.snowflake.com,8638766,0,0
v3m13o1bsh3bv,Ethan,Mishra,Enterprise Software,No show,vuczv0pgxc0il,Oracle,US,ethan.mishra@oracle.com,Principal Product Manager,0,Enterprise Software,Oracle,US,,Ethan,Principal Product Manager,Mishra,United States,,,www.oracle.com,8822956,0,0
1ngwzhed1t2ba,Amy,Parker,Staff,Attended,vs5dz63mj3y68,FieldDrive Events,BE,amy.parker@fielddrive.com,Registration & Badging Lead,4,Staff,FieldDrive Events,BE,,Amy,Registration & Badging Lead,Parker,Belgium,,,www.fielddrive.com,7560505,0,0
satcqewdw29ph,Ahmed,Joshi,AI & Data,Attended,vbchuat45j69t,Scale AI,US,ahmed.joshi@scale.com,Research Scientist,3,AI & Data,Scale AI,US,,Ahmed,Research Scientist,Joshi,United States,,,www.scale.com,7655357,0,0
nic9e82n39ecr,Sunita,Cheng,Cybersecurity,Attended,vprrfoi0hla4a,Tenable,US,sunita.cheng@tenable.com,Senior Security Engineer,2,Cybersecurity,Tenable,US,,Sunita,Senior Security Engineer,Cheng,United States,,,www.tenable.com,8257859,0,0
942hqfxclq08j,Swati,Okonkwo,IT Consulting & SI,Attended,vt6gk3lv323xq,Capgemini,FR,swati.okonkwo@capgemini.com,Managing Consultant,2,IT Consulting & SI,Capgemini,FR,,Swati,Managing Consultant,Okonkwo,France,,,www.capgemini.com,8982245,0,0
78qa4whoobr88,Jun,Hassan,AI & Data,No show,vu3dxx8tf7ud4,Pinecone,US,jun.hassan@pinecone.io,AI/ML Platform Lead,0,AI & Data,Pinecone,US,,Jun,AI/ML Platform Lead,Hassan,United States,,,www.pinecone.io,8625913,0,0
ditp2xe1hvln7,Michelle,Oh,Enterprise Software,Attended,vwfmuehg832p4,HubSpot,US,michelle.oh@hubspot.com,"Account Executive, Enterprise",3,Enterprise Software,HubSpot,US,,Michelle,"Account Executive, Enterprise",Oh,United States,,,www.hubspot.com,8563582,0,0
17kjxsmfkocyc,Deborah,Mishra,Dev Tools & Platforms,No show,v3dad6ru0i7wm,GitHub,US,deborah.mishra@github.com,Senior Developer Advocate,0,Dev Tools & Platforms,GitHub,US,,Deborah,Senior Developer Advocate,Mishra,United States,,,www.github.com,8500919,0,0
6xas83ckes5cw,Lars,Schulz,IT Consulting & SI,No show,vfziwjotikynf,EY Technology,GB,lars.schulz@ey.com,VP of Digital Transformation,0,IT Consulting & SI,EY Technology,GB,,Lars,VP of Digital Transformation,Schulz,United Kingdom,,,www.ey.com,7680851,0,0
gqyltx182kyb8,Lucia,Cook,Enterprise Software,Attended,vvodmr5qsfrpk,Sprinklr,US,lucia.cook@sprinklr.com,Senior Product Manager,4,Enterprise Software,Sprinklr,US,,Lucia,Senior Product Manager,Cook,United States,,,www.sprinklr.com,8363494,0,0
cde5e8nq99fr8,Riko,Tan,IT Consulting & SI,Attended,vqooege1gtdy1,LTIMindtree,IN,riko.tan@ltimindtree.com,Managing Consultant,2,IT Consulting & SI,LTIMindtree,IN,,Riko,Managing Consultant,Tan,India,,,www.ltimindtree.com,8365214,0,0
vm9r66ebkhasp,Helen,Cook,Enterprise Software,Attended,vtp7nf5sjeigt,Box,US,helen.cook@box.com,Senior Product Manager,2,Enterprise Software,Box,US,,Helen,Senior Product Manager,Cook,United States,,,www.box.com,7923361,0,0
6mw6n16czeol2,Shu,Yap,AI & Data,Attended,vnbtdqaebiyhh,DataRobot,US,shu.yap@datarobot.com,Senior Data Scientist,3,AI & Data,DataRobot,US,,Shu,Senior Data Scientist,Yap,United States,,,www.datarobot.com,7375553,0,0
bgy0lzs3m0jg4,Camila,Silva,AI & Data,Attended,vq8i0q1ris5jd,Pinecone,US,camila.silva@pinecone.io,Data Engineer,3,AI & Data,Pinecone,US,,Camila,Data Engineer,Silva,United States,,,www.pinecone.io,7887421,0,0
dab4qi59s90hx,Ahmad,Collins,Hardware & Semiconductors,Attended,vctyb6gcswiyf,MediaTek,TW,ahmad.collins@mediatek.com,System Architecture Engineer,3,Hardware & Semiconductors,MediaTek,TW,,Ahmad,System Architecture Engineer,Collins,Taiwan,,,www.mediatek.com,7120359,0,0
vjk9t8x65z3f1,Arun,Moore,AI & Data,Attended,vo508dhjg0qg1,Palantir Technologies,US,arun.moore@palantir.com,Head of Data Science,3,AI & Data,Palantir Technologies,US,,Arun,Head of Data Science,Moore,United States,,,www.palantir.com,7142607,0,0
legw63x5grn5y,Jeffrey,Luo,IT Consulting & SI,Attended,vunlayqlejp8f,McKinsey Digital,US,jeffrey.luo@mckinsey.com,Managing Consultant,4,IT Consulting & SI,McKinsey Digital,US,,Jeffrey,Managing Consultant,Luo,United States,,,www.mckinsey.com,7389093,0,0
zddh16359ll2j,Tao,Davies,IT Consulting & SI,Attended,v2ng1gag5t3lz,Accenture,IE,tao.davies@accenture.com,"Solution Architect, Digital",3,IT Consulting & SI,Accenture,IE,,Tao,"Solution Architect, Digital",Davies,Ireland,,,www.accenture.com,8715365,0,0
5bg6ahs9o4s8u,Min-Ji,Schmidt,Enterprise Software,Attended,vk7fspen8zj6d,Salesforce,US,minji.schmidt@salesforce.com,Senior Product Manager,4,Enterprise Software,Salesforce,US,,Min-Ji,Senior Product Manager,Schmidt,United States,,,www.salesforce.com,7839866,0,0
btimkg727nk81,Tendai,Loh,IT Consulting & SI,No show,vtnagnidp3ldj,Publicis Sapient,FR,tendai.loh@publicissapient.com,Technology Consultant,0,IT Consulting & SI,Publicis Sapient,FR,,Tendai,Technology Consultant,Loh,France,,,www.publicissapient.com,8544667,0,0
dsjh3hipc9spw,Akiko,Mishra,Cloud & Infrastructure,No show,v17kf6jzqf2rk,Amazon Web Services,US,akiko.mishra@aws.amazon.com,Chief Technology Officer,0,Cloud & Infrastructure,Amazon Web Services,US,,Akiko,Chief Technology Officer,Mishra,United States,,,www.aws.amazon.com,8052253,0,0
4zd6aovl7xtr3,Jacob,Yap,Cybersecurity,Attended,vgae9dr5dbdxb,Rapid7,US,jacob.yap@rapid7.com,Director of Cybersecurity,3,Cybersecurity,Rapid7,US,,Jacob,Director of Cybersecurity,Yap,United States,,,www.rapid7.com,7509723,0,0
3wuqaygi0p0hi,Jason,Feng,Cybersecurity,Attended,vbhc9gcmyz20f,Tenable,US,jason.feng@tenable.com,Threat Intelligence Analyst,3,Cybersecurity,Tenable,US,,Jason,Threat Intelligence Analyst,Feng,United States,,,www.tenable.com,7631457,0,0
ys8kdc885itsz,Daniel,Zeng,Hardware & Semiconductors,Attended,vauf7fbz753p6,TSMC,TW,daniel.zeng@tsmc.com,"Research Scientist, Silicon",2,Hardware & Semiconductors,TSMC,TW,,Daniel,"Research Scientist, Silicon",Zeng,Taiwan,,,www.tsmc.com,7330016,0,0
b65mzcjgucf1e,Sophie,Wu,Enterprise Software,Attended,vk6op6xsa8rvj,Adobe,US,sophie.wu@adobe.com,Director of Engineering,4,Enterprise Software,Adobe,US,,Sophie,Director of Engineering,Wu,United States,,,www.adobe.com,8356743,0,0
9696em7r3qcqa,Neha,Rossi,Enterprise Software,No show,vooxj93dri54p,HubSpot,US,neha.rossi@hubspot.com,Senior Product Manager,0,Enterprise Software,HubSpot,US,,Neha,Senior Product Manager,Rossi,United States,,,www.hubspot.com,7570922,0,0
s2u8u23wuzonu,Oliver,Banerjee,IT Consulting & SI,Attended,vabwm15gm80bg,Cognizant,US,oliver.banerjee@cognizant.com,Technology Consultant,3,IT Consulting & SI,Cognizant,US,,Oliver,Technology Consultant,Banerjee,United States,,,www.cognizant.com,7317348,0,0
zvbq5eo9nx50r,Astrid,Simon,AI & Data,Attended,v3ininroa2naa,Weights & Biases,US,astrid.simon@wandb.ai,Senior Data Scientist,3,AI & Data,Weights & Biases,US,,Astrid,Senior Data Scientist,Simon,United States,,,www.wandb.ai,7449956,0,0
5671kx2323ptj,Ping,Yamamoto,Hardware & Semiconductors,No show,v5xslkgfz9yet,Qualcomm,US,ping.yamamoto@qualcomm.com,Chief Technology Officer,0,Hardware & Semiconductors,Qualcomm,US,,Ping,Chief Technology Officer,Yamamoto,United States,,,www.qualcomm.com,7244968,0,0
i5zhcn8ifq12p,Hye-Jin,Mueller,IT Consulting & SI,Attended,vqqxsjag787l6,Publicis Sapient,FR,hyejin.mueller@publicissapient.com,Associate Director,3,IT Consulting & SI,Publicis Sapient,FR,,Hye-Jin,Associate Director,Mueller,France,,,www.publicissapient.com,7028128,0,0
eui4cjurxipp8,Sanjay,Clarke,Enterprise Software,Attended,vb8z6ql7gdxq4,Salesforce,US,sanjay.clarke@salesforce.com,Customer Success Manager,3,Enterprise Software,Salesforce,US,,Sanjay,Customer Success Manager,Clarke,United States,,,www.salesforce.com,8213028,0,0
hcekfqnkmb5oq,Dewi,Wright,Hardware & Semiconductors,Attended,vnrshfca6r0am,Arm Holdings,GB,dewi.wright@arm.com,Senior Chip Design Engineer,3,Hardware & Semiconductors,Arm Holdings,GB,,Dewi,Senior Chip Design Engineer,Wright,United Kingdom,,,www.arm.com,8829924,0,0
8judw6w14e2l8,Juan,Harris,VC & Private Equity,Attended,v3kkofbdn2gww,Bessemer Venture Partners,US,juan.harris@bvp.com,Venture Associate,3,VC & Private Equity,Bessemer Venture Partners,US,,Juan,Venture Associate,Harris,United States,,,www.bvp.com,7026635,0,0
ew5adapv3gd0q,Jae-Won,Yang,Cybersecurity,Attended,v1bkjgse89ytm,Wiz,US,jaewon.yang@wiz.io,Director of Cybersecurity,3,Cybersecurity,Wiz,US,,Jae-Won,Director of Cybersecurity,Yang,United States,,,www.wiz.io,8144255,0,0
8a1cc31uzztl2,Layla,Liu,Hardware & Semiconductors,Attended,v46kolfpbm94s,MediaTek,TW,layla.liu@mediatek.com,Senior Chip Design Engineer,1,Hardware & Semiconductors,MediaTek,TW,,Layla,Senior Chip Design Engineer,Liu,Taiwan,,,www.mediatek.com,8881780,0,0
ise6jn59c4jvm,Angela,Liu,Enterprise Software,Attended,vxcj0ijlmaefc,Adobe,US,angela.liu@adobe.com,Customer Success Manager,3,Enterprise Software,Adobe,US,,Angela,Customer Success Manager,Liu,United States,,,www.adobe.com,8175028,0,0
53qbklm6wg6a1,Jing,Sato,Enterprise Software,Attended,vat2eyf8aygra,Box,US,jing.sato@box.com,Staff Software Engineer,2,Enterprise Software,Box,US,,Jing,Staff Software Engineer,Sato,United States,,,www.box.com,8871652,0,0
h73r21l794stj,Franz,Larsen,Cloud & Infrastructure,Attended,vqenwlkm024fj,Elastic,NL,franz.larsen@elastic.co,Principal Solutions Architect,3,Cloud & Infrastructure,Elastic,NL,,Franz,Principal Solutions Architect,Larsen,Netherlands,,,www.elastic.co,7946658,0,0
8zbjjac9onqyq,Kofi,Weber,Cybersecurity,Attended,vpx17nqgfxrk1,Palo Alto Networks,US,kofi.weber@paloaltonetworks.com,Head of Information Security,1,Cybersecurity,Palo Alto Networks,US,,Kofi,Head of Information Security,Weber,United States,,,www.paloaltonetworks.com,8655767,0,0
w9bejam4rcers,Elizabeth,King,Enterprise Software,Attended,vw2vtcodaizhf,monday.com,IL,elizabeth.king@monday.com,"Account Executive, Enterprise",2,Enterprise Software,monday.com,IL,,Elizabeth,"Account Executive, Enterprise",King,Israel,,,www.monday.com,7576019,0,0
u08qg1ixbctp4,Jacob,Arora,Enterprise Software,Attended,vjyeu3qahkb4j,Oracle,US,jacob.arora@oracle.com,VP of Engineering,3,Enterprise Software,Oracle,US,,Jacob,VP of Engineering,Arora,United States,,,www.oracle.com,7345243,0,0
els2qtkeyw0nr,Charles,Taylor,Dev Tools & Platforms,Attended,vvvqfn0izh88r,PagerDuty,US,charles.taylor@pagerduty.com,Head of Developer Relations,1,Dev Tools & Platforms,PagerDuty,US,,Charles,Head of Developer Relations,Taylor,United States,,,www.pagerduty.com,7727933,0,0
e6uxtrazmduyh,Nomsa,Thomas,Enterprise Software,Attended,v2w9o8479r113,Atlassian,AU,nomsa.thomas@atlassian.com,Senior Solutions Engineer,3,Enterprise Software,Atlassian,AU,,Nomsa,Senior Solutions Engineer,Thomas,Australia,,,www.atlassian.com,8755291,0,0
f0v5vyk7cf2j4,Ana,Wright,Enterprise Software,Attended,vl3vv7rmn41r7,Oracle,US,ana.wright@oracle.com,Director of Engineering,3,Enterprise Software,Oracle,US,,Ana,Director of Engineering,Wright,United States,,,www.oracle.com,7611890,0,0
4lhbalhjhj3g2,Lars,Verma,IT Consulting & SI,No show,v4af8qmqhzw22,LTIMindtree,IN,lars.verma@ltimindtree.com,Technology Consultant,0,IT Consulting & SI,LTIMindtree,IN,,Lars,Technology Consultant,Verma,India,,,www.ltimindtree.com,8238483,0,0
vz8kkd2d96ik7,Melissa,Romano,IT Consulting & SI,Attended,vziemyxadluss,BCG X,US,melissa.romano@bcg.com,"Solution Architect, Digital",4,IT Consulting & SI,BCG X,US,,Melissa,"Solution Architect, Digital",Romano,United States,,,www.bcg.com,8905646,0,0
l12im29nnqpnj,Paul,Wagner,Enterprise Software,Attended,vi8fg7s1rdolp,ServiceNow,US,paul.wagner@servicenow.com,Engineering Manager,3,Enterprise Software,ServiceNow,US,,Paul,Engineering Manager,Wagner,United States,,,www.servicenow.com,7413262,0,0
1ochsxc1vvty9,Ji-Won,Morris,IT Consulting & SI,Attended,vfygg7k19evqb,Deloitte Technology,US,jiwon.morris@deloitte.com,Data & AI Practice Lead,3,IT Consulting & SI,Deloitte Technology,US,,Ji-Won,Data & AI Practice Lead,Morris,United States,,,www.deloitte.com,8614689,0,0
azalhttosrf04,Fatimah,Choi,Staff,No show,vf69ac9t6p07h,TechForward Organising Committee,SG,fatimah.choi@techforwardsummit.com,Technical Support Specialist,0,Staff,TechForward Organising Committee,SG,,Fatimah,Technical Support Specialist,Choi,Singapore,,,www.techforwardsummit.com,8509056,0,0
jnlmk3k6zxsfl,Jae-Won,Joshi,AI & Data,Attended,vml0xw0hija6b,Cohere,CA,jaewon.joshi@cohere.com,Senior Data Scientist,4,AI & Data,Cohere,CA,,Jae-Won,Senior Data Scientist,Joshi,Canada,,,www.cohere.com,8459697,0,0
1omnwkcut54eh,Charles,Watanabe,Enterprise Software,Attended,vxl20iforrll5,Microsoft,US,charles.watanabe@microsoft.com,Head of Growth,2,Enterprise Software,Microsoft,US,,Charles,Head of Growth,Watanabe,United States,,,www.microsoft.com,8487548,0,0
q4ay94eh1ewcf,Na,Reddy,Staff,Attended,v5yb35o0aqt1z,TechForward Organising Committee,SG,na.reddy@techforwardsummit.com,Technical Support Specialist,4,Staff,TechForward Organising Committee,SG,,Na,Technical Support Specialist,Reddy,Singapore,,,www.techforwardsummit.com,8040918,0,0
vpnx4yk1w031m,Fazilah,Sharma,Enterprise Software,No show,vpyynq66q73sm,SAP,DE,fazilah.sharma@sap.com,Chief Product Officer,0,Enterprise Software,SAP,DE,,Fazilah,Chief Product Officer,Sharma,Germany,,,www.sap.com,7034548,0,0
oda6uq9f27sjc,Henrik,Cooper,Hardware & Semiconductors,Attended,vnfq7n6ww12tp,Arm Holdings,GB,henrik.cooper@arm.com,AI Hardware Architect,4,Hardware & Semiconductors,Arm Holdings,GB,,Henrik,AI Hardware Architect,Cooper,United Kingdom,,,www.arm.com,8725870,0,0
t3e9vaujidz17,Hyun,Hassan,Cloud & Infrastructure,Attended,v7b9ol25imzts,Confluent,US,hyun.hassan@confluent.io,Platform Engineer,1,Cloud & Infrastructure,Confluent,US,,Hyun,Platform Engineer,Hassan,United States,,,www.confluent.io,8139526,0,0
bgrt4lbjk66ke,Melissa,Park,IT Consulting & SI,Attended,v9jfo2atz4c3i,Thoughtworks,US,melissa.park@wipro.com,Technology Consultant,3,IT Consulting & SI,Thoughtworks,US,,Melissa,Technology Consultant,Park,United States,,,www.thoughtworks.com,7902750,0,0
crk7sooitbtob,Lucas,Torres,Dev Tools & Platforms,Attended,va84iydngpp55,Sentry,US,lucas.torres@sentry.io,Head of Developer Relations,3,Dev Tools & Platforms,Sentry,US,,Lucas,Head of Developer Relations,Torres,United States,,,www.sentry.io,7832133,0,0
h0wz3oub93jsr,Ama,King,Cybersecurity,Attended,vzms1208wu55c,Fortinet,US,ama.king@fortinet.com,CISO,2,Cybersecurity,Fortinet,US,,Ama,CISO,King,United States,,,www.fortinet.com,7385673,0,0
yeq7kotkunurl,Ibrahim,Seah,Cloud & Infrastructure,Attended,vq17dehelyjrg,Google Cloud,US,ibrahim.seah@cloud.google.com,VP of Engineering,3,Cloud & Infrastructure,Google Cloud,US,,Ibrahim,VP of Engineering,Seah,United States,,,www.cloud.google.com,7809998,0,0
0twpwhvf8esdw,Khairul,Agarwal,Enterprise Software,Attended,vh83316zfffke,ServiceNow,US,khairul.agarwal@servicenow.com,"Account Executive, Enterprise",3,Enterprise Software,ServiceNow,US,,Khairul,"Account Executive, Enterprise",Agarwal,United States,,,www.servicenow.com,8489852,0,0
vo8pm4y2mgbnc,Fazilah,Ferrari,Media/Press,Attended,vprcwfbyach4l,MIT Technology Review,US,fazilah.ferrari@technologyreview.com,Tech Reporter,2,Media/Press,MIT Technology Review,US,,Fazilah,Tech Reporter,Ferrari,United States,,,www.technologyreview.com,7832832,0,0
9etn0e95vz90f,Sakura,Mensah,Cybersecurity,Attended,v16h5p51eh7xg,CrowdStrike,US,sakura.mensah@crowdstrike.com,SOC Analyst,3,Cybersecurity,CrowdStrike,US,,Sakura,SOC Analyst,Mensah,United States,,,www.crowdstrike.com,8493870,0,0
2j6wczjx59r04,Nadia,Walker,Enterprise Software,Attended,vyhrpwskv4w6v,Intuit,US,nadia.walker@intuit.com,VP of Sales,2,Enterprise Software,Intuit,US,,Nadia,VP of Sales,Walker,United States,,,www.intuit.com,8278475,0,0
z8zrr60si399u,George,Pedersen,IT Consulting & SI,Attended,vey09ahk6r92z,Cognizant,US,george.pedersen@cognizant.com,Associate Director,4,IT Consulting & SI,Cognizant,US,,George,Associate Director,Pedersen,United States,,,www.cognizant.com,7029800,0,0
7r7o0y7lpsv0f,Judith,Rogers,IT Consulting & SI,Attended,vhsoi58bdytgx,Accenture,IE,judith.rogers@accenture.com,Managing Consultant,4,IT Consulting & SI,Accenture,IE,,Judith,Managing Consultant,Rogers,Ireland,,,www.accenture.com,7185077,0,0
r84ujmkoghc99,Deepak,Park,Cloud & Infrastructure,No show,vhzyzte8btq78,Amazon Web Services,US,deepak.park@aws.amazon.com,Cloud Architect,0,Cloud & Infrastructure,Amazon Web Services,US,,Deepak,Cloud Architect,Park,United States,,,www.aws.amazon.com,8132278,0,0
a3lqbwp4nlf8q,Akiko,Webb,Cybersecurity,Attended,vvjqs4cptr5e7,SentinelOne,US,akiko.webb@sentinelone.com,Director of Cybersecurity,3,Cybersecurity,SentinelOne,US,,Akiko,Director of Cybersecurity,Webb,United States,,,www.sentinelone.com,8472759,0,0
93z9qblzzbln9,Rania,Sanchez,Enterprise Software,Attended,veqrjo4rle9gg,ServiceNow,US,rania.sanchez@servicenow.com,Principal Product Manager,3,Enterprise Software,ServiceNow,US,,Rania,Principal Product Manager,Sanchez,United States,,,www.servicenow.com,7863196,0,0
r1q9z3ig3nhrc,Kenji,Yap,AI & Data,Attended,voskpscebpuwf,Databricks,US,kenji.yap@databricks.com,VP of Data & Analytics,1,AI & Data,Databricks,US,,Kenji,VP of Data & Analytics,Yap,United States,,,www.databricks.com,7215597,0,0
ayjl599gi9myu,Mei,Feng,IT Consulting & SI,Attended,vq99pws8x7gfl,Capgemini,FR,mei.feng@capgemini.com,Senior Technology Consultant,3,IT Consulting & SI,Capgemini,FR,,Mei,Senior Technology Consultant,Feng,France,,,www.capgemini.com,8344979,0,0
7lpwkwlabsmyj,Naomi,Sato,Dev Tools & Platforms,Attended,ve8m1wfq717y5,Stripe,US,naomi.sato@stripe.com,Platform Product Manager,3,Dev Tools & Platforms,Stripe,US,,Naomi,Platform Product Manager,Sato,United States,,,www.stripe.com,8480848,0,0
rm9xxk7ttma00,Fazilah,King,Cybersecurity,Attended,v8wbgpfwcinvs,CyberArk,IL,fazilah.king@cyberark.com,SOC Analyst,2,Cybersecurity,CyberArk,IL,,Fazilah,SOC Analyst,King,Israel,,,www.cyberark.com,7023237,0,0
nzjee1b34rqvz,Charlotte,Rossi,Enterprise Software,Attended,vyie8mylacydc,Microsoft,US,charlotte.rossi@microsoft.com,Chief Technology Officer,1,Enterprise Software,Microsoft,US,,Charlotte,Chief Technology Officer,Rossi,United States,,,www.microsoft.com,8101931,0,0
gosgjeu3wy9tm,Dylan,Foo,Dev Tools & Platforms,Attended,vtrze6b8rp8zt,PagerDuty,US,dylan.foo@pagerduty.com,Community Manager,3,Dev Tools & Platforms,PagerDuty,US,,Dylan,Community Manager,Foo,United States,,,www.pagerduty.com,8777419,0,0
uy5j3n6mm042q,Mateus,Dey,IT Consulting & SI,Attended,vtcwzuvqec7dx,McKinsey Digital,US,mateus.dey@mckinsey.com,"Solution Architect, Digital",3,IT Consulting & SI,McKinsey Digital,US,,Mateus,"Solution Architect, Digital",Dey,United States,,,www.mckinsey.com,8700754,0,0
m7g5gvjpkkkjk,Thomas,Cox,Cloud & Infrastructure,No show,vyonp5boi5afq,Akamai Technologies,US,thomas.cox@akamai.com,Staff Infrastructure Engineer,0,Cloud & Infrastructure,Akamai Technologies,US,,Thomas,Staff Infrastructure Engineer,Cox,United States,,,www.akamai.com,8860987,0,0
4a27dzw4i3642,Thomas,Mishra,IT Consulting & SI,Attended,v2idc5viriiqu,Infosys,IN,thomas.mishra@infosys.com,Managing Consultant,3,IT Consulting & SI,Infosys,IN,,Thomas,Managing Consultant,Mishra,India,,,www.infosys.com,8004122,0,0
zmage3ww5chak,Hiroshi,Yoon,Enterprise Software,Attended,v55zx6b0rkw7c,Workday,US,hiroshi.yoon@workday.com,VP of Product,2,Enterprise Software,Workday,US,,Hiroshi,VP of Product,Yoon,United States,,,www.workday.com,8982785,0,0
8lhpwf5xk1syf,Alejandro,Suzuki,Enterprise Software,Attended,v8z1r505s34cg,Atlassian,AU,alejandro.suzuki@atlassian.com,"Account Executive, Enterprise",1,Enterprise Software,Atlassian,AU,,Alejandro,"Account Executive, Enterprise",Suzuki,Australia,,,www.atlassian.com,8669351,0,0
ygru244u236i2,Timothy,Brown,IT Consulting & SI,Attended,vy0jhpbggbaxr,Publicis Sapient,FR,timothy.brown@publicissapient.com,Agile Delivery Lead,2,IT Consulting & SI,Publicis Sapient,FR,,Timothy,Agile Delivery Lead,Brown,France,,,www.publicissapient.com,7401192,0,0
2o5nmxafxyuc7,Aoi,King,IT Consulting & SI,Attended,vvveg6uia1nj0,Publicis Sapient,FR,aoi.king@publicissapient.com,Associate Director,1,IT Consulting & SI,Publicis Sapient,FR,,Aoi,Associate Director,King,France,,,www.publicissapient.com,8079660,0,0
4rc05zj8takux,Chloe,Iyer,IT Consulting & SI,No show,vdrh4k4jken2c,IBM Consulting,US,chloe.iyer@ibm.com,Agile Delivery Lead,0,IT Consulting & SI,IBM Consulting,US,,Chloe,Agile Delivery Lead,Iyer,United States,,,www.ibm.com,8837175,0,0
tcmbvptgsivhx,Pranav,Reddy,Enterprise Software,Attended,vlwi1cuf8gq8d,Sprinklr,US,pranav.reddy@sprinklr.com,Senior Product Manager,3,Enterprise Software,Sprinklr,US,,Pranav,Senior Product Manager,Reddy,United States,,,www.sprinklr.com,8007557,0,0
9yv8b80c3bx6i,Catherine,Harris,Cloud & Infrastructure,Attended,vb3stv3cifsm4,Snowflake,US,catherine.harris@snowflake.com,Developer Advocate,3,Cloud & Infrastructure,Snowflake,US,,Catherine,Developer Advocate,Harris,United States,,,www.snowflake.com,8363718,0,0
ur6qw8k0rep1k,Hye-Jin,Das,IT Consulting & SI,Attended,vtlvihn20bwd7,Infosys,IN,hyejin.das@infosys.com,Director of Technology,3,IT Consulting & SI,Infosys,IN,,Hye-Jin,Director of Technology,Das,India,,,www.infosys.com,7787713,0,0
2uhejyccd0bcq,Greta,Tran,AI & Data,Attended,vkju9yudv35gs,NVIDIA,US,greta.tran@nvidia.com,Head of Data Science,2,AI & Data,NVIDIA,US,,Greta,Head of Data Science,Tran,United States,,,www.nvidia.com,8642876,0,0
mvi1v0i8gpw3o,Laura,Laurent,Enterprise Software,No show,v4dp632f93ntc,Workday,US,laura.laurent@workday.com,Solutions Architect,0,Enterprise Software,Workday,US,,Laura,Solutions Architect,Laurent,United States,,,www.workday.com,8218573,0,0
oxjcbx92o1rvm,Ahmad,Hill,VC & Private Equity,Attended,vi145201v5zd0,Lightspeed Venture Partners,US,ahmad.hill@lsvp.com,General Partner,3,VC & Private Equity,Lightspeed Venture Partners,US,,Ahmad,General Partner,Hill,United States,,,www.lsvp.com,8177626,0,0
d71286hkfd9jm,Elena,Rodriguez,Cloud & Infrastructure,No show,vz5k9yeldaug7,MongoDB,US,elena.rodriguez@mongodb.com,Principal Solutions Architect,0,Cloud & Infrastructure,MongoDB,US,,Elena,Principal Solutions Architect,Rodriguez,United States,,,www.mongodb.com,8318492,0,0
8mvgbmeof46lf,Arjun,Esposito,Enterprise Software,Attended,v2sabvoanpa4s,Sprinklr,US,arjun.esposito@sprinklr.com,Solutions Architect,2,Enterprise Software,Sprinklr,US,,Arjun,Solutions Architect,Esposito,United States,,,www.sprinklr.com,8146231,0,0
15egv10k6m7zv,Anita,Watanabe,Hardware & Semiconductors,Attended,vorxc448go0k4,AMD,US,anita.watanabe@amd.com,Principal VLSI Engineer,4,Hardware & Semiconductors,AMD,US,,Anita,Principal VLSI Engineer,Watanabe,United States,,,www.amd.com,7377283,0,0
rhpxxz9xx5fzh,Diego,Adeyemi,Enterprise Software,Attended,vfefpq50o0fjk,Oracle,US,diego.adeyemi@oracle.com,Solutions Architect,3,Enterprise Software,Oracle,US,,Diego,Solutions Architect,Adeyemi,United States,,,www.oracle.com,7288513,0,0
2wkjyvdl1cexh,Frank,Trivedi,AI & Data,Attended,vtrwc4wakef72,NVIDIA,US,frank.trivedi@nvidia.com,Senior Data Scientist,3,AI & Data,NVIDIA,US,,Frank,Senior Data Scientist,Trivedi,United States,,,www.nvidia.com,7528008,0,0
tps9o5srpuc8e,Xin,Hidayat,VC & Private Equity,Attended,vylb0wvy2jkqq,Accel,US,xin.hidayat@accel.com,Principal,3,VC & Private Equity,Accel,US,,Xin,Principal,Hidayat,United States,,,www.accel.com,8237466,0,0
3pewk7fsveegs,Sofia,Lee,IT Consulting & SI,No show,v19ilpeb94sar,Accenture,IE,sofia.lee@accenture.com,"Partner, Technology Practice",0,IT Consulting & SI,Accenture,IE,,Sofia,"Partner, Technology Practice",Lee,Ireland,,,www.accenture.com,7296165,0,0